text,category,source,group,split
"my smartwatch arrived saoking wet and the box was falling apart, the item itself is stained. thank you",damaged_item,template,damaged_item:core8,train
I do not know how I can check the status of my rebate,refund_request,bitext,bitext:i do not know how i can check the status of my rebate,train
My water bottle was due on Sunday and it never showed up. Just curious. Thank you!,delivery_delay,template,delivery_delay:core20,train
"I got order ORD-81211 today and the stand mixer is completely shattered inside the packaging. Regards, Fatima",damaged_item,template,damaged_item:core10,train
"Good morning, The picture frame I purchased came with a snapped part, unusable as is. Thanks.",damaged_item,template,damaged_item:core15,train
"Good morning, How long do refunds usually take to process? Regards, Priya",refund_request,template,refund_request:core11,train
how do i cancel order #91959,cancellation,bitext,bitext:how do i cancel order order number,train
assistance seeing in what cases can I ask to be reimbursed,refund_request,bitext,bitext:assistance seeing in what cases can i ask to be reimbursed,train
could I see in what situations can I request my money back?,refund_request,bitext,bitext:could i see in what situations can i request my money back,train
"Hi, I got order #45365 today and the rice cooker is completely shattered inside the packaging. I can send my receipt if needed. Thanks in advance.",damaged_item,template,damaged_item:core10,train
"To whom it may concern, I was told it would arrive by Sunday. It's now 3 days past that!! I'm seriously considering never ordering from here again.",delivery_delay,template,delivery_delay:core23,train
"Good morning, My mirror arrived soaking wet and the box was falling apart, the item itself is stained. Thanks.",damaged_item,template,damaged_item:core8,train
where to check the current status of order 86380,order_status,bitext,bitext:where to check the current status of order order number,train
"Hey, The estimated delivery date has already passed and I still haven't received my rice cooker. Thanks in advance.",delivery_delay,template,delivery_delay:core1,train
received a defective rice cooker,damaged_item,template,damaged_item:short7,train
"Hello team, I was promised delivery days ago and it's still not here. Thanks.",delivery_delay,template,delivery_delay:core6,train
"Hey, I'd like an ETA for my laptop stand, please.",order_status,template,order_status:core22,train
I'm not satisfied with the mechanical keyboard and would like my money back.,refund_request,template,refund_request:core14,train
"My package was supposed to arrive 5 days ago and it's still not here, no courier updates. Thanks in advance.",delivery_delay,template,delivery_delay:core0,train
"hey, i got the suitcase today but it's broken. i can send photos. thanks in advance",damaged_item,template,damaged_item:core24,train
"The package is overdue by two weeks and the courier won't give me a new date. Regards, Priya",delivery_delay,template,delivery_delay:core26,train
"Hi there, I got order #14674 today and the coffee maker is completely shattered inside the packaging.",damaged_item,template,damaged_item:core10,train
"order 74260 late it's not a big deal, just wanted to ask",delivery_delay,template,delivery_delay:short3,train
"Hello, Tracking says 'out for delivery' since yesterday but nothing has shown up. Appreciate any info. Regards, Alex",delivery_delay,template,delivery_delay:core3,train
"Hi, What material is the robot vacuum made of? I'm seriously considering never ordering from here again.",product_question,template,product_question:core5,train
When will my refund of $401.97 show up on my card? Just curious. Thanks in advance.,refund_request,template,refund_request:core2,train
I cannot see order ORD-49132 status,order_status,bitext,bitext:i cannot see order order number status,train
cancel the camera tripod,cancellation,template,cancellation:short9,train
"To whom it may concern, The carrier keeps saying 'delivery exception' and my air fryer is now late. Please advise.",delivery_delay,template,delivery_delay:core22,train
"Hello, I requested a cancellation for order #84469 but it still shows as active. No rush on this.",cancellation,template,cancellation:core17,val
"To whom it may concern, What material is the night lamp made of? I've been waiting a long time for this. Cheers, Priya",product_question,template,product_question:core5,train
my desk lamp is overdue,delivery_delay,template,delivery_delay:short1,test
"Hello team, The blender arrived with missing pieces and a cracked casing. Thanks in advance.",damaged_item,template,damaged_item:core11,train
want help cancelling purchase ORD-82309,cancellation,bitext,bitext:want help cancelling purchase order number,train
"Hey, The laptop stand I ordered came with a large tear. It looks like it was damaged before packing. Cheers, Aisha",damaged_item,template,damaged_item:core3,val
"The delivery date keeps changing every time I check, it's now well past the original estimate. Please respond ASAP.",delivery_delay,template,delivery_delay:core10,train
"Hello team, I requested a cancellation for order ORD-24608 but it still shows as active. Kind of annoyed at this point. Regards, Fatima",cancellation,template,cancellation:core17,val
"Hi there, There's no cancel button on my order page. How do I cancel order #12363?",cancellation,template,cancellation:core10,train
"hey, i was charged twice for order ord-69574, please refund the duplicate charge. this is urgent, i need it for my son's birthday on friday. cheers, alex",refund_request,template,refund_request:core10,train
how can i see order #13718 status,order_status,bitext,bitext:how can i see order order number status,train
"Hey, What is your refund policy for items that have been opened? Regards, Maria",refund_request,template,refund_request:core6,train
"Hello, I changed my mind, please cancel my order before it's sent. Hope you're having a good day! Thank you!",cancellation,template,cancellation:core12,test
i have a question about cancelling oorder #13278,cancellation,bitext,bitext:i have a question about cancelling oorder order number,test
can you help me obtaining a compensation?,refund_request,bitext,bitext:can you help me obtaining a compensation,train
how do refunds work Whenever you get a chance.,refund_request,template,refund_request:short6,train
"Hello, My package was supposed to arrive 6 days ago and it's still not here, no courier updates. Kind of annoyed at this point. Thanks in advance.",delivery_delay,template,delivery_delay:core0,train
i try to check the ETA of the order ORD-86619 I need this sorted out today.,order_status,bitext,bitext:i try to check the eta of the order order number,train
I can send my receipt if needed. i don want order #84177 I'd like to cancel it,cancellation,bitext,bitext:i don want order order number id like to cancel it,test
"What's the difference between the two water bottle models on your site? Not happy about this at all. Cheers, Aisha",product_question,template,product_question:core10,train
"Hello, My package showed up today but the picture frame inside is dented and doesn't work anymore. Let me know what you need from me.",damaged_item,template,damaged_item:core2,train
Hope you're having a good day! i need help to obtain compensations,refund_request,bitext,bitext:i need help to obtain compensations,test
"Hi, My package is significantly overdue. Please treat this as a priority, I'm travelling soon.",delivery_delay,template,delivery_delay:core17,train
"hey, half of the smartwatch was smashed when i opened the package. no rush on this",damaged_item,template,damaged_item:core18,train
"hello team, you refunded me in store credit but i want the money back on my card. it's time-sensitive. thanks in advance",refund_request,template,refund_request:core19,test
"Good morning, My order is late. It was supposed to be here already. Hope you're having a good day! Thank you!",delivery_delay,template,delivery_delay:core24,train
i want assistance canceling order #57052,cancellation,bitext,bitext:i want assistance canceling order order number,train
"Hi there, It's been a week past the delivery estimate and the courier still hasn't delivered my yoga mat. Thanks in advance.",delivery_delay,template,delivery_delay:core9,train
"To whom it may concern, What material is the winter jacket made of? Thank you!",product_question,template,product_question:core5,train
order ORD-73807 arrived damaged,damaged_item,template,damaged_item:short5,train
I need help with cancelling purhase #89415,cancellation,bitext,bitext:i need help with cancelling purhase order number,train
money back for smratwatch,refund_request,template,refund_request:short8,train
"Hello team, Why is my delivery taking so long? It was supposed to arrive last week!! This is the third time I've contacted you about this. Thanks in advance.",delivery_delay,template,delivery_delay:core2,train
"Hi, Can I get the duvet cover engraved or personalized? Cheers, Aisha",product_question,template,product_question:core22,val
"Hi, The estimated delivery date has already passed and I still haven't received my night lamp. Thank you!",delivery_delay,template,delivery_delay:core1,train
"my coffee maker order has been in transit for 5 days, way longer than the delivery estimate. please advise",delivery_delay,template,delivery_delay:core14,test
item damaged in shipping i shouldn't have to chsae you for this,damaged_item,template,damaged_item:short2,train
cancelling purchase ORD-31178,cancellation,bitext,bitext:cancelling purchase order number,train
"Hello, Has my payment for order ORD-83067 gone through? The status hasn't changed.",order_status,template,order_status:core24,train
"Good morning, My order page says 'in transit'. Which carrier is delivering it? Please advise.",order_status,template,order_status:core20,train
My email is the one on the account. want help seeing purchase ORD-39949 status,order_status,bitext,bitext:want help seeing purchase order number status,test
"Hi, I received my order but the blender is cracked right out of the box. Thanks.",damaged_item,template,damaged_item:core4,test
"Hi there, The return email said the refund takes 5 days but it's been 5 days. It's time-sensitive. Thank you!",refund_request,template,refund_request:core9,test
I will be leaving a one-star review. help to see the current status of purchase #28818,order_status,bitext,bitext:help to see the current status of purchase order number,test
"Hey, I haven't gotten any email updates since I placed my order. Can you check where it is? I'm pretty disappointed, honestly. Cheers, Luca",order_status,template,order_status:core7,val
"how do I see if there are any updates on my compensation? I'm pretty disappointed, honestly.",refund_request,bitext,bitext:how do i see if there are any updates on my compensation,test
"Hi, This is the second delay notice I've received for order #62957. What's going on? Please advise.",delivery_delay,template,delivery_delay:core16,train
"good morning, my order is late. it was supposed to be here already. thank you",delivery_delay,template,delivery_delay:core24,train
"I have paid $51 for these articles, I need to get a rebate Not happy about this at all.",refund_request,bitext,bitext:i have paid currency symbolrefund amount for these articles i need to get a rebate,train
"Good morning, My order #86227 was marked 'delayed' with no explanation and no new delivery date given. Hope you're having a good day! Cheers, Alex",delivery_delay,template,delivery_delay:core11,test
How long do refunds usually take to process? I can send my receipt if needed. Thanks in advance.,refund_request,template,refund_request:core11,train
"Good morning, I changed my mind about the car seat cover. Can I return it and get a refund? I shouldn't have to chase you for this.",refund_request,template,refund_request:core12,val
demanding rebate of money,refund_request,bitext,bitext:demanding rebate of money,test
assistance to see order #54541 current status,order_status,bitext,bitext:assistance to see order order number current status,train
is the bluetooth speaker available in other colors? thanks,product_question,template,product_question:core1,train
"Hello, I got order #21453 today and the backpack is completely shattered inside the packaging. Please advise.",damaged_item,template,damaged_item:core10,train
sneakers is dented,damaged_item,template,damaged_item:short8,val
"hi there, is it too late to cancel order #33185? it stll says processing",cancellation,template,cancellation:core6,train
"Hi there, Does the bookshelf come with a warranty?",product_question,template,product_question:core0,val
"hello, the estimated delivery date has already passed and i still haven't received my kitchen scale. i can send my receipt if needed. thank you",delivery_delay,template,delivery_delay:core1,train
My order #72898 was marked 'delayed' with no explanation and no new delivery date given. Thanks in advance.,delivery_delay,template,delivery_delay:core11,test
I have a question about canceling order 91439,cancellation,bitext,bitext:i have a question about canceling order order number,train
"Hello team, My duvet cover was due on Sunday and it never showed up. I'm seriously considering never ordering from here again. Please advise.",delivery_delay,template,delivery_delay:core20,train
I'd like to cancel my desk lamp order before it ships. Kind of annoyed at this point. Thank you!,cancellation,template,cancellation:core1,train
"Good morning, My order is late. It was supposed to be here already. I will be leaving a one-star review.",delivery_delay,template,delivery_delay:core24,train
"To whom it may concern, I ordered the wrong duvet cover by mistake, can you cancel it? Appreciate any info. Thanks in advance.",cancellation,template,cancellation:core2,train
I try to see purchase #47627 current status,order_status,bitext,bitext:i try to see purchase order number current status,train
what do i have to do to see the status of purchase ORD-40613,order_status,bitext,bitext:what do i have to do to see the status of purchase order number,train
"Hey, Received order 16018 and the stand mixer is defective, it has a big crack down the side. Appreciate any info. Cheers, Tom",damaged_item,template,damaged_item:core22,train
order status,order_status,bitext,bitext:order status,val
robot vacuum size guide,product_question,template,product_question:short5,train
help me checking the goddamn status of the compensation,refund_request,bitext,bitext:help me checking the goddamn status of the compensation,train
"hi there, what's the difference between the two robot vacuum models on your site? i'm usually home in the afternoons. thanks",product_question,template,product_question:core10,train
does the desk lamp come in black,product_question,template,product_question:short3,train
"Hi, Is there a bigger size of the winter jacket?",product_question,template,product_question:core15,train
I have got to cancel order #19710,cancellation,bitext,bitext:i have got to cancel order order number,train
why is my delivery so late i'm usually home in the afternoons,delivery_delay,template,delivery_delay:short7,train
i do not know how i can check the eta of order #79066,order_status,bitext,bitext:i do not know how i can check the eta of order order number,train
cancel before shipping,cancellation,template,cancellation:short7,train
i dont know how to check ther status of purchase ORD-50562,order_status,bitext,bitext:i dont know how to check ther status of purchase order number,train
"can the throw blanket be used outdoors!! i want someone to call me back today. regards, fatima",product_question,template,product_question:core7,train
"hi, just checking in on order #63060. when will it ship? thanks in advance",order_status,template,order_status:core1,val
assistance with canceling oreder #54473,cancellation,bitext,bitext:assistance with canceling oreder order number,train
"Good morning, The headphones was damaged in transit, the corner is crushed and it won't turn on. My email is the one on the account. Please advise.",damaged_item,template,damaged_item:core21,train
what is purchase #39188 status,order_status,bitext,bitext:what is purchase order number status,test
parcel stuck in transit a week,delivery_delay,template,delivery_delay:short6,train
I have got to track purchase #44782,order_status,bitext,bitext:i have got to track purchase order number,train
does the picture frame come in black Appreciate any info.,product_question,template,product_question:short3,train
help me checking in what cases can I ask for  reimbursements,refund_request,bitext,bitext:help me checking in what cases can i ask for reimbursements,val
"hello team, what is your refund policy for iems that have been opened? my email is the one on the account. cheers, fatmia",refund_request,template,refund_request:core6,train
I need help to check the current status of order 71925,order_status,bitext,bitext:i need help to check the current status of order order number,train
"Hello team, When is my coffee maker expected to arrive?",order_status,template,order_status:core25,train
"Hello, Is order 90354 still on schedule for delivery? Whenever you get a chance. Regards, Chen",order_status,template,order_status:core21,train
"to whom it may concern, the rteurn email said the refund takes 5 days but it's been two weeks. it's not a big deal, just wanted to ask. thank you",refund_request,template,refund_request:core9,test
i have a provlem with cancelling order #96706,cancellation,bitext,bitext:i have a provlem with cancelling order order number,val
"Hi there, Does the electric kettle ship with a charger? Please treat this as a priority, I'm travelling soon. Thanks.",product_question,template,product_question:core11,train
"Hi, I placed my order 5 days ago and it still says processing. Can you check on it? Whenever you get a chance. Thanks.",order_status,template,order_status:core0,train
I want help cancellkng purchase #88504,cancellation,bitext,bitext:i want help cancellkng purchase order number,train
"Good morning, Does the smartwatch work with 220V outlets abroad? Cheers, Luca",product_question,template,product_question:core18,val
"Good morning, I changed my mind about the garden hose. Can I return it and get a refund? Cheers, Fatima",refund_request,template,refund_request:core12,val
"i need assistance to cancel order #98039 I'm pretty disappointed, honestly.",cancellation,bitext,bitext:i need assistance to cancel order order number,test
"Hello team, My order #45648 was marked 'delayed' with no explanation and no new delivery date given.",delivery_delay,template,delivery_delay:core11,test
"Hello team, I'd like to cancel my pre-order for the running shoes. Thanks in advance.",cancellation,template,cancellation:core15,val
"I have to check my restitution current status, how to do it?",refund_request,bitext,bitext:i have to check my restitution current status how to do it,train
what do I need to do to cancel purchase #81200?,cancellation,bitext,bitext:what do i need to do to cancel purchase order number,test
where do i check the current status of purchase ORD-68979,order_status,bitext,bitext:where do i check the current status of purchase order number,train
I got the camera tripod today but it's broken. I can send photos. Please advise.,damaged_item,template,damaged_item:core24,train
"Good morning, What does 'label created' mean on my tracking? Has it actually been picked up? I shouldn't have to chase you for this. Regards, Priya",order_status,template,order_status:core17,test
"good morning, i'd like to cancel my bookshelf order before it ships. thank you",cancellation,template,cancellation:core1,train
"To whom it may concern, The robot vacuum was damaged in transit, the corner is crushed and it won't turn on. Please advise.",damaged_item,template,damaged_item:core21,train
refund  $209,refund_request,bitext,bitext:refund currency symbolrefund amount,train
"Hello team, The return email said the refund takes 5 days but it's been 6 days. Honestly I'm at my wits' end. Thank you!",refund_request,template,refund_request:core9,test
"Hi, The estimated delivery date has already passed and I still haven't received my coffee maker. Cheers, Alex",delivery_delay,template,delivery_delay:core1,train
"Hey, Will the phone case be back in stock soon? Thanks.",product_question,template,product_question:core4,train
"Hi, Is there a bigger size of the desk lamp? Regards, Aisha",product_question,template,product_question:core15,train
"Hello, Do I get the shipping fee back if I return the kitchen scale?",refund_request,template,refund_request:core17,test
"Hi, MY PACKAGE WAS SUPPOSED TO ARRIVE 10 DAYS AGO AND IT'S STILL NOT HERE, NO COURIER UPDATES!! Absolutely ridiculous. Thank you!",delivery_delay,template,delivery_delay:core0,train
tent material?,product_question,template,product_question:short9,train
"Hey, Can I cancel order 47296 if it has already shipped? Cheers, Chen",cancellation,template,cancellation:core13,test
"Good morning, What's the difference between the two kitchen scale models on your site? Cheers, Chen",product_question,template,product_question:core10,train
"to whom it may concern, does the electric kettle come with a warranty? honestly i'm at my wits' end. thank you",product_question,template,product_question:core0,val
"hi there, is the running shoes you sell the latest model? please respond asap. regards, maira",product_question,template,product_question:core17,train
"Hello, My package was supposed to arrive over a week ago and it's still not here, no courier updates. Regards, Jordan",delivery_delay,template,delivery_delay:core0,train
help cancelling purchase #59672,cancellation,bitext,bitext:help cancelling purchase order number,train
"To whom it may concern, Does the toolset ship with a charger? My email is the one on the account. Please advise.",product_question,template,product_question:core11,train
"Hello, My stand mixer arrived dented and I'd like a replacement!! It's a gift for an event this weekend so I really need an answer now.",damaged_item,template,damaged_item:core17,train
I want help to see order ORD-51505 status,order_status,bitext,bitext:i want help to see order order number status,val
"Hi, Please cancel my purchase of the duvet cover and confirm by email. Cheers, Tom",cancellation,template,cancellation:core11,train
"to whom it may concern, i'm sitll waiting on order ord-44760 that was due 5 days ago. kind of annoyed at this point. thanks in advance",delivery_delay,template,delivery_delay:core19,train
"Hey, Does the kitchen scale come with a warranty? It's not a big deal, just wanted to ask. Regards, Sam",product_question,template,product_question:core0,val
"Hello, My package is significantly overdue. I need this sorted out today. Cheers, Alex",delivery_delay,template,delivery_delay:core17,train
"To whom it may concern, I want to cancel the electric kettle from my order but keep the rest. Cheers, Maria",cancellation,template,cancellation:core9,train
"To whom it may concern, Please cancel the duvet cover order, my address is wrong and I'll reorder. I can send my receipt if needed. Please advise.",cancellation,template,cancellation:core16,train
tracking number for #58773?,order_status,template,order_status:short2,train
"Hey, My toolset arrived soaking wet and the box was falling apart, the item itself is stained. I need this sorted out today.",damaged_item,template,damaged_item:core8,train
"Hey, I accidentally placed the same order twice. Please cancel one of them. I'm usually home in the afternoons. Regards, Luca",cancellation,template,cancellation:core7,train
"Hi there, Does the office chair need batteries or does it plug in? I ordered it as a gift. Please advise.",product_question,template,product_question:core6,test
"hey, cancel my order please, i found it cheaper elsewhere. i'm usually home in the afternoons",cancellation,template,cancellation:core4,train
i cant see the current status of purchase #66244,order_status,bitext,bitext:i cant see the current status of purchase order number,test
"To whom it may concern, Is my package still on track to arrive this week? I can't find any status update. Let me know what you need from me. Please advise.",order_status,template,order_status:core8,train
Does the board game have a sleep or auto-off mode? This is the third time I've contacted you about this. Thanks in advance.,product_question,template,product_question:core20,train
received a dfective wireless mouse,damaged_item,template,damaged_item:short7,train
"Hello, I'D LIKE A REFUND FOR ORDER #95177, THE MONITOR ISN'T WHAT I EXPECTED. This is completely unacceptable!! Thank you!",refund_request,template,refund_request:core1,test
I want assistance to check hte ETA of order ORD-15936 I can send my receipt if needed.,order_status,bitext,bitext:i want assistance to check hte eta of order order number,train
"To whom it may concern, This is the second delay notice I've received for order #95230. What's going on? I can send my receipt if needed. Cheers, Chen",delivery_delay,template,delivery_delay:core16,train
"Hello, When will my refund of $265.40 show up on my card? I expected better from your store. Regards, Maria",refund_request,template,refund_request:core2,train
"Good morning, Is the air fryer suitable for a beginner? This is really frustrating. Cheers, Tom",product_question,template,product_question:core13,train
"Hi there, Is order ORD-27991 still on schedule for delivery? It's not a big deal, just wanted to ask. Regards, Fatima",order_status,template,order_status:core21,train
Can you give me an update on my order status? I haven't received a shipping confirmation for my electric kettle yet. I ordered it as a gift.,order_status,template,order_status:core2,train
"To whom it may concern, Is the tent available in other colors?",product_question,template,product_question:core1,train
"Hey, This is the second delay notice I've received for order 78920. What's going on? I ordered it as a gift. Thank you!",delivery_delay,template,delivery_delay:core16,train
"Good morning, My order arrived with the box soaked and the bookshelf inside no longer works. Thanks.",damaged_item,template,damaged_item:core14,train
Does the water bottle come with a warranty? Absolutely ridiculous. Please advise.,product_question,template,product_question:core0,val
camera tripod battery life,product_question,template,product_question:short7,train
"Hey, Has my stand mixer shipped yet? Kind of annoyed at this point. Please advise.",order_status,template,order_status:core15,train
stand mixer battery life,product_question,template,product_question:short7,train
help to see the ETA of the ortder #70648 If this isn't fixed I'm filing a chargeback with my bank.,order_status,bitext,bitext:help to see the eta of the ortder order number,train
"The water bottle I purchased came with a snapped part, unusable as is. Thanks in advance.",damaged_item,template,damaged_item:core15,train
help me to check the current status of purchase #14138,order_status,bitext,bitext:help me to check the current status of purchase order number,train
"Hi there, Is the blender compatible with Android phones?",product_question,template,product_question:core3,train
"Hi, The wireless mouse leaked everywhere inside the box, it's ruined. It's time-sensitive. Regards, Maria",damaged_item,template,damaged_item:core23,train
"Hi, I requested a cancellation for order #41929 but it still shows as active. It's not a big deal, just wanted to ask. Regards, Fatima",cancellation,template,cancellation:core17,val
backpack battery life,product_question,template,product_question:short7,train
refnud to original card kind of annoyed at this ponit,refund_request,template,refund_request:short9,train
see in what situations can I ask for refunds,refund_request,bitext,bitext:see in what situations can i ask for refunds,train
eta on order #14205,order_status,template,order_status:short7,train
received a defective headphones,damaged_item,template,damaged_item:short7,train
this is the third time i've contacted you about this. is blender compatbile with my old model,product_question,template,product_question:short8,train
I'm waiting for a damn refund of $291 Let me know what you need from me.,refund_request,bitext,bitext:im waiting for a damn refund of currency symbolrefund amount,val
"Hello, The winter jacket I ordered has a broken part right out of the package. I'm pretty disappointed, honestly.",damaged_item,template,damaged_item:core12,test
"hello team, i changed my mind, please cnacel my order before it's sent. it's a gift for an event this weekend so i really need an answer now. regards, priya",cancellation,template,cancellation:core12,test
want help to see the eta of purchase #55820,order_status,bitext,bitext:want help to see the eta of purchase order number,train
help me to cancel my  last goddamn purchase,cancellation,bitext,bitext:help me to cancel my last goddamn purchase,train
My new stand mixer has several parts physically broken off. It arrived like this!! My patience has run out. Please advise.,damaged_item,template,damaged_item:core6,val
Does the mirror come with a warranty? Thank you!,product_question,template,product_question:core0,val
can you help me to cancel order 41029? My patience has run out.,cancellation,bitext,bitext:can you help me to cancel order order number,test
cancel my orer,cancellation,template,cancellation:short1,train
"Hello, The smartwatch I ordered came with a large tear. It looks like it was damaged before packing. Please treat this as a priority, I'm travelling soon.",damaged_item,template,damaged_item:core3,val
my kitchen scale is overdue,delivery_delay,template,delivery_delay:short1,test
i have got to locte order ORD-62187,order_status,bitext,bitext:i have got to locte order order number,val
"The courier attempted delivery once and never came back, now it's been 10 days with no update. Thank you!",delivery_delay,template,delivery_delay:core13,test
My package showed up today but the electric kettle inside is dented and doesn't work anymore. Thanks in advance.,damaged_item,template,damaged_item:core2,train
does the duvet cover come in black,product_question,template,product_question:short3,train
when will my order ship,order_status,template,order_status:short6,val
"hi there, the duvet cover isn't as described on the website, i'd like to return it for a refund",refund_request,template,refund_request:core8,train
when will purchase #21957 arrive,order_status,bitext,bitext:when will purchase order number arrive,train
"Hello, The courier attempted delivery once and never came back, now it's been two weeks with no update. If this isn't fixed I'm filing a chargeback with my bank. Regards, Tom",delivery_delay,template,delivery_delay:core13,test
"Hi there, I need to cancel order #52669, I no longer need the garden hose.",cancellation,template,cancellation:core5,train
cancel kitchen sclae order,cancellation,template,cancellation:short4,train
"Hi there, I'd like a refund for the blender, I don't need it anymore. I ordered it as a gift.",refund_request,template,refund_request:core18,train
"Hello, Tracking says 'out for delivery' since yesterday but nothing has shown up.",delivery_delay,template,delivery_delay:core3,train
"The electric kettle I bought is bent out of shape, definitely damaged during delivery. Please advise.",damaged_item,template,damaged_item:core9,train
I need assistance seeing purchase ORD-93202 status,order_status,bitext,bitext:i need assistance seeing purchase order number status,train
Can I get the bookshelf engraved or personalized? Thanks in advance.,product_question,template,product_question:core22,val
"Hi, Half of the wireless mouse was smashed when I opened the package. Please advise.",damaged_item,template,damaged_item:core18,train
can ushow me the status of purchase #90623,order_status,bitext,bitext:can ushow me the status of purchase order number,train
I don't know how I could cancel purchase ORD-46471,cancellation,bitext,bitext:i dont know how i could cancel purchase order number,val
Hope you're having a good day! my sneakers is overdue,delivery_delay,template,delivery_delay:short1,test
mechanical kyeboard warranty?,product_question,template,product_question:short0,val
"Hello, I was charged $109.93 but you only refunded part of it. Let me know what you need from me. Regards, Maria",refund_request,template,refund_request:core5,train
"Hey, The winter jacket I bought is bent out of shape, definitely damaged during delivery.",damaged_item,template,damaged_item:core9,train
ohw to cancel order #98184,cancellation,bitext,bitext:ohw to cancel order order number,train
"I have to see the ETA of order #63088, how to do it?",order_status,bitext,bitext:i have to see the eta of order order number how to do it,train
where do i track the refund,refund_request,bitext,bitext:where do i track the refund,test
need help cancelling purchase 92149,cancellation,bitext,bitext:need help cancelling purchase order number,test
where could I check the current status of the compensation?,refund_request,bitext,bitext:where could i check the current status of the compensation,train
"Hey, I was told it would arrive by Tuesday. It's now 8 days past that. The order is under my partner's name.",delivery_delay,template,delivery_delay:core23,train
"Hello, Is there a bigger size of the air fryer?",product_question,template,product_question:core15,train
i dont know what i need to do to see ur reimbursement policy,refund_request,bitext,bitext:i dont know what i need to do to see ur reimbursement policy,test
"Hi there, I never got an order confirmation email for my sneakers. Did the order go through? No hurry at all. Regards, Alex",order_status,template,order_status:core16,test
"To whom it may concern, My package showed up today but the headphones inside is dented and doesn't work anymore. Thank you!",damaged_item,template,damaged_item:core2,train
how to use robot vacuum,product_question,template,product_question:short6,test
"hello team, does the duvet cover work with 220v outlets abroad!! worst customer service i have ever dealt with. tahnk you",product_question,template,product_question:core18,val
how do refunds work Absolutely ridiculous.,refund_request,template,refund_request:short6,train
is the electric kettle waterproof Whenever you get a chance.,product_question,template,product_question:short1,val
"Is there a bigger size of the toolset!! Please treat this as a priority, I'm travelling soon.",product_question,template,product_question:core15,train
how to check order ORD-33218 current status?,order_status,bitext,bitext:how to check order order number current status,test
"hello, i returned the wireless mouse over a week ago and still haven't received my refund. thanks in advance",refund_request,template,refund_request:core0,val
My order confirmation says it shipped but the tracking link isn't working. What's the current status? Thanks in advance.,order_status,template,order_status:core4,train
"hello, can i cancel order #93724 if it has already shipped? my emil is the one on the account. please advise",cancellation,template,cancellation:core13,test
"Hello, The kitchen scale I ordered arrived cracked. Clearly damaged in shipping. It's not a big deal, just wanted to ask.",damaged_item,template,damaged_item:core1,train
"I cannot afford this order, cancel purchase #98696",cancellation,bitext,bitext:i cannot afford this order cancel purchase order number,test
I NEVER GOT AN ORDER CONFIRMATION EMAIL FOR MY DUVET COVER. DID THE ORDER GO THROUGH? If this isn't fixed I'm filing a chargeback with my bank.,order_status,template,order_status:core16,test
"hello, please cancel my purchase of the hair dryer and confirm by email. not happy about this at all",cancellation,template,cancellation:core11,train
how do i check the eta of order00123842,order_status,bitext,bitext:how do i check the eta of order0,train
received a defective board game Hope you're having a good day!,damaged_item,template,damaged_item:short7,train
"To whom it may concern, My backpack came scratched all over and one part is snapped. Please treat this as a priority, I'm travelling soon. Please advise.",damaged_item,template,damaged_item:core20,val
i try to check the status of order #15513,order_status,bitext,bitext:i try to check the status of order order number,train
board game material?,product_question,template,product_question:short9,train
"Hello team, The delivery date keeps changing every time I check, it's now well past the original estimate. I'm usually home in the afternoons. Thanks.",delivery_delay,template,delivery_delay:core10,train
need help obtaining rebates,refund_request,bitext,bitext:need help obtaining rebates,train
"Good morning, What's the difference between the two bookshelf models on your site? Thanks.",product_question,template,product_question:core10,train
"Good morning, My refund for order ORD-87976 says 'approved' but the money isn't in my account. Cheers, Jordan",refund_request,template,refund_request:core13,train
"Hello, My new laptop stand has several parts physically broken off. It arrived like this. Not happy about this at all. Thanks in advance.",damaged_item,template,damaged_item:core6,val
"Hello, I'd like to know the status of order #41097, please. Cheers, Jordan",order_status,template,order_status:core5,val
"Good morning, Is the air fryer compatible with Android phones? I'm usually home in the afternoons. Thanks in advance.",product_question,template,product_question:core3,train
chek order ORD-89963 status,order_status,bitext,bitext:chek order order number status,train
need  to check the eta of the purchase #97819 help me,order_status,bitext,bitext:need to check the eta of the purchase order number help me,train
"Good morning, Is the water bottle compatible with a MacBook? I shouldn't have to chase you for this. Please advise.",product_question,template,product_question:core3,train
"Hi there, The estimated delivery date has already passed and I still haven't received my bluetooth speaker. Thank you!",delivery_delay,template,delivery_delay:core1,train
return and refund headphones,refund_request,template,refund_request:short7,train
still waiting on refund,refund_request,template,refund_request:short4,train
"Hi, I CHANGED MY MIND ABOUT THE TENT. CAN I RETURN IT AND GET A REFUND!! I want someone to call me back TODAY. Cheers, Maria",refund_request,template,refund_request:core12,val
can ya help me to cancel order 97806,cancellation,bitext,bitext:can ya help me to cancel order order number,val
I received my order but the night lamp is cracked right out of the box. Thanks.,damaged_item,template,damaged_item:core4,test
"Hello, I returned the mirror 6 days ago and still haven't received my refund. Please advise.",refund_request,template,refund_request:core0,val
"I have bought some item, I have to cancel order ORD-63271",cancellation,bitext,bitext:i have bought some item i have to cancel order order number,train
I don't know how I can check my restitution status,refund_request,bitext,bitext:i dont know how i can check my restitution status,train
what's the battery life on the water bottle!! absolutely ridiculous. tahnks in advance,product_question,template,product_question:core19,train
"Good morning, Is my package still on track to arrive this week? I can't find any status update. It's time-sensitive. Please advise.",order_status,template,order_status:core8,train
The desk lamp I ordered came with a large tear. It looks like it was damaged before packing. It's time-sensitive. Thanks in advance.,damaged_item,template,damaged_item:core3,val
"Hey, My throw blanket came scratched all over and one part is snapped. I'm usually home in the afternoons. Thank you!",damaged_item,template,damaged_item:core20,val
is it possible to see purchase #98317 current status,order_status,bitext,bitext:is it possible to see purchase order number current status,train
"Hello, My car seat cover arrived broken into pieces, the packaging was torn open too.",damaged_item,template,damaged_item:core5,test
"to whom it may concern, the delvery for my stand mixer has been rescheduled multiple times wihout a clear reason",delivery_delay,template,delivery_delay:core18,test
"Hi there, I want to confirm my desk lamp order actually went through and is being processed.",order_status,template,order_status:core12,train
What's the difference between the two smartwatch models on your site?,product_question,template,product_question:core10,train
checking order #73156 stagus,order_status,bitext,bitext:checking order order number stagus,train
"Good morning, Can you give me an update on my order status? I haven't received a shipping confirmation for my stand mixer yet. This is really frustrating.",order_status,template,order_status:core2,train
"Hi, The return email said the refund takes 5 days but it's been 2 days. I ordered it as a gift.",refund_request,template,refund_request:core9,test
I do not know what I need to do to track the restitution,refund_request,bitext,bitext:i do not know what i need to do to track the restitution,train
cancel air fryer order,cancellation,template,cancellation:short4,train
"Is my package still on track to arrive this week? I can't find any status update. Regards, Priya",order_status,template,order_status:core8,train
"Hi there, I received my order but the picture frame is cracked right out of the box.",damaged_item,template,damaged_item:core4,test
air fryer size guide,product_question,template,product_question:short5,train
"Hi, I ordered a electric kettle and when it arrived, the box was completely crushed and the item is broken. Regards, Sam",damaged_item,template,damaged_item:core0,train
I'm seriously considering never ordering from here again. received a defective smartwatch,damaged_item,template,damaged_item:short7,train
assistance to see the ETA of order 10679,order_status,bitext,bitext:assistance to see the eta of order order number,train
"Hello team, My package showed up today but the winter jacket inside is dented and doesn't work anymore. Thank you!",damaged_item,template,damaged_item:core2,train
"hi, you refunedd me in store credit but i want the money back on my card. the order is under my partner's name",refund_request,template,refund_request:core19,test
I want helpto see your refund policy,refund_request,bitext,bitext:i want helpto see your refund policy,val
"Hi there, My car seat cover was due on Wednesday and it never showed up. Regards, Sam",delivery_delay,template,delivery_delay:core20,train
"hello team, how do i cancel an order i placed 4 days ago? my email is the one on the account. thank you",cancellation,template,cancellation:core3,train
"Hey, Does the mirror have a sleep or auto-off mode? Regards, Sam",product_question,template,product_question:core20,train
"the shipment has been stuck at the same trakcing checkpoint for 8 days now, past the delivery date. i'm usually home in the afternonos",delivery_delay,template,delivery_delay:core5,val
"Hi there, Is the desk lamp waterproof? My email is the one on the account. Thanks.",product_question,template,product_question:core21,train
"Hi, Is the robot vacuum waterproof? I need this sorted out today. Cheers, Aisha",product_question,template,product_question:core21,train
"Hi there, The camera tripod I ordered has a broken part right out of the package. Cheers, Fatima",damaged_item,template,damaged_item:core12,test
"The courier attempted delivery once and never came back, now it's been over a week with no update. Not happy about this at all. Cheers, Fatima",delivery_delay,template,delivery_delay:core13,test
wanna see purchase #63845 status i need assistance,order_status,bitext,bitext:wanna see purchase order number status i need assistance,train
"Hey, My winter jacket arrived broken into pieces, the packaging was torn open too.",damaged_item,template,damaged_item:core5,test
"I want to see the ETA of order #97535, how do I do it?",order_status,bitext,bitext:i want to see the eta of order order number how do i do it,train
how to use waetr bottle,product_question,template,product_question:short6,test
problems with cancelling purchase 42591,cancellation,bitext,bitext:problems with cancelling purchase order number,val
"Hello team, Please cancel order 42634. Honestly I'm at my wits' end. Thanks in advance.",cancellation,template,cancellation:core0,val
"Good morning, My order confirmation says it shipped but the tracking link isn't working. What's the current status? Cheers, Jordan",order_status,template,order_status:core4,train
locating order #39392 No rush on this.,order_status,bitext,bitext:locating order order number,train
"Hello team, The return was delivered back to you two weeks ago. Where is my refund of $257.84? It's not a big deal, just wanted to ask. Please advise.",refund_request,template,refund_request:core16,train
i dont know how to demand a rebate of money No rush on this.,refund_request,bitext,bitext:i dont know how to demand a rebate of money,train
"Hi there, Received order #34912 and the bookshelf is defective, it has a big crack down the side. It's not a big deal, just wanted to ask. Thanks.",damaged_item,template,damaged_item:core22,train
"Hi, Does the bluetooth speaker need batteries or does it plug in? This is really frustrating.",product_question,template,product_question:core6,test
"Good morning, I received a damaged item. My toolset won't function properly because of visible damage. Let me know what you need from me. Thanks.",damaged_item,template,damaged_item:core13,test
"Hello, My order ORD-66261 was marked 'delayed' with no explanation and no new delivery date given. Thanks.",delivery_delay,template,delivery_delay:core11,test
"hi there, the carrier keeps saying 'delivery exception' and my electric kettle is now late. it's not a big deal, just wanted to ask. thanks",delivery_delay,template,delivery_delay:core22,train
"Hi, What's happening with order #71016? It's been sitting at 'order received' for a while now. Thank you!",order_status,template,order_status:core11,train
order still processing?,order_status,template,order_status:short9,train
"Good morning, Just wondering if my car seat cover order has left the warehouse yet. Thanks in advance.",order_status,template,order_status:core6,test
rice cooker in stock?,product_question,template,product_question:short4,train
"To whom it may concern, Does the sneakers need batteries or does it plug in? I need this sorted out today. Thank you!",product_question,template,product_question:core6,test
how to use duvet cover,product_question,template,product_question:short6,test
where do I check the current status of order ORD-96200? Absolutely ridiculous.,order_status,bitext,bitext:where do i check the current status of order order number,train
"hello, i'd like a refund for order 20155, the hair dryer isn't what i expected. regards, alex",refund_request,template,refund_request:core1,test
"The delivery date keeps changing every time I check, it's now well past the original estimate. I expected better from your store. Cheers, Alex",delivery_delay,template,delivery_delay:core10,train
Is there a bigger size of the smartwatch? Hope you're having a good day! Thank you!,product_question,template,product_question:core15,train
I need help to ask for a compensation of my money,refund_request,bitext,bitext:i need help to ask for a compensation of my money,train
I am waiting for a rebate fo 224 dollars,refund_request,bitext,bitext:i am waiting for a rebate fo refund amount dollars,train
my air fryer came cracked,damaged_item,template,damaged_item:short4,train
"Hello team, The camera tripod I bought is bent out of shape, definitely damaged during delivery. Thanks in advance.",damaged_item,template,damaged_item:core9,train
i dont know how i can check the eta of my last delivery,order_status,bitext,bitext:i dont know how i can check the eta of my last delivery,test
"Hello, I placed my order 5 days ago and it still says processing. Can you check on it?",order_status,template,order_status:core0,train
I want to see under what circumstances can I ask for refunds,refund_request,bitext,bitext:i want to see under what circumstances can i ask for refunds,train
"Hello team, WHY IS MY DELIVERY TAKING SO LONG? IT WAS SUPPOSED TO ARRIVE LAST WEEK. This is completely unacceptable!! Thank you!",delivery_delay,template,delivery_delay:core2,train
I need help to request refunds,refund_request,bitext,bitext:i need help to request refunds,train
refund status? This is completely unacceptable!!,refund_request,template,refund_request:short3,val
"Hi there, How much weight can the monitor hold? No rush on this.",product_question,template,product_question:core12,val
"I have ordered some article, cancel purchase #10942",cancellation,bitext,bitext:i have ordered some article cancel purchase order number,train
"i'd like to canecl my pre-order for the smartwatch. whenever you get a chance. cheers, maria",cancellation,template,cancellation:core15,val
i do not know how to check ur refund policy,refund_request,bitext,bitext:i do not know how to check ur refund policy,train
"Hello, I received my order but the stand mixer is cracked right out of the box. Hope you're having a good day! Thanks in advance.",damaged_item,template,damaged_item:core4,test
"Good morning, I received my order but the bookshelf is cracked right out of the box. I need this resolved immediately.",damaged_item,template,damaged_item:core4,test
i shouldn't have to chase you for this. my order is 2 days late,delivery_delay,template,delivery_delay:short9,train
Just wondering if my winter jacket order has left the warehouse yet. I expected better from your store. Thanks in advance.,order_status,template,order_status:core6,test
"Is the bluetooth speaker dishwasher safe!! Please treat this as a priority, I'm travelling soon. Thanks.",product_question,template,product_question:core8,train
"Hello, I'd like a refund for the laptop stand, I don't need it anymore. I need this resolved immediately.",refund_request,template,refund_request:core18,train
odrer 56668 status,order_status,template,order_status:short1,train
"Hello team, Tracking says 'out for delivery' since yesterday but nothing has shown up. This is really frustrating. Regards, Luca",delivery_delay,template,delivery_delay:core3,train
"good morning, do you sell replacement pats for the office chair? please treat this as a priority, i'm travelling soon. please avdise",product_question,template,product_question:core14,train
Whenever you get a chance. order ORD-40055 late,delivery_delay,template,delivery_delay:short3,train
"I ordered the wrong kitchen scale by mistake, can you cancel it? I've been waiting a long time for this. Cheers, Luca",cancellation,template,cancellation:core2,train
how to use phone case,product_question,template,product_question:short6,test
I do not know how to see the ETA of purchase #20011,order_status,bitext,bitext:i do not know how to see the eta of purchase order number,val
"Hi, My throw blanket order has been in transit for over a week, way longer than the delivery estimate. I'm pretty disappointed, honestly. Please advise.",delivery_delay,template,delivery_delay:core14,test
My robot vacuum was due on Saturday and it never showed up. Just curious.,delivery_delay,template,delivery_delay:core20,train
The tracking number you sent me shows 'not found' on the carrier site.,order_status,template,order_status:core23,train
"To whom it may concern, I ordered the wrong toolset by mistake, can you cancel it? It's not a big deal, just wanted to ask. Thanks.",cancellation,template,cancellation:core2,train
parcel stuck in transit 2 days,delivery_delay,template,delivery_delay:short6,train
showing me purchase #98587 current status,order_status,bitext,bitext:showing me purchase order number current status,train
"My package showed up today but the blender inside is dented and doesn't work anymore. My email is the one on the account. Cheers, Aisha",damaged_item,template,damaged_item:core2,train
"To whom it may concern, THE SHIPMENT HAS BEEN STUCK AT THE SAME TRACKING CHECKPOINT FOR TWO WEEKS NOW, PAST THE DELIVERY DATE. Worst customer service I have ever dealt with. Please advise.",delivery_delay,template,delivery_delay:core5,val
"Hey, The box was fine but the kitchen scale inside was broken. Thanks.",damaged_item,template,damaged_item:core16,train
"Hey, I haven't gotten any email updates since I placed my order. Can you check where it is? Please advise.",order_status,template,order_status:core7,val
"hey, what is your refund policy for items that have been opened?",refund_request,template,refund_request:core6,train
eta on order ord-95646,order_status,template,order_status:short7,train
"To whom it may concern, The sneakers isn't as described on the website, I'd like to return it for a refund. Let me know what you need from me. Cheers, Sam",refund_request,template,refund_request:core8,train
"To whom it may concern, Tracking says 'out for delivery' since yesterday but nothing has shown up. Hope you're having a good day! Please advise.",delivery_delay,template,delivery_delay:core3,train
"To whom it may concern, What's the difference between the two car seat cover models on your site? Thank you!",product_question,template,product_question:core10,train
"The package is overdue by 8 days and the courier won't give me a new date. Cheers, Chen",delivery_delay,template,delivery_delay:core26,train
"Hello team, Delivery was supposed to happen already but tracking still shows it in a different city!! It's a gift for an event this weekend so I really need an answer now.",delivery_delay,template,delivery_delay:core15,test
"The estimated delivery date has already passed and I still haven't received my duvet cover. Cheers, Maria",delivery_delay,template,delivery_delay:core1,train
I have problems with canceling purchase 22224,cancellation,bitext,bitext:i have problems with canceling purchase order number,train
delivery delayed this is really frustrating,delivery_delay,template,delivery_delay:short2,train
half of the water bottle was smashed when i opneed the package. thank you,damaged_item,template,damaged_item:core18,train
"To whom it may concern, Is there a bigger size of the tent? Please advise.",product_question,template,product_question:core15,train
"to whom it may concern, i'd like a refund for odrer 29745, the mechanical keboard isn't what i epxected",refund_request,template,refund_request:core1,test
"Hello, Has my headphones shipped yet? Thanks.",order_status,template,order_status:core15,train
"I paid $16 for an item, how could I get a bloody refund?",refund_request,bitext,bitext:i paid currency symbolrefund amount for an item how could i get a bloody refund,train
"Hello team, I'd like an ETA for my bookshelf, please. Just curious. Thanks in advance.",order_status,template,order_status:core22,train
"To whom it may concern, Does the office chair ship with a charger!! Please treat this as a priority, I'm travelling soon.",product_question,template,product_question:core11,train
"to whom it may concern, my robot vacuum arrived dented and i'd like a replacement. no rush on this. regards, chen",damaged_item,template,damaged_item:core17,train
"Hi there, Does the blender have a sleep or auto-off mode? Please advise.",product_question,template,product_question:core20,train
has my dvet cover shipped,order_status,template,order_status:short3,test
"Hi there, The box was fine but the smartwatch inside was broken. Thanks in advance.",damaged_item,template,damaged_item:core16,train
I need to check in which cases can I ask for a reimbursement,refund_request,bitext,bitext:i need to check in which cases can i ask for a reimbursement,train
help to locate purchaes #48696,order_status,bitext,bitext:help to locate purchaes order number,train
want assistance cancelling purchase #58434,cancellation,bitext,bitext:want assistance cancelling purchase order number,test
"Hi there, What are the dimensions of the winter jacket? I need an answer before Tuesday.",product_question,template,product_question:core2,test
order ORD-26611 late,delivery_delay,template,delivery_delay:short3,train
"My car seat cover order has been in transit for 8 days, way longer than the delivery estimate. Thanks in advance.",delivery_delay,template,delivery_delay:core14,test
"I ordered the wrong kitchen scale by mistake, can you cancel it!! Worst customer service I have ever dealt with. Thank you!",cancellation,template,cancellation:core2,train
"Hi, Can you tell me when order ORD-44722 will ship? Regards, Chen",order_status,template,order_status:core14,train
late delivery #81007,delivery_delay,template,delivery_delay:short8,train
"Hi, I opened the box and my throw blanket already has a large scratch and dent on it. I expected better from your store. Please advise.",damaged_item,template,damaged_item:core7,train
"I paid 493 dollars for an article, I try to obtain a rebate",refund_request,bitext,bitext:i paid refund amount dollars for an article i try to obtain a rebate,train
problem witth cancelling order #49363,cancellation,bitext,bitext:problem witth cancelling order order number,train
"Hi, My package is significantly overdue. Let me know what you need from me. Thanks.",delivery_delay,template,delivery_delay:core17,train
is winter jacket compatible with a MacBook,product_question,template,product_question:short8,train
"Hello team, What's happening with order ORD-40838? It's been sitting at 'order received' for a while now. Thanks in advance.",order_status,template,order_status:core11,train
"Hey, My air fryer was due on Monday and it never showed up.",delivery_delay,template,delivery_delay:core20,train
"Hello team, I want to confirm my desk lamp order actually went through and is being processed. Please advise.",order_status,template,order_status:core12,train
water botle material?,product_question,template,product_question:short9,train
"hello, received order #20364 and the mechanical keyboard is defective, it has a big crack down the side",damaged_item,template,damaged_item:core22,train
"Please cancel the air fryer order, my address is wrong and I'll reorder.",cancellation,template,cancellation:core16,train
"to whom it may concern, my package is significantly overdue. thank you",delivery_delay,template,delivery_delay:core17,train
"Hello, What is your refund policy for items that have been opened? Appreciate any info. Please advise.",refund_request,template,refund_request:core6,train
"Hey, The shipment has been stuck at the same tracking checkpoint for 4 days now, past the delivery date. Appreciate any info.",delivery_delay,template,delivery_delay:core5,val
"Hi there, Can I get the garden hose engraved or personalized? Thanks in advance.",product_question,template,product_question:core22,val
"Received order #91540 and the stand mixer is defective, it has a big crack down the side. I've been waiting a long time for this. Cheers, Priya",damaged_item,template,damaged_item:core22,train
"Hi, Why is my delivery taking so long? It was supposed to arrive last week. This is really frustrating. Regards, Chen",delivery_delay,template,delivery_delay:core2,train
My package missed its delivery window and there's been no update since. Thanks in advance.,delivery_delay,template,delivery_delay:core8,val
"Is the office chair compatible with a MacBook? I'm pretty disappointed, honestly. Regards, Fatima",product_question,template,product_question:core3,train
I can send my receipt if needed. cancel wireless mouse order,cancellation,template,cancellation:short4,train
"my phone case order has been in tranist for 3 days, way longer than the delivery estimate. i've been witing a long time for this. thanks",delivery_delay,template,delivery_delay:core14,test
"Hello team, The hair dryer was damaged in transit, the corner is crushed and it won't turn on. Please treat this as a priority, I'm travelling soon.",damaged_item,template,damaged_item:core21,train
"Hi, The running shoes I ordered arrived cracked. Clearly damaged in shipping. No rush on this. Regards, Alex",damaged_item,template,damaged_item:core1,train
"hi there, i'd like to cancel my pre-order for the stand mixer!! i've emailed twice and nobody has replied. thanks in advnace",cancellation,template,cancellation:core15,val
"Hi there, Why is my delivery taking so long? It was supposed to arrive last week. Thanks.",delivery_delay,template,delivery_delay:core2,train
how do i cancel an order i placed two weeks ago?,cancellation,template,cancellation:core3,train
"Hello team, My toolset arrived broken into pieces, the packaging was torn open too. My email is the one on the account. Regards, Jordan",damaged_item,template,damaged_item:core5,test
"My package missed its delivery window and there's been no update since!! I'm seriously considering never ordering from here again. Cheers, Luca",delivery_delay,template,delivery_delay:core8,val
I returned the hair dryer 10 days ago and still haven't received my refund. I shouldn't have to chase you for this. Thanks in advance.,refund_request,template,refund_request:core0,val
when am I receiving my compensation?,refund_request,bitext,bitext:when am i receiving my compensation,train
"Good morning, Can the winter jacket be used outdoors? I can send my receipt if needed. Regards, Chen",product_question,template,product_question:core7,train
"hello, is it too late to cancel order #57268? it still says processing. no rush on this. thanks",cancellation,template,cancellation:core6,train
why is my delivery taking so long? it was supposed to arive last week. my emil is the one on the account. thanks in advance,delivery_delay,template,delivery_delay:core2,train
icant see the eta of purchase #95139 This is really frustrating.,order_status,bitext,bitext:icant see the eta of purchase order number,test
"Hey, Has my payment for order 94430 gone through? The status hasn't changed.",order_status,template,order_status:core24,train
assistance cancelling purchase #14207,cancellation,bitext,bitext:assistance cancelling purchase order number,val
"To whom it may concern, Delivery keeps getting pushed back on the tracking page for my coffee maker order. I shouldn't have to chase you for this.",delivery_delay,template,delivery_delay:core7,val
cancel toolset odrer i expected better from your store,cancellation,template,cancellation:short4,train
"Hey, I received my order but the blender is cracked right out of the box. I expected better from your store.",damaged_item,template,damaged_item:core4,test
my odrer is 5 days late,delivery_delay,template,delivery_delay:short9,train
order #99491 status,order_status,template,order_status:short1,train
"hi there, i rceeived a damaged item. my car seat cover won't function properly because of visible damage",damaged_item,template,damaged_item:core13,test
"Hello, When is my winter jacket expected to arrive? Thanks in advance.",order_status,template,order_status:core25,train
"hlelo team, what material is the bakpack made of? i'm usually home in the afternoons. regards, sam",product_question,template,product_question:core5,train
how could I track my restitution? I need this resolved immediately.,refund_request,bitext,bitext:how could i track my restitution,train
my order is 8 days late,delivery_delay,template,delivery_delay:short9,train
my tent arrived scratched,damaged_item,template,damaged_item:short9,test
"Hello team, My package was supposed to arrive 6 days ago and it's still not here, no courier updates. Thanks in advance.",delivery_delay,template,delivery_delay:core0,train
"The desk lamp I purchased came with a snapped part, unusable as is!! This is urgent, I need it for my son's birthday on Sunday.",damaged_item,template,damaged_item:core15,train
"Good morning, What's the difference between the two suitcase models on your site? Thanks.",product_question,template,product_question:core10,train
"why is my delivery so late I'm pretty disappointed, honestly.",delivery_delay,template,delivery_delay:short7,train
"to whom it may concern, i'd like to cancel my pre-order for the tent. this is the third time i've contacted you about this. thanks in advance",cancellation,template,cancellation:core15,val
"Hi there, Can I get my money back for the garden hose? It doesn't fit. Cheers, Maria",refund_request,template,refund_request:core4,train
"Good morning, Does the water bottle work with 220V outlets abroad? Honestly I'm at my wits' end. Please advise.",product_question,template,product_question:core18,val
My package has said 'delayed in transit' for 6 days.,delivery_delay,template,delivery_delay:core21,train
my picture frame arrived scratched,damaged_item,template,damaged_item:short9,test
"Hi, Do you sell replacement parts for the monitor!! This is urgent, I need it for my son's birthday on Thursday. Thanks in advance.",product_question,template,product_question:core14,train
"hi, it's been 10 days past the delivery estimate and the courier still hasn't delivered my headphones. thank you",delivery_delay,template,delivery_delay:core9,train
delivery date passed my patience has run out,delivery_delay,template,delivery_delay:short4,train
could I see your reimbursement policy?,refund_request,bitext,bitext:could i see your reimbursement policy,train
I'm still waiting on order 54158 that was due two weeks ago. Please advise.,delivery_delay,template,delivery_delay:core19,train
I want to locate purchase ORD-33002,order_status,bitext,bitext:i want to locate purchase order number,train
"Good morning, How do I set up my new blender? The manual isn't clear. Please advise.",product_question,template,product_question:core9,test
I want help checking purchase 72580 current status I expected better from your store.,order_status,bitext,bitext:i want help checking purchase order number current status,train
"Hi, I haven't gotten any email updates since I placed my order. Can you check where it is? I shouldn't have to chase you for this. Regards, Alex",order_status,template,order_status:core7,val
"To whom it may concern, My order #94604 was marked 'delayed' with no explanation and no new delivery date given. I can send my receipt if needed.",delivery_delay,template,delivery_delay:core11,test
assistance canceling the last order,cancellation,bitext,bitext:assistance canceling the last order,train
My dashboard shows the order as 'pending'. Is that expected? I expected better from your store.,order_status,template,order_status:core10,val
what do I have to do to cancel purchase #38221?,cancellation,bitext,bitext:what do i have to do to cancel purchase order number,test
assistance to obtain a restitution of my money,refund_request,bitext,bitext:assistance to obtain a restitution of my money,train
I can't see the status of order 88957,order_status,bitext,bitext:i cant see the status of order order number,train
"Hello, Can I get my money back for the picture frame? It doesn't fit.",refund_request,template,refund_request:core4,train
"Hey, I got the car seat cover today but it's broken. I can send photos. Thanks.",damaged_item,template,damaged_item:core24,train
"Hi there, The carrier keeps saying 'delivery exception' and my hair dryer is now late. Appreciate any info. Thank you!",delivery_delay,template,delivery_delay:core22,train
"I bought some item, cancel order #88172",cancellation,bitext,bitext:i bought some item cancel order order number,train
"hello team, does the water bottle ship with a charger?",product_question,template,product_question:core11,train
"Hello team, When is my smartwatch expected to arrive? Thanks.",order_status,template,order_status:core25,train
status of my backpack order,order_status,template,order_status:short4,train
I want to cancel the laptop stand from my order but keep the rest. Please advise.,cancellation,template,cancellation:core9,train
checking current status of order #58281,order_status,bitext,bitext:checking current status of order order number,train
do you sell replacement parts for the bookshelf? this is the third time i've contacted you about this. thanks in advance,product_question,template,product_question:core14,train
assistance to see the refund current status,refund_request,bitext,bitext:assistance to see the refund current status,val
order 85651 late,delivery_delay,template,delivery_delay:short3,train
I don't know what I have to do to demand my money back,refund_request,bitext,bitext:i dont know what i have to do to demand my money back,val
"To whom it may concern, Delivery keeps getting pushed back on the tracking page for my board game order.",delivery_delay,template,delivery_delay:core7,val
Honestly I'm at my wits' end. where can i see purchaes #80912 status,order_status,bitext,bitext:where can i see purchaes order number status,val
"Hello, Is there a bigger size of the backpack? Cheers, Luca",product_question,template,product_question:core15,train
"Good morning, What are the dimensions of the robot vacuum? This is the third time I've contacted you about this.",product_question,template,product_question:core2,test
mirror dmiensions i shouldn't have to case you for this,product_question,template,product_question:short2,train
assistance to check the reimbursement status,refund_request,bitext,bitext:assistance to check the reimbursement status,train
problem with cancelling purchase ORD-19880,cancellation,bitext,bitext:problem with cancelling purchase order number,train
"Good morning, I want a full refund for order ORD-54512. This is the third time I've contacted you about this. Thanks.",refund_request,template,refund_request:core7,train
my monitor arrived scrached,damaged_item,template,damaged_item:short9,test
"To whom it may concern, The carrier keeps saying 'delivery exception' and my camera tripod is now late. I need this sorted out today. Thanks in advance.",delivery_delay,template,delivery_delay:core22,train
Is the office chair suitable for a beginner? The order is under my partner's name. Thank you!,product_question,template,product_question:core13,train
"hello team, is the toolset suitable for a beginner? thanks in advance",product_question,template,product_question:core13,train
assistance to demand a rebate,refund_request,bitext,bitext:assistance to demand a rebate,train
i have got to see in which cases can i request my money back,refund_request,bitext,bitext:i have got to see in which cases can i request my money back,train
"Hi, You refunded me in store credit but I want the money back on my card. Hope you're having a good day! Thanks in advance.",refund_request,template,refund_request:core19,test
"Hello, Cancel my order please, I found it cheaper elsewhere. I'm pretty disappointed, honestly. Thanks.",cancellation,template,cancellation:core4,train
received a defective toolset,damaged_item,template,damaged_item:short7,train
"Hello, Is the stand mixer compatible with Windows 11? Regards, Aisha",product_question,template,product_question:core3,train
I've been waiting a long time for this. throw blanket size guide,product_question,template,product_question:short5,train
"Hello team, The carrier keeps saying 'delivery exception' and my car seat cover is now late. Thanks.",delivery_delay,template,delivery_delay:core22,train
is stand mixer compatible with a macbook,product_question,template,product_question:short8,train
my order is over a week late,delivery_delay,template,delivery_delay:short9,train
"Hi there, Can you stop my order from shipping? I want to cancel it. It's not a big deal, just wanted to ask. Please advise.",cancellation,template,cancellation:core8,train
"Good morning, What material is the picture frame made of? Thanks.",product_question,template,product_question:core5,train
"To whom it may concern, The mirror arrived with missing pieces and a cracked casing. Thanks in advance.",damaged_item,template,damaged_item:core11,train
"Tracking says 'out for delivery' since yesterday but nothing has shown up. The order is under my partner's name. Regards, Luca",delivery_delay,template,delivery_delay:core3,train
could I see if there is anything new on my refund?,refund_request,bitext,bitext:could i see if there is anything new on my refund,train
"to whom it may concern, i want to cancel the air fryer from my orer but keep the rest. thank you",cancellation,template,cancellation:core9,train
I want to cancel the running shoes from my order but keep the rest.,cancellation,template,cancellation:core9,train
check estimated time of arrival of order ORD-88986,order_status,bitext,bitext:check estimated time of arrival of order order number,train
"Hello, What material is the sneakers made of? Cheers, Luca",product_question,template,product_question:core5,train
problem with canceling purchase #87236 Kind of annoyed at this point.,cancellation,bitext,bitext:problem with canceling purchase order number,train
late delivery 70827,delivery_delay,template,delivery_delay:short8,train
"Hello, Can I get the toolset engraved or personalized? Please advise.",product_question,template,product_question:core22,val
need to see in what situations can i ask for a reimbursement,refund_request,bitext,bitext:need to see in what situations can i ask for a reimbursement,train
assistance checking purchase 19120 bloody current status,order_status,bitext,bitext:assistance checking purchase order number bloody current status,train
"Hey, I'd like a refund for order ORD-94702, the smartwatch isn't what I expected. I need an answer before Monday. Thanks.",refund_request,template,refund_request:core1,test
"Hello, I was charged twice for order #81218, please refund the duplicate charge. Regards, Fatima",refund_request,template,refund_request:core10,train
"Hi there, I'd like a refund for order #77747, the sneakers isn't what I expected. It's a gift for an event this weekend so I really need an answer now. Regards, Jordan",refund_request,template,refund_request:core1,test
how could i check the ETA of the order ORD-57467,order_status,bitext,bitext:how could i check the eta of the order order number,train
"Hey, I received my order but the garden hose is cracked right out of the box. My email is the one on the account. Thank you!",damaged_item,template,damaged_item:core4,test
I'd like to locate purchase 48462 i need assistance,order_status,bitext,bitext:id like to locate purchase order number i need assistance,val
i paid $455 for an item can ya help me obtain a rebate I want someone to call me back TODAY.,refund_request,bitext,bitext:i paid currency symbolrefund amount for an item can ya help me obtain a rebate,train
"Hello, I ordered the wrong stand mixer by mistake, can you cancel it? Thank you!",cancellation,template,cancellation:core2,train
"Hi, My package showed up today but the board game inside is dented and doesn't work anymore. Cheers, Aisha",damaged_item,template,damaged_item:core2,train
"my package showed up today but the tent inside is dented and doesn't work anymore!! i need this resolved immediately. cheers, luca",damaged_item,template,damaged_item:core2,train
need assistance cancelinv purchase #67733,cancellation,bitext,bitext:need assistance cancelinv purchase order number,train
can uhelp me canceling purchase 14067,cancellation,bitext,bitext:can uhelp me canceling purchase order number,train
"Good morning, I want a full refund for order #33990. Cheers, Chen",refund_request,template,refund_request:core7,train
My new water bottle has several parts physically broken off. It arrived like this. Just curious.,damaged_item,template,damaged_item:core6,val
help me seeing if there are any updates on the reimbursement,refund_request,bitext,bitext:help me seeing if there are any updates on the reimbursement,train
"Hey, I need to cancel order #43553, I no longer need the desk lamp. Kind of annoyed at this point. Regards, Luca",cancellation,template,cancellation:core5,train
"Hey, I'm not satisfied with the laptop stand and would like my money back. Thanks.",refund_request,template,refund_request:core14,train
"Good morning, What is your refund policy for items that have been opened?",refund_request,template,refund_request:core6,train
"Cancel my order please, I found it cheaper elsewhere. The order is under my partner's name. Thanks in advance.",cancellation,template,cancellation:core4,train
"To whom it may concern, I want to confirm my water bottle order actually went through and is being processed.",order_status,template,order_status:core12,train
please cancel my order No rush on this.,cancellation,template,cancellation:short2,train
"I have got to locate purchase #24764, I need help",order_status,bitext,bitext:i have got to locate purchase order number i need help,train
"Hi there, There's no cancel button on my order page. How do I cancel order 54717? The order is under my partner's name. Thank you!",cancellation,template,cancellation:core10,train
cancel my order,cancellation,template,cancellation:short1,train
"Hi, Can you give me an update on my order status? I haven't received a shipping confirmation for my duvet cover yet. Please advise.",order_status,template,order_status:core2,train
"hi, i accidentally paced the same orer twice. plase cancel one of them. i need an answer before friday. thanks in advance",cancellation,template,cancellation:core7,train
"Hi, My tent was due on Thursday and it never showed up. I expected better from your store. Cheers, Jordan",delivery_delay,template,delivery_delay:core20,train
need help canceling purchase #42914,cancellation,bitext,bitext:need help canceling purchase order number,val
"Hello, Half of the wireless mouse was smashed when I opened the package. Thanks.",damaged_item,template,damaged_item:core18,train
"Hey, You refunded me in store credit but I want the money back on my card!! Please respond ASAP. Cheers, Maria",refund_request,template,refund_request:core19,test
is it possible to see purchase #94889 status?,order_status,bitext,bitext:is it possible to see purchase order number status,train
"Hello, The box was fine but the yoga mat inside was broken. It's not a big deal, just wanted to ask. Thank you!",damaged_item,template,damaged_item:core16,train
"to whom it may concern, the reutrn was delivered back to you 3 days ago. where is my refund of $202.02? regards, sam",refund_request,template,refund_request:core16,train
parcel stuck in transit 10 days This is really frustrating.,delivery_delay,template,delivery_delay:short6,train
"Delivery was supposed to happen already but tracking still shows it in a different city. Appreciate any info. Cheers, Aisha",delivery_delay,template,delivery_delay:core15,test
"Hi there, Delivery was supposed to happen already but tracking still shows it in a different city. Cheers, Alex",delivery_delay,template,delivery_delay:core15,test
"good morning, i need to cancel oredr #47556, i no longer need the wireless mouse. thnks",cancellation,template,cancellation:core5,train
"hi, the garden hose i purchased came with a snpaped part, unusable as is. thank you",damaged_item,template,damaged_item:core15,train
backpack dimensions,product_question,template,product_question:short2,train
"Hello team, Just wondering if my mechanical keyboard order has left the warehouse yet. Let me know what you need from me. Cheers, Priya",order_status,template,order_status:core6,test
"Hi, The smartwatch I bought is bent out of shape, definitely damaged during delivery. I ordered it as a gift. Please advise.",damaged_item,template,damaged_item:core9,train
The return email said the refund takes 5 days but it's been 8 days.,refund_request,template,refund_request:core9,test
"To whom it may concern, I got order ORD-21335 today and the desk lamp is completely shattered inside the packaging. Cheers, Tom",damaged_item,template,damaged_item:core10,train
whag do i need to do to cancel order #94012,cancellation,bitext,bitext:whag do i need to do to cancel order order number,val
"Good morning, Can I get my money back for the backpack? It doesn't fit. I shouldn't have to chase you for this. Thanks.",refund_request,template,refund_request:core4,train
is wireless mouse compatible with my old model,product_question,template,product_question:short8,train
"Hello, Where can I track my order? I can't find the link in my account. Thanks.",order_status,template,order_status:core19,test
"Hey, My order arrived with the box soaked and the headphones inside no longer works.",damaged_item,template,damaged_item:core14,train
i need assistance canceling purchase #97841 I can send my receipt if needed.,cancellation,bitext,bitext:i need assistance canceling purchase order number,train
"Hi there, Is there a bigger size of the phone case? It's a gift for an event this weekend so I really need an answer now.",product_question,template,product_question:core15,train
"Hello, Delivery was supposed to happen already but tracking still shows it in a different city. I shouldn't have to chase you for this.",delivery_delay,template,delivery_delay:core15,test
"Hi there, The robot vacuum I ordered came with a large tear. It looks like it was damaged before packing. I'm pretty disappointed, honestly. Cheers, Aisha",damaged_item,template,damaged_item:core3,val
I don't know how I colud cancel order #83519,cancellation,bitext,bitext:i dont know how i colud cancel order order number,train
"Hi, What's the battery life on the backpack? Regards, Chen",product_question,template,product_question:core19,train
"Hello, I was charged $419.65 but you only refunded part of it!! I need this resolved immediately. Regards, Luca",refund_request,template,refund_request:core5,train
"Hi there, The delivery date keeps changing every time I check, it's now well past the original estimate.",delivery_delay,template,delivery_delay:core10,train
i have got to see the current status of order ORD-42007,order_status,bitext,bitext:i have got to see the current status of order order number,test
"Hello, The estimated delivery date has already passed and I still haven't received my headphones.",delivery_delay,template,delivery_delay:core1,train
picture frame battery life It's time-sensitive.,product_question,template,product_question:short7,train
"Hey, The courier attempted delivery once and never came back, now it's been 3 days with no update. Thanks in advance.",delivery_delay,template,delivery_delay:core13,test
could I know if there is anything new on my compensation?,refund_request,bitext,bitext:could i know if there is anything new on my compensation,train
I want help seeing in which cases can I ask to be refunded,refund_request,bitext,bitext:i want help seeing in which cases can i ask to be refunded,test
I have got to see in which situations can I ask for a refund,refund_request,bitext,bitext:i have got to see in which situations can i ask for a refund,train
"to whom it may concern, why is my delivery taking so long? it was supposed to arrive last week. appreciate any info",delivery_delay,template,delivery_delay:core2,train
"When will my refund of $250.40 show up on my card? Honestly I'm at my wits' end. Cheers, Luca",refund_request,template,refund_request:core2,train
I'm trying to cancel purchase #86099,cancellation,bitext,bitext:im trying to cancel purchase order number,test
"To whom it may concern, I returned the stand mixer 8 days ago and still haven't received my refund. I ordered it as a gift. Thank you!",refund_request,template,refund_request:core0,val
how can I check purchase #40947 current status?,order_status,bitext,bitext:how can i check purchase order number current status,test
I dp not know how to cancel order #27601,cancellation,bitext,bitext:i dp not know how to cancel order order number,train
"Hi there, What's the battery life on the stand mixer? I need this resolved immediately. Thank you!",product_question,template,product_question:core19,train
i bought something i wanna cancel order ORD-25906,cancellation,bitext,bitext:i bought something i wanna cancel order order number,train
I need help seeing in what cases can I ask to be reimbursed,refund_request,bitext,bitext:i need help seeing in what cases can i ask to be reimbursed,train
"Good morning, The coffee maker I purchased came with a snapped part, unusable as is. Whenever you get a chance. Thank you!",damaged_item,template,damaged_item:core15,train
"The carrier keeps saying 'delivery exception' and my rice cooker is now late. Worst customer service I have ever dealt with. Regards, Fatima",delivery_delay,template,delivery_delay:core22,train
"Hi, My order arrived with the box soaked and the car seat cover inside no longer works. Not happy about this at all. Please advise.",damaged_item,template,damaged_item:core14,train
"Hey, I want a full refund for order #86996. Appreciate any info. Cheers, Chen",refund_request,template,refund_request:core7,train
"Hey, There's no cancel button on my order page. How do I cancel order #40820? Regards, Sam",cancellation,template,cancellation:core10,train
"Good morning, I'm not satisfied with the office chair and would like my money back.",refund_request,template,refund_request:core14,train
My new office chair has several parts physically broken off. It arrived like this. Hope you're having a good day! Thank you!,damaged_item,template,damaged_item:core6,val
"To whom it may concern, Will the monitor be back in stock soon? I expected better from your store. Thank you!",product_question,template,product_question:core4,train
is it possible to get a refund of money,refund_request,bitext,bitext:is it possible to get a refund of money,train
I don't know how to track my reimbursement,refund_request,bitext,bitext:i dont know how to track my reimbursement,train
"Hello team, Does the yoga mat have a sleep or auto-off mode? No rush on this. Cheers, Maria",product_question,template,product_question:core20,train
coffee maker arrived broken,damaged_item,template,damaged_item:short0,train
"Hi there, The box was fine but the mechanical keyboard inside was broken. If this isn't fixed I'm filing a chargeback with my bank. Thanks in advance.",damaged_item,template,damaged_item:core16,train
parcel stuck in transit 10 days Let me know what you need from me.,delivery_delay,template,delivery_delay:short6,train
"To whom it may concern, Tracking says 'out for delivery' since yesterday but nothing has shown up. I expected better from your store.",delivery_delay,template,delivery_delay:core3,train
"Hello, The box was fine but the board game inside was broken. I'm pretty disappointed, honestly. Thanks.",damaged_item,template,damaged_item:core16,train
I do not know how I could check the ETA of purchase #15958,order_status,bitext,bitext:i do not know how i could check the eta of purchase order number,train
i need help with canceling purchase #40512,cancellation,bitext,bitext:i need help with canceling purchase order number,train
"Does the electric kettle ship with a charger? Regards, Sam",product_question,template,product_question:core11,train
"I placed my order 3 days ago and it still says processing. Can you check on it? Regards, Luca",order_status,template,order_status:core0,train
"hello team, is the laptop stand compatible with an iphone 15? it's not a big deal, just wanted to ask",product_question,template,product_question:core3,train
order #75517 late,delivery_delay,template,delivery_delay:short3,train
"To whom it may concern, Can you stop my order from shipping? I want to cancel it. It's a gift for an event this weekend so I really need an answer now. Please advise.",cancellation,template,cancellation:core8,train
"Hi there, Delivery was supposed to happen already but tracking still shows it in a different city. Thank you!",delivery_delay,template,delivery_delay:core15,test
I don't know what I have to do to ask for reimbursements,refund_request,bitext,bitext:i dont know what i have to do to ask for reimbursements,test
want help to see purchase 84747 status,order_status,bitext,bitext:want help to see purchase order number status,train
"To whom it may concern, Tracking says 'out for delivery' since yesterday but nothing has shown up. This is urgent, I need it for my son's birthday on Sunday. Thank you!",delivery_delay,template,delivery_delay:core3,train
"hi, the blender i purchased came with a snapped part, unusable as is. i'm usually home in the afternoons. cheers, sam",damaged_item,template,damaged_item:core15,train
"Good morning, Is it too late to cancel order #68455? It still says processing. Thank you!",cancellation,template,cancellation:core6,train
"I need to check how long reimbursements take, help me",refund_request,bitext,bitext:i need to check how long reimbursements take help me,train
"hello, it's been stuck in customs for 8 days and is now past the delivery estimate. thank you",delivery_delay,template,delivery_delay:core25,train
i have padi $320 for an order i need to get a reimbursement,refund_request,bitext,bitext:i have padi currency symbolrefund amount for an order i need to get a reimbursement,train
i try to see in what cases can i ask for a refund,refund_request,bitext,bitext:i try to see in what cases can i ask for a refund,val
"Hi there, When will my refund of $116.25 show up on my card? Thank you!",refund_request,template,refund_request:core2,train
I can send my receipt if needed. headphones smashed in box,damaged_item,template,damaged_item:short6,train
"Hello team, What is your refund policy for items that have been opened?",refund_request,template,refund_request:core6,train
"To whom it may concern, Is the headphones available in other colors? Cheers, Maria",product_question,template,product_question:core1,train
"Hello, What material is the throw blanket made of? Cheers, Aisha",product_question,template,product_question:core5,train
Can I get the monitor engraved or personalized? I'm seriously considering never ordering from here again.,product_question,template,product_question:core22,val
can ushow me the ETA of purchase 79316,order_status,bitext,bitext:can ushow me the eta of purchase order number,test
"Good morning, I was charged twice for order 69384, please refund the duplicate charge. Please advise.",refund_request,template,refund_request:core10,train
"To whom it may concern, The carrier keeps saying 'delivery exception' and my laptop stand is now late.",delivery_delay,template,delivery_delay:core22,train
"What does 'label created' mean on my tracking? Has it actually been picked up? Let me know what you need from me. Regards, Sam",order_status,template,order_status:core17,test
"Hi, Does the blender have a sleep or auto-off mode? This is urgent, I need it for my son's birthday on Friday.",product_question,template,product_question:core20,train
help with canceling purchase 63354,cancellation,bitext,bitext:help with canceling purchase order number,train
how do I track purchase #44737?,order_status,bitext,bitext:how do i track purchase order number,train
"Hey, Just checking in on order ORD-49010. When will it ship? My email is the one on the account.",order_status,template,order_status:core1,val
Can you stop my order from shipping? I want to cancel it.,cancellation,template,cancellation:core8,train
check purchase #35729 status,order_status,bitext,bitext:check purchase order number status,test
i need assistance to see the ETA of orderr #20205,order_status,bitext,bitext:i need assistance to see the eta of orderr order number,train
i do notknow what to do to locate order 41544,order_status,bitext,bitext:i do notknow what to do to locate order order number,train
how to use night lamp,product_question,template,product_question:short6,test
"Hey, Can I get the picture frame engraved or personalized? The order is under my partner's name. Thanks.",product_question,template,product_question:core22,val
where can i track my order? i can't find the link in my account!! i need an answer before thursday. tahnk you,order_status,template,order_status:core19,test
where is my order whenever you get a chance,order_status,template,order_status:short0,train
i want assistance to obtain rebates,refund_request,bitext,bitext:i want assistance to obtain rebates,test
"Good morning, Could you check the current status of order #91577? I haven't heard anything since checkout!! This is the third time I've contacted you about this. Please advise.",order_status,template,order_status:core13,train
cancel order ORD-12264 pls I can send my receipt if needed.,cancellation,template,cancellation:short8,train
"hello, cancel my order please, i fonud it cheaper elsewhere. it's a gift for an event this weekend so i really need an aswer now",cancellation,template,cancellation:core4,train
I WAS TOLD IT WOULD ARRIVE BY WEDNESDAY. IT'S NOW TWO WEEKS PAST THAT. I will be leaving a one-star review.,delivery_delay,template,delivery_delay:core23,train
"Hello team, I ordered a stand mixer and when it arrived, the box was completely crushed and the item is broken. Regards, Aisha",damaged_item,template,damaged_item:core0,train
"My refund for order ORD-85160 says 'approved' but the money isn't in my account. This is really frustrating. Regards, Luca",refund_request,template,refund_request:core13,train
"Hi there, I received a damaged item. My winter jacket won't function properly because of visible damage. I'm usually home in the afternoons. Thanks.",damaged_item,template,damaged_item:core13,test
"Hello, The night lamp arrived with missing pieces and a cracked casing. Kind of annoyed at this point.",damaged_item,template,damaged_item:core11,train
assistance with canceling order #68743,cancellation,bitext,bitext:assistance with canceling order order number,train
"Good morning, Is the running shoes dishwasher safe?",product_question,template,product_question:core8,train
"To whom it may concern, Does the mechanical keyboard come with a warranty? Thanks in advance.",product_question,template,product_question:core0,val
cancel order ORD-34720 pls,cancellation,template,cancellation:short8,train
"hi, what's hapepning with order #67583? it's been sitting at 'order received' for a while now. cheers, maria",order_status,template,order_status:core11,train
where could I check purchase #49110 current status?,order_status,bitext,bitext:where could i check purchase order number current status,train
"hello team, my order arrived with the box soaked and the monitor inside no longer works. please treat this as a priority, i'm travelling soon. cheers, priya",damaged_item,template,damaged_item:core14,train
"hi, the running shoes i ordered has a broken part rgiht out of the package. i expected better from your store",damaged_item,template,damaged_item:core12,test
"Hi there, What stage is order #27741 at right now? I'm pretty disappointed, honestly. Thanks.",order_status,template,order_status:core26,train
"Hello team, How do I set up my new kitchen scale? The manual isn't clear!! This is urgent, I need it for my son's birthday on Tuesday.",product_question,template,product_question:core9,test
"To whom it may concern, I got the picture frame today but it's broken. I can send photos. This is really frustrating.",damaged_item,template,damaged_item:core24,train
"To whom it may concern, The glass on my office chair was shattered in the box. Can I get a replacement or refund? Let me know what you need from me.",damaged_item,template,damaged_item:core19,val
want assistance to see the status of order ORD-78202,order_status,bitext,bitext:want assistance to see the status of order order number,train
I placed my order 3 days ago and it still says processing. Can you check on it? Thank you!,order_status,template,order_status:core0,train
"Hello team, My order arrived with the box soaked and the blender inside no longer works!! I'm seriously considering never ordering from here again. Cheers, Aisha",damaged_item,template,damaged_item:core14,train
"I ordered some article, cancel purchase #65771",cancellation,bitext,bitext:i ordered some article cancel purchase order number,test
"hello team, please cancel the smartwatch order, my address is wrong and i'll reorder. thanks",cancellation,template,cancellation:core16,train
is laptop stand compatible with Android phones Worst customer service I have ever dealt with.,product_question,template,product_question:short8,train
"good morning, what's the difference between the two stand mixer models on your site? i expeted better from your store. cheers, luca",product_question,template,product_question:core10,train
need assistance witgh cancelling order #33819 Let me know what you need from me.,cancellation,bitext,bitext:need assistance witgh cancelling order order number,train
return and refund picture frame,refund_request,template,refund_request:short7,train
"sitll not delivered, past due date",delivery_delay,template,delivery_delay:short5,train
I'm usually home in the afternoons. how do i demand a compensation of money,refund_request,bitext,bitext:how do i demand a compensation of money,val
"Hi, My order #26384 is now 6 days late. Can you tell me what's causing the delay? Just curious. Please advise.",delivery_delay,template,delivery_delay:core4,val
cancel laptop stand order,cancellation,template,cancellation:short4,train
"Hello team, Do I get the shipping fee back if I return the water bottle?",refund_request,template,refund_request:core17,test
i do not know how i can see the ETA of purcyase 30218,order_status,bitext,bitext:i do not know how i can see the eta of purcyase order number,train
What's the difference between the two throw blanket models on your site? Thanks.,product_question,template,product_question:core10,train
"Hello, Delivery keeps getting pushed back on the tracking page for my garden hose order.",delivery_delay,template,delivery_delay:core7,val
damaged board game,damaged_item,template,damaged_item:short1,train
help to see in what cases can I ask to be reimbursed I've emailed twice and nobody has replied.,refund_request,bitext,bitext:help to see in what cases can i ask to be reimbursed,train
"damaged desk lamp it's not a big deal, just wanted to ask",damaged_item,template,damaged_item:short1,train
"Hey, My dashboard shows the order as 'pending'. Is that expected? Hope you're having a good day! Thanks.",order_status,template,order_status:core10,val
My package has said 'delayed in transit' for 2 days. I'm usually home in the afternoons. Thanks in advance.,delivery_delay,template,delivery_delay:core21,train
refund for order ORD-27944,refund_request,template,refund_request:short0,train
"Hi there, The courier attempted delivery once and never came back, now it's been a week with no update. Please advise.",delivery_delay,template,delivery_delay:core13,test
duvet cover warranty?,product_question,template,product_question:short0,val
Does the laptop stand work with 220V outlets abroad? Thanks in advance.,product_question,template,product_question:core18,val
the tracking nmuber you sent me shows 'not found' on the carrier site!! please respond asap,order_status,template,order_status:core23,train
"hi, my package was suppoed to arrive 5 days ago and it's still not here, no courier updates. no rush on this. tahnks in avdance",delivery_delay,template,delivery_delay:core0,train
"to whom it may concern, i ordered a car seat cover and when it arrived, the box was completely crushed and the item is broken. kind of annoyed at this point. please advise",damaged_item,template,damaged_item:core0,train
"Hello team, I ordered the wrong kitchen scale by mistake, can you cancel it? Please advise.",cancellation,template,cancellation:core2,train
"good morning, i returned the wireless mose over a week ago and still haven't received my refund. i expcted better from your store. tanks",refund_request,template,refund_request:core0,val
has my camera tripod shipped,order_status,template,order_status:short3,test
bookshelf dimensions,product_question,template,product_question:short2,train
"The picture frame was damaged in transit, the corner is crushed and it won't turn on. Honestly I'm at my wits' end. Thank you!",damaged_item,template,damaged_item:core21,train
"Hi there, Can the air fryer be used outdoors? Thanks in advance.",product_question,template,product_question:core7,train
i have to check in what cases can i request a reimbursement,refund_request,bitext,bitext:i have to check in what cases can i request a reimbursement,test
"Hi, Will the stand mixer be back in stock soon? Thank you!",product_question,template,product_question:core4,train
under which circumstances can I request refunds? I'm seriously considering never ordering from here again.,refund_request,bitext,bitext:under which circumstances can i request refunds,train
"To whom it may concern, My new tent has several parts physically broken off. It arrived like this. Please advise.",damaged_item,template,damaged_item:core6,val
"hi, i accidentally placed the same order twice. please cnacel one of them. please advise",cancellation,template,cancellation:core7,train
i dont want purchase #13617 could i cancel it,cancellation,bitext,bitext:i dont want purchase order number could i cancel it,train
"Hi, Can I get the duvet cover engraved or personalized? Please advise.",product_question,template,product_question:core22,val
"Hello, I sent the tent back last week. Has the refund been processed?",refund_request,template,refund_request:core3,val
"Hello team, My suitcase arrived soaking wet and the box was falling apart, the item itself is stained. My patience has run out. Regards, Fatima",damaged_item,template,damaged_item:core8,train
"The delivery date keeps changing every time I check, it's now well past the original estimate!! This is urgent, I need it for my son's birthday on Friday. Thank you!",delivery_delay,template,delivery_delay:core10,train
what do I have to do to cancel order #69470?,cancellation,bitext,bitext:what do i have to do to cancel order order number,train
"Received order #78665 and the backpack is defective, it has a big crack down the side. Just curious.",damaged_item,template,damaged_item:core22,train
"Hi there, My package showed up today but the water bottle inside is dented and doesn't work anymore. Thanks in advance.",damaged_item,template,damaged_item:core2,train
I was told it would arrive by Thursday. It's now a week past that. Thanks.,delivery_delay,template,delivery_delay:core23,train
helpme check your refund policy,refund_request,bitext,bitext:helpme check your refund policy,val
"Hey, Has my rice cooker shipped yet? Absolutely ridiculous. Thanks in advance.",order_status,template,order_status:core15,train
I do not know how I could cancel purchase 67954,cancellation,bitext,bitext:i do not know how i could cancel purchase order number,test
"Hey, Is my package still on track to arrive this week? I can't find any status update. No hurry at all. Thank you!",order_status,template,order_status:core8,train
"Hello, I ordered a stand mixer and when it arrived, the box was completely crushed and the item is broken. I'm pretty disappointed, honestly.",damaged_item,template,damaged_item:core0,train
Tracking says 'out for delivery' since yesterday but nothing has shown up. This is really frustrating. Please advise.,delivery_delay,template,delivery_delay:core3,train
I have to check in what cases can I request my money back,refund_request,bitext,bitext:i have to check in what cases can i request my money back,val
"Good morning, I was promised delivery days ago and it's still not here. No hurry at all. Cheers, Jordan",delivery_delay,template,delivery_delay:core6,train
Please cancel order #75752!! Please respond ASAP.,cancellation,template,cancellation:core0,val
I do not know how I can see purchase #76543 status I ordered it as a gift.,order_status,bitext,bitext:i do not know how i can see purchase order number status,train
phone case battery life,product_question,template,product_question:short7,train
"Hey, DELIVERY KEEPS GETTING PUSHED BACK ON THE TRACKING PAGE FOR MY BLENDER ORDER. Worst customer service I have ever dealt with. Cheers, Alex",delivery_delay,template,delivery_delay:core7,val
order 87293 arrived damaged,damaged_item,template,damaged_item:short5,train
I need help cancelling purchase ORD-28373,cancellation,bitext,bitext:i need help cancelling purchase order number,train
i need assistance to check how long refunds take Just curious.,refund_request,bitext,bitext:i need assistance to check how long refunds take,train
I need help with cancellng order 89276,cancellation,bitext,bitext:i need help with cancellng order order number,val
phone case warranty?,product_question,template,product_question:short0,val
"Hey, Do I get the shipping fee back if I return the picture frame? Hope you're having a good day! Thanks in advance.",refund_request,template,refund_request:core17,test
check order ORD-60422 status,order_status,bitext,bitext:check order order number status,val
"Hello team, What's the difference between the two electric kettle models on your site? I ordered it as a gift. Cheers, Jordan",product_question,template,product_question:core10,train
"Hi, When is my laptop stand expected to arrive? Please advise.",order_status,template,order_status:core25,train
where do I see the ETA of the order #64287?,order_status,bitext,bitext:where do i see the eta of the order order number,train
"I expect a refund of $109, has it been processed?",refund_request,bitext,bitext:i expect a refund of currency symbolrefund amount has it been processed,train
"The desk lamp was damaged in transit, the corner is crushed and it won't turn on. Hope you're having a good day! Regards, Chen",damaged_item,template,damaged_item:core21,train
i sent the laptop stand back last week. has the refund been processed? i shouldn't have to case you for this,refund_request,template,refund_request:core3,val
"Good morning, What's happening with order 80879? It's been sitting at 'order received' for a while now. Just curious. Regards, Tom",order_status,template,order_status:core11,train
"Good morning, The hair dryer I ordered arrived cracked. Clearly damaged in shipping.",damaged_item,template,damaged_item:core1,train
"hello, delivery keeps getting pushed back on the tracking page for my yoga mat order. no rush on this. regards, sam",delivery_delay,template,delivery_delay:core7,val
i want assistance to see the status of purchase #22689,order_status,bitext,bitext:i want assistance to see the status of purchase order number,train
is there a bigger size of the bookshelf? thanks in advance,product_question,template,product_question:core15,train
i dont know how to cancel order #69598,cancellation,bitext,bitext:i dont know how to cancel order order number,test
I'm trying to cancel order #89131,cancellation,bitext,bitext:im trying to cancel order order number,train
needto locate order #92991 how can i do it,order_status,bitext,bitext:needto locate order order number how can i do it,train
"Hello, Half of the smartwatch was smashed when I opened the package. Regards, Sam",damaged_item,template,damaged_item:core18,train
"To whom it may concern, My order confirmation says it shipped but the tracking link isn't working. What's the current status? It's not a big deal, just wanted to ask. Thanks.",order_status,template,order_status:core4,train
how can I see order ORD-84946 current status?,order_status,bitext,bitext:how can i see order order number current status,train
"Hello team, I changed my mind, please cancel my order before it's sent. I'm usually home in the afternoons.",cancellation,template,cancellation:core12,test
"I need to see the ETA of the purchase #27675, help me",order_status,bitext,bitext:i need to see the eta of the purchase order number help me,val
i need help seeing ur reimbursement policy,refund_request,bitext,bitext:i need help seeing ur reimbursement policy,test
"I am waiting for a compensation of $207, was it processed Just curious.",refund_request,bitext,bitext:i am waiting for a compensation of currency symbolrefund amount was it processed,test
"I can't pay for this item, can I cancel order ORD-88104?",cancellation,bitext,bitext:i cant pay for this item can i cancel order order number,train
"The shipment has been stuck at the same tracking checkpoint for 10 days now, past the delivery date. Regards, Aisha",delivery_delay,template,delivery_delay:core5,val
"Hey, I was told it would arrive by Monday. It's now 6 days past that. Please treat this as a priority, I'm travelling soon. Regards, Tom",delivery_delay,template,delivery_delay:core23,train
"Hello, This is the second delay notice I've received for order 62802. What's going on? I'm pretty disappointed, honestly. Regards, Maria",delivery_delay,template,delivery_delay:core16,train
"Hi, My new water bottle has several parts physically broken off. It arrived like this. I ordered it as a gift.",damaged_item,template,damaged_item:core6,val
I can no longer pay for order ORD-21226,cancellation,bitext,bitext:i can no longer pay for order order number,train
my order is 2 days late,delivery_delay,template,delivery_delay:short9,train
i do not know what to do to cancel purchase #56105 I shouldn't have to chase you for this.,cancellation,bitext,bitext:i do not know what to do to cancel purchase order number,train
does the toloset come in black,product_question,template,product_question:short3,train
"hi, my new bluetooth speaker has several parts physcally broken off. it arrived like this. please advise",damaged_item,template,damaged_item:core6,val
can uhelp me demanding a rebate,refund_request,bitext,bitext:can uhelp me demanding a rebate,train
"Good morning, I want to cancel the robot vacuum from my order but keep the rest.",cancellation,template,cancellation:core9,train
What material is the board game made of? Thanks in advance.,product_question,template,product_question:core5,train
What material is the headphones made of?,product_question,template,product_question:core5,train
"hi, what are the dimensions of the toolset? please treat this as a priority, i'm travelling soon",product_question,template,product_question:core2,test
"I'm still waiting on order 34696 that was due over a week ago. The order is under my partner's name. Regards, Fatima",delivery_delay,template,delivery_delay:core19,train
"Hi, My refund for order #57668 says 'approved' but the money isn't in my account. I ordered it as a gift. Regards, Maria",refund_request,template,refund_request:core13,train
I can send my receipt if needed. i cfannot see order 25907 current status,order_status,bitext,bitext:i cfannot see order order number current status,train
help me see in what situations can i request to be refunded,refund_request,bitext,bitext:help me see in what situations can i request to be refunded,train
blender is dented Kind of annoyed at this point.,damaged_item,template,damaged_item:short8,val
"Hi, I ordered a monitor a week ago and still don't have a tracking number. Is that normal? I've been waiting a long time for this. Cheers, Luca",order_status,template,order_status:core3,train
"Good morning, Is the monitor waterproof? Regards, Alex",product_question,template,product_question:core21,train
i accidetnally placed the same order twice. please cancel one of them,cancellation,template,cancellation:core7,train
"My throw blanket was due on Thursday and it never showed up. It's time-sensitive. Regards, Alex",delivery_delay,template,delivery_delay:core20,train
"To whom it may concern, The shipment has been stuck at the same tracking checkpoint for 3 days now, past the delivery date. Thanks.",delivery_delay,template,delivery_delay:core5,val
can you help me see purchase 45761 current status?,order_status,bitext,bitext:can you help me see purchase order number current status,train
"Hello, How do I clean the duvet cover?",product_question,template,product_question:core16,train
"purchase 24201 ststus This is urgent, I need it for my son's birthday on Sunday.",order_status,bitext,bitext:purchase order number ststus,train
"My yoga mat arrived dented and I'd like a replacement. I'm pretty disappointed, honestly. Thanks.",damaged_item,template,damaged_item:core17,train
I do not know what to do to see the status of ordrr #94109,order_status,bitext,bitext:i do not know what to do to see the status of ordrr order number,train
"Hello, My stand mixer order has been in transit for 3 days, way longer than the delivery estimate. Thanks in advance.",delivery_delay,template,delivery_delay:core14,test
"To whom it may concern, I ordered the wrong electric kettle by mistake, can you cancel it? I'm usually home in the afternoons. Regards, Luca",cancellation,template,cancellation:core2,train
I want assistance cancelling purchase ORD-18418 Worst customer service I have ever dealt with.,cancellation,bitext,bitext:i want assistance cancelling purchase order number,train
"hello, i'd like a refund for the desk lamp, i don't need it anymore. i'm pretty disappointed, honestly. thanks",refund_request,template,refund_request:core18,train
is the mechanical keyboard waterproof,product_question,template,product_question:short1,val
"hey, the package is overdue by 6 days and the courier won't give me a new date. please advise",delivery_delay,template,delivery_delay:core26,train
what do I need to do to cancel order #25129?,cancellation,bitext,bitext:what do i need to do to cancel order order number,train
"hello, my package showed up today but the coffee maker inside is dented and doesn't work anymore. just curious. thank you",damaged_item,template,damaged_item:core2,train
would it be possible to ask for compensations of my money? My patience has run out.,refund_request,bitext,bitext:would it be possible to ask for compensations of my money,train
my thow blanket came cracked,damaged_item,template,damaged_item:short4,train
running shoes in stock?,product_question,template,product_question:short4,train
I try to check purchase ORD-24089 current status,order_status,bitext,bitext:i try to check purchase order number current status,train
"Hello, I want to confirm my hair dryer order actually went through and is being processed. Cheers, Priya",order_status,template,order_status:core12,train
"Hey, I placed an order an hour ago and need to cancel it. My patience has run out. Thanks in advance.",cancellation,template,cancellation:core14,test
i bought some damn item help to cancep order #99166,cancellation,bitext,bitext:i bought some damn item help to cancep order order number,test
"Hi there, I changed my mind about the toolset. Can I return it and get a refund? It's a gift for an event this weekend so I really need an answer now.",refund_request,template,refund_request:core12,val
blnder size guide,product_question,template,product_question:short5,train
I don't know how I can get a refund of money,refund_request,bitext,bitext:i dont know how i can get a refund of money,train
is laptop stand compatible with a standard us outlet hope you're having a good day,product_question,template,product_question:short8,train
"hello team, my package was supposed to arrive 8 days ago and it's still not here, no courier updates. i shouldn't have to chase you for this",delivery_delay,template,delivery_delay:core0,train
received a defective running shoes,damaged_item,template,damaged_item:short7,train
blender in stock?,product_question,template,product_question:short4,train
refund status? I will be leaving a one-star review.,refund_request,template,refund_request:short3,val
my order #12962 is now 6 days late. can you tell me what's causing the delay? thank you,delivery_delay,template,delivery_delay:core4,val
can ya help me cancel purchzse #41890 I need this sorted out today.,cancellation,bitext,bitext:can ya help me cancel purchzse order number,test
I have to see the ETA of the order #79228,order_status,bitext,bitext:i have to see the eta of the order order number,train
"To whom it may concern, Does the tent need batteries or does it plug in? It's a gift for an event this weekend so I really need an answer now. Regards, Fatima",product_question,template,product_question:core6,test
"hi, the glass on my sneakers was shattered in the box. can i get a replacement or refund? whenever you get a chance. regards, tom",damaged_item,template,damaged_item:core19,val
"Hello team, I got order #59641 today and the stand mixer is completely shattered inside the packaging. No rush on this. Thank you!",damaged_item,template,damaged_item:core10,train
"Hey, I'm still waiting on order ORD-15988 that was due a week ago.",delivery_delay,template,delivery_delay:core19,train
I received a damaged item. My stand mixer won't function properly because of visible damage. I'm usually home in the afternoons.,damaged_item,template,damaged_item:core13,test
How do I set up my new suitcase? The manual isn't clear. No hurry at all. Please advise.,product_question,template,product_question:core9,test
"Good morning, Half of the air fryer was smashed when I opened the package. Cheers, Maria",damaged_item,template,damaged_item:core18,train
I cannot afford purchase 92544,cancellation,bitext,bitext:i cannot afford purchase order number,train
show me under which circumstances can I ask to be reimbursed,refund_request,bitext,bitext:show me under which circumstances can i ask to be reimbursed,val
"Hello, Can you give me an update on my order status? I haven't received a shipping confirmation for my throw blanket yet. I've emailed twice and nobody has replied. Thanks in advance.",order_status,template,order_status:core2,train
has my coffee maker shipped,order_status,template,order_status:short3,test
"This is the second delay notice I've received for order #73444. What's going on? Kind of annoyed at this point. Cheers, Priya",delivery_delay,template,delivery_delay:core16,train
is smartwatch compatible with my old model,product_question,template,product_question:short8,train
My order is late. It was supposed to be here already. Just curious.,delivery_delay,template,delivery_delay:core24,train
"I'm pretty disappointed, honestly. running shoes material?",product_question,template,product_question:short9,train
"Hello, My suitcase arrived broken into pieces, the packaging was torn open too. Honestly I'm at my wits' end. Cheers, Jordan",damaged_item,template,damaged_item:core5,test
"Hello, Will the car seat cover be back in stock soon? Please advise.",product_question,template,product_question:core4,train
What's the battery life on the car seat cover? It's a gift for an event this weekend so I really need an answer now. Please advise.,product_question,template,product_question:core19,train
I never got an order confirmation email for my office chair. Did the order go through?,order_status,template,order_status:core16,test
want help to see the restitution status,refund_request,bitext,bitext:want help to see the restitution status,test
"Hey, Delivery was supposed to happen already but tracking still shows it in a different city.",delivery_delay,template,delivery_delay:core15,test
i do not know how i can canmcel order #95215,cancellation,bitext,bitext:i do not know how i can canmcel order order number,train
I'm trying to demand a rebate of my money,refund_request,bitext,bitext:im trying to demand a rebate of my money,train
I want to confirm my toolset order actually went through and is being processed. Whenever you get a chance. Thanks.,order_status,template,order_status:core12,train
how to use blender,product_question,template,product_question:short6,test
"Hi there, THIS IS THE SECOND DELAY NOTICE I'VE RECEIVED FOR ORDER ORD-41429. WHAT'S GOING ON!! My patience has run out. Please advise.",delivery_delay,template,delivery_delay:core16,train
"The running shoes I purchased came with a snapped part, unusable as is. I've been waiting a long time for this. Thanks.",damaged_item,template,damaged_item:core15,train
What's the difference between the two tent models on your site?,product_question,template,product_question:core10,train
can uhelp me to cancel purchase ORD-90728,cancellation,bitext,bitext:can uhelp me to cancel purchase order number,val
I placed my order 3 days ago and it still says processing. Can you check on it? I shouldn't have to chase you for this.,order_status,template,order_status:core0,train
Is the mechanical keyboard compatible with a PS5? I'm usually home in the afternoons. Thanks.,product_question,template,product_question:core3,train
"hi there, my oder is late. it was suppsoed to be here already. just curious. regards, fatma",delivery_delay,template,delivery_delay:core24,train
"Hey, The estimated delivery date has already passed and I still haven't received my winter jacket.",delivery_delay,template,delivery_delay:core1,train
"i was promised delivery days ago and it's still not here. cheers, chen",delivery_delay,template,delivery_delay:core6,train
"Hi, The kitchen scale arrived with missing pieces and a cracked casing. Not happy about this at all.",damaged_item,template,damaged_item:core11,train
"Hi, My order ORD-26842 was marked 'delayed' with no explanation and no new delivery date given.",delivery_delay,template,delivery_delay:core11,test
need to see purchase 54589 status,order_status,bitext,bitext:need to see purchase order number status,train
"Good morning, The delivery date keeps changing every time I check, it's now well past the original estimate. Not happy about this at all. Thank you!",delivery_delay,template,delivery_delay:core10,train
Will the laptop stand be back in stock soon? The order is under my partner's name. Thank you!,product_question,template,product_question:core4,train
Just wondering if my stand mixer order has left the warehouse yet. Thanks in advance.,order_status,template,order_status:core6,test
The box was fine but the toolset inside was broken. Whenever you get a chance. Thanks.,damaged_item,template,damaged_item:core16,train
"Hey, Please cancel order 45124. Cheers, Luca",cancellation,template,cancellation:core0,val
what is order #92242 status,order_status,bitext,bitext:what is order order number status,train
"Hi there, I want to cancel the desk lamp from my order but keep the rest. I expected better from your store. Thanks.",cancellation,template,cancellation:core9,train
what is order #17355 crrent status,order_status,bitext,bitext:what is order order number crrent status,train
"Hi there, There's no cancel button on my order page. How do I cancel order ORD-59145? The order is under my partner's name.",cancellation,template,cancellation:core10,train
how could i see the eta of the order #85341,order_status,bitext,bitext:how could i see the eta of the order order number,train
i need assistance to get rebates,refund_request,bitext,bitext:i need assistance to get rebates,val
"Hello, Do I get the shipping fee back if I return the night lamp? I need this resolved immediately. Cheers, Sam",refund_request,template,refund_request:core17,test
"I need to cancel order ORD-77879, I no longer need the board game. Appreciate any info.",cancellation,template,cancellation:core5,train
status of my toolset order,order_status,template,order_status:short4,train
"Good morning, I paid for expedited shipping but my coffee maker is now later than standard delivery would've been. Thanks in advance.",delivery_delay,template,delivery_delay:core12,train
"Hey, When is my robot vacuum expected to arrive? Regards, Aisha",order_status,template,order_status:core25,train
"Hi, Please cancel order #23303. Thanks in advance.",cancellation,template,cancellation:core0,val
can you show me the ETA of order #80931?,order_status,bitext,bitext:can you show me the eta of order order number,train
"To whom it may concern, My order is late. It was supposed to be here already. Let me know what you need from me. Regards, Maria",delivery_delay,template,delivery_delay:core24,train
want assistance canceling purchase #63225,cancellation,bitext,bitext:want assistance canceling purchase order number,train
"Hello team, My order ORD-76287 is now a week late. Can you tell me what's causing the delay? Honestly I'm at my wits' end. Regards, Luca",delivery_delay,template,delivery_delay:core4,val
need assistance locating purchase 91006,order_status,bitext,bitext:need assistance locating purchase order number,train
have problems with cancelling purchase #24953,cancellation,bitext,bitext:have problems with cancelling purchase order number,train
i need assistance checking the ETA of the purchase #71918,order_status,bitext,bitext:i need assistance checking the eta of the purchase order number,val
"to whom it may concern, when is my desk lamp expected to arrive? i'm pretty disappointed, honestly. thank you",order_status,template,order_status:core25,train
How much weight can the office chair hold? Thanks in advance.,product_question,template,product_question:core12,val
"Hi there, WHEN WILL MY REFUND OF $364.76 SHOW UP ON MY CARD? I will be leaving a one-star review.",refund_request,template,refund_request:core2,train
"hi there, does the electric kettle work with 220v outlets abroad? thanks",product_question,template,product_question:core18,val
"Hi there, The box was fine but the wireless mouse inside was broken. Please advise.",damaged_item,template,damaged_item:core16,train
is my order confirmed my email is the one on the account,order_status,template,order_status:short8,train
"Hi there, I paid for expedited shipping but my winter jacket is now later than standard delivery would've been. Please advise.",delivery_delay,template,delivery_delay:core12,train
"Hi, What material is the air fryer made of? I ordered it as a gift. Regards, Priya",product_question,template,product_question:core5,train
"Hi, My package is significantly overdue. I need an answer before Thursday. Please advise.",delivery_delay,template,delivery_delay:core17,train
"I need to locate purchase 52219, how do I do it?",order_status,bitext,bitext:i need to locate purchase order number how do i do it,train
can ya help me cancel purchase 19016,cancellation,bitext,bitext:can ya help me cancel purchase order number,val
"Hi, Is the desk lamp waterproof? Cheers, Tom",product_question,template,product_question:core21,train
"Hey, The backpack I bought is bent out of shape, definitely damaged during delivery. Please advise.",damaged_item,template,damaged_item:core9,train
I do not know how to see the status of order ORD-47079,order_status,bitext,bitext:i do not know how to see the status of order order number,test
"Good morning, The phone case leaked everywhere inside the box, it's ruined. Appreciate any info.",damaged_item,template,damaged_item:core23,train
"Hello team, I want to confirm my yoga mat order actually went through and is being processed. Not happy about this at all.",order_status,template,order_status:core12,train
I'm trying to check purcahse #93066 current status,order_status,bitext,bitext:im trying to check purcahse order number current status,test
"Hello team, Could you check the current status of order #12837? I haven't heard anything since checkout. Thank you!",order_status,template,order_status:core13,train
i want my money back worst customer service i have ever dealt with,refund_request,template,refund_request:short2,test
"I do not want this article, cancel order #74251",cancellation,bitext,bitext:i do not want this article cancel order order number,train
"The laptop stand isn't as described on the website, I'd like to return it for a refund. Let me know what you need from me. Cheers, Jordan",refund_request,template,refund_request:core8,train
can you help me request compensations of money? Hope you're having a good day!,refund_request,bitext,bitext:can you help me request compensations of money,train
"Hello team, I want a full refund for order 85987. Kind of annoyed at this point. Regards, Maria",refund_request,template,refund_request:core7,train
how can I cancel purchase ORD-88193?,cancellation,bitext,bitext:how can i cancel purchase order number,train
"hello, please cancel my purchase of the smartwatch and confirm by email. no hurry at all. thanks in advance",cancellation,template,cancellation:core11,train
"Good morning, The package is overdue by 2 days and the courier won't give me a new date. The order is under my partner's name.",delivery_delay,template,delivery_delay:core26,train
see in which cases can I request a reimbursement,refund_request,bitext,bitext:see in which cases can i request a reimbursement,train
"Hey, I placed my order 6 days ago and it still says processing. Can you check on it? Please advise.",order_status,template,order_status:core0,train
help canceling purchase 54942 No hurry at all.,cancellation,bitext,bitext:help canceling purchase order number,test
"Hello team, Does the air fryer ship with a charger? Thanks.",product_question,template,product_question:core11,train
I need to see the current status of order #83516,order_status,bitext,bitext:i need to see the current status of order order number,test
"I'd like a refund for order #69406, the night lamp isn't what I expected. Thank you!",refund_request,template,refund_request:core1,test
"Hi, How do I cancel an order I placed 5 days ago? I can send my receipt if needed. Please advise.",cancellation,template,cancellation:core3,train
is the blender waterproof,product_question,template,product_question:short1,val
i requested a cancellation for order 34182 but it still shws as active. i need this resolved immediately. please advise,cancellation,template,cancellation:core17,val
"To whom it may concern, Will the running shoes be back in stock soon? Please treat this as a priority, I'm travelling soon. Regards, Jordan",product_question,template,product_question:core4,train
"Hello, The courier attempted delivery once and never came back, now it's been a week with no update. Appreciate any info. Please advise.",delivery_delay,template,delivery_delay:core13,test
I can send my receipt if needed. broken car seat cover received,damaged_item,template,damaged_item:short3,train
damaged monitor,damaged_item,template,damaged_item:short1,train
"Hello, My order confirmation says it shipped but the tracking link isn't working. What's the current status?",order_status,template,order_status:core4,train
"To whom it may concern, What's the difference between the two water bottle models on your site? Thanks.",product_question,template,product_question:core10,train
Does the mirror ship with a charger? Thanks.,product_question,template,product_question:core11,train
"To whom it may concern, I'd like a refund for the air fryer, I don't need it anymore. Whenever you get a chance. Thanks in advance.",refund_request,template,refund_request:core18,train
"Good morning, Can you stop my order from shipping? I want to cancel it. Thanks in advance.",cancellation,template,cancellation:core8,train
parcel stuck in transit 4 days,delivery_delay,template,delivery_delay:short6,train
"Hi, Can you give me an update on my order status? I haven't received a shipping confirmation for my running shoes yet. Thank you!",order_status,template,order_status:core2,train
I want help locating order ORD-50173,order_status,bitext,bitext:i want help locating order order number,train
where do i see the status of purchase 22026 No hurry at all.,order_status,bitext,bitext:where do i see the status of purchase order number,train
The estimated delivery date has already passed and I still haven't received my winter jacket. Kind of annoyed at this point.,delivery_delay,template,delivery_delay:core1,train
need assistance to track order 39693,order_status,bitext,bitext:need assistance to track order order number,val
"Hey, Can I get my money back for the coffee maker? It doesn't fit. Cheers, Tom",refund_request,template,refund_request:core4,train
"Hello, IS THE BOARD GAME AVAILABLE IN OTHER COLORS? Worst customer service I have ever dealt with. Thanks in advance.",product_question,template,product_question:core1,train
kitchen scale arrived broken Appreciate any info.,damaged_item,template,damaged_item:short0,train
Could you send me the tracking number for order ORD-26014? Kind of annoyed at this point. Thank you!,order_status,template,order_status:core18,train
"To whom it may concern, I got order #33152 today and the monitor is completely shattered inside the packaging. Please advise.",damaged_item,template,damaged_item:core10,train
late delivery #23441 I shouldn't have to chase you for this.,delivery_delay,template,delivery_delay:short8,train
"Good morning, Does the mirror have a sleep or auto-off mode?",product_question,template,product_question:core20,train
"hi, the toolset arrived with msising pieecs and a cracked casing",damaged_item,template,damaged_item:core11,train
I placed an order an hour ago and need to cancel it. This is really frustrating.,cancellation,template,cancellation:core14,test
"The suitcase was damaged in transit, the corner is crushed and it won't turn on. Thanks in advance.",damaged_item,template,damaged_item:core21,train
"Hello, When is my mechanical keyboard expected to arrive? Thank you!",order_status,template,order_status:core25,train
"Hey, Does the backpack ship with a charger? Thanks.",product_question,template,product_question:core11,train
"Good morning, My car seat cover arrived dented and I'd like a replacement. I'm pretty disappointed, honestly.",damaged_item,template,damaged_item:core17,train
"hi, is the winter jacket compatible with an iphone 15? i expected better from your store. thank you",product_question,template,product_question:core3,train
"Hello, I want to cancel the backpack from my order but keep the rest. Whenever you get a chance.",cancellation,template,cancellation:core9,train
It's been 2 days past the delivery estimate and the courier still hasn't delivered my kitchen scale. Let me know what you need from me.,delivery_delay,template,delivery_delay:core9,train
"hello team, can someone tell me if my sneakers has been packed yet? no updates on the site. if this isn't fixed i'm filing a chargeback with my bank. please advise",order_status,template,order_status:core9,val
"To whom it may concern, The delivery date keeps changing every time I check, it's now well past the original estimate.",delivery_delay,template,delivery_delay:core10,train
Let me know what you need from me. help me see purchase #89569 status,order_status,bitext,bitext:help me see purchase order number status,val
"Hello team, Is the night lamp you sell the latest model? Thank you!",product_question,template,product_question:core17,train
I have got to demand a rebate,refund_request,bitext,bitext:i have got to demand a rebate,train
"Hello team, Is the duvet cover waterproof?",product_question,template,product_question:core21,train
"Hello team, I paid for expedited shipping but my mirror is now later than standard delivery would've been!! I need this resolved immediately. Regards, Chen",delivery_delay,template,delivery_delay:core12,train
The package is overdue by 3 days and the courier won't give me a new date. Please advise.,delivery_delay,template,delivery_delay:core26,train
"To whom it may concern, My refund for order #70369 says 'approved' but the money isn't in my account.",refund_request,template,refund_request:core13,train
"hi, how do i clean the wireless mouse?",product_question,template,product_question:core16,train
late delivery ord-26561,delivery_delay,template,delivery_delay:short8,train
"Good morning, I was charged twice for order #85965, please refund the duplicate charge. Appreciate any info. Thanks.",refund_request,template,refund_request:core10,train
"Hi there, The estimated delivery date has already passed and I still haven't received my mechanical keyboard. Please respond ASAP. Cheers, Jordan",delivery_delay,template,delivery_delay:core1,train
"Hello, I got order ORD-50575 today and the rice cooker is completely shattered inside the packaging. It's not a big deal, just wanted to ask. Thanks.",damaged_item,template,damaged_item:core10,train
"hi there, does the garden hose come with a warranty? it's not a big deal, just wanted to ask. please advise",product_question,template,product_question:core0,val
"good morning, my package is significantly overdue. it's not a big deal, just wanted to ask. thanks",delivery_delay,template,delivery_delay:core17,train
damaged air fryer,damaged_item,template,damaged_item:short1,train
bookshelf dimensions The order is under my partner's name.,product_question,template,product_question:short2,train
"Hi, I opened the box and my coffee maker already has a large scratch and dent on it. Whenever you get a chance. Thanks.",damaged_item,template,damaged_item:core7,train
monitor warranty?,product_question,template,product_question:short0,val
"Hello, The mirror arrived with missing pieces and a cracked casing.",damaged_item,template,damaged_item:core11,train
"The tent leaked everywhere inside the box, it's ruined. I'm usually home in the afternoons. Regards, Chen",damaged_item,template,damaged_item:core23,train
"I have paid $480 for this order, I want my reimbursement",refund_request,bitext,bitext:i have paid currency symbolrefund amount for this order i want my reimbursement,val
"Hi, My rice cooker came scratched all over and one part is snapped. Cheers, Chen",damaged_item,template,damaged_item:core20,val
"Hi there, You refunded me in store credit but I want the money back on my card. Thank you!",refund_request,template,refund_request:core19,test
"hey, the suitcase leaked everywhere inside the box, it's ruined. kind of annoyed at this point. please advise",damaged_item,template,damaged_item:core23,train
help canceling order ORD-11658,cancellation,bitext,bitext:help canceling order order number,train
"Hi, Please cancel order #77718. The order is under my partner's name. Regards, Jordan",cancellation,template,cancellation:core0,val
"Hey, The return was delivered back to you 2 days ago. Where is my refund of $423.87? Thanks.",refund_request,template,refund_request:core16,train
"Can the refund go to my original payment method? Regards, Priya",refund_request,template,refund_request:core15,train
"does the robot vacuum ship with a charger? please respond asap. cheers, chen",product_question,template,product_question:core11,train
Does the desk lamp come with a warranty? I've been waiting a long time for this.,product_question,template,product_question:core0,val
stop my odrer,cancellation,template,cancellation:short6,train
"Hello team, I'd like a refund for the monitor, I don't need it anymore. Not happy about this at all.",refund_request,template,refund_request:core18,train
"Hi there, What's happening with order 42409? It's been sitting at 'order received' for a while now. Regards, Alex",order_status,template,order_status:core11,train
"Does the mechanical keyboard have a sleep or auto-off mode? Cheers, Maria",product_question,template,product_question:core20,train
"I can't afford order #51104, could I cancel it? Hope you're having a good day!",cancellation,bitext,bitext:i cant afford order order number could i cancel it,train
"Good morning, How long do refunds usually take to process? Cheers, Luca",refund_request,template,refund_request:core11,train
"Hello team, The smartwatch arrived with missing pieces and a cracked casing. I can send my receipt if needed. Thanks.",damaged_item,template,damaged_item:core11,train
i need assistance cancelling uprchase #21359,cancellation,bitext,bitext:i need assistance cancelling uprchase order number,train
"Hey, I need to cancel order ORD-46345, I no longer need the laptop stand. Cheers, Jordan",cancellation,template,cancellation:core5,train
"To whom it may concern, I got the board game today but it's broken. I can send photos. Regards, Chen",damaged_item,template,damaged_item:core24,train
refund to original card,refund_request,template,refund_request:short9,train
need to check the eta of order #98381,order_status,bitext,bitext:need to check the eta of order order number,train
The glass on my monitor was shattered in the box. Can I get a replacement or refund? Just curious. Thanks in advance.,damaged_item,template,damaged_item:core19,val
"Good morning, Does the phone case have a sleep or auto-off mode!! I will be leaving a one-star review. Regards, Sam",product_question,template,product_question:core20,train
"I bought some items, cancel order #24168 Kind of annoyed at this point.",cancellation,bitext,bitext:i bought some items cancel order order number,test
I want a full refund for order #60712. My email is the one on the account.,refund_request,template,refund_request:core7,train
i can no longer afford order #87656 could i cancel it,cancellation,bitext,bitext:i can no longer afford order order number could i cancel it,train
"I changed my mind about the car seat cover. Can I return it and get a refund? Regards, Tom",refund_request,template,refund_request:core12,val
my stand mixer arrived scratched,damaged_item,template,damaged_item:short9,test
damaged water bottle,damaged_item,template,damaged_item:short1,train
I expected better from your store. i have to check the ETA of order #71000 ohw do i do it,order_status,bitext,bitext:i have to check the eta of order order number ohw do i do it,test
help checking in which cases can I ask to be reimbursed Hope you're having a good day!,refund_request,bitext,bitext:help checking in which cases can i ask to be reimbursed,val
"Received order #87125 and the yoga mat is defective, it has a big crack down the side. This is really frustrating.",damaged_item,template,damaged_item:core22,train
question about cancelling purchase #99065,cancellation,bitext,bitext:question about cancelling purchase order number,train
my garden hose came cracked no rush on this,damaged_item,template,damaged_item:short4,train
"Hello team, What's the difference between the two headphones models on your site? Thanks in advance.",product_question,template,product_question:core10,train
"To whom it may concern, Can the refund go to my original payment method? Cheers, Fatima",refund_request,template,refund_request:core15,train
tent size guide,product_question,template,product_question:short5,train
Just checking in on order 90145. When will it ship? Please advise.,order_status,template,order_status:core1,val
smartwatch material?,product_question,template,product_question:short9,train
refund status? Hope you're having a good day!,refund_request,template,refund_request:short3,val
The electric kettle I ordered came with a large tear. It looks like it was damaged before packing. Let me know what you need from me. Thanks in advance.,damaged_item,template,damaged_item:core3,val
"to whom it may concern, i paid for expedited shipping but my bluetooth speaker is now later than standard delivery would've been. i expected better from your store. cheers, tom",delivery_delay,template,delivery_delay:core12,train
order ORD-21836 current status,order_status,bitext,bitext:order order number current status,train
I need to check in what cases can I request reimbursements Hope you're having a good day!,refund_request,bitext,bitext:i need to check in what cases can i request reimbursements,val
"Hi there, THE SNEAKERS ARRIVED WITH MISSING PIECES AND A CRACKED CASING. Worst customer service I have ever dealt with.",damaged_item,template,damaged_item:core11,train
"Hey, How do I cancel an order I placed over a week ago? Thanks.",cancellation,template,cancellation:core3,train
"Good morning, I placed my order 10 days ago and it still says processing. Can you check on it? Please advise.",order_status,template,order_status:core0,train
"hello team, i opened the box and my air fryer already has a large scrach and dent on it. this is completely unacceptable!! cheers, maria",damaged_item,template,damaged_item:core7,train
I'd like to cancel my pre-order for the running shoes. Thanks.,cancellation,template,cancellation:core15,val
I need help to check how long reimburssements take,refund_request,bitext,bitext:i need help to check how long reimburssements take,train
tent battery life kind of annoyed at this point,product_question,template,product_question:short7,train
i need assistance to checck ur money back policy,refund_request,bitext,bitext:i need assistance to checck ur money back policy,train
"My new coffee maker has several parts physically broken off. It arrived like this. Appreciate any info. Cheers, Chen",damaged_item,template,damaged_item:core6,val
"Hello, I was told it would arrive by Tuesday. It's now a week past that. Regards, Aisha",delivery_delay,template,delivery_delay:core23,train
help me obtain a compensation of money,refund_request,bitext,bitext:help me obtain a compensation of money,test
"There's no cancel button on my order page. How do I cancel order ORD-51212? No hurry at all. Regards, Tom",cancellation,template,cancellation:core10,train
Does the winter jacket come with a warranty!! It's a gift for an event this weekend so I really need an answer now.,product_question,template,product_question:core0,val
"Hello, What material is the winter jacket made of? Cheers, Sam",product_question,template,product_question:core5,train
i want my mnoey back,refund_request,template,refund_request:short2,test
"Hello team, Please cancel the laptop stand order, my address is wrong and I'll reorder. Hope you're having a good day! Thanks.",cancellation,template,cancellation:core16,train
does the phone case have a sleep or auto-off mode? thanks in advance,product_question,template,product_question:core20,train
where can I obtain reimbursements of money?,refund_request,bitext,bitext:where can i obtain reimbursements of money,train
wanna check in wshat situations can i ask for a refund,refund_request,bitext,bitext:wanna check in wshat situations can i ask for a refund,test
when wil i get a rebate,refund_request,bitext,bitext:when wil i get a rebate,train
"Good morning, I sent the garden hose back last week. Has the refund been processed? Thank you!",refund_request,template,refund_request:core3,val
"hi there, i changed my mind, please cancel my order before it's sent. wheneevr you get a chance. plesae advise",cancellation,template,cancellation:core12,test
I requested a cancellation for order ORD-76808 but it still shows as active.,cancellation,template,cancellation:core17,val
"Hi, Cancel my order please, I found it cheaper elsewhere.",cancellation,template,cancellation:core4,train
"Hi, The package is overdue by 3 days and the courier won't give me a new date. Thank you!",delivery_delay,template,delivery_delay:core26,train
"Hi there, I was told it would arrive by Wednesday. It's now 10 days past that. I ordered it as a gift. Thanks.",delivery_delay,template,delivery_delay:core23,train
"Hi there, The laptop stand leaked everywhere inside the box, it's ruined. Kind of annoyed at this point. Please advise.",damaged_item,template,damaged_item:core23,train
how could i see the status of my refund,refund_request,bitext,bitext:how could i see the status of my refund,train
I accidentally placed the same order twice. Please cancel one of them. Thanks.,cancellation,template,cancellation:core7,train
"Hello team, Can the bookshelf be used outdoors? No hurry at all. Thank you!",product_question,template,product_question:core7,train
"Hi, I placed my order over a week ago and it still says processing. Can you check on it? Regards, Fatima",order_status,template,order_status:core0,train
"Hi there, Cancel my order please, I found it cheaper elsewhere. Thanks.",cancellation,template,cancellation:core4,train
"hello, the tracking number you sent me shows 'not found' on the carrier site!! my patience has run out. thanks",order_status,template,order_status:core23,train
"Hey, I was charged $447.34 but you only refunded part of it. Hope you're having a good day!",refund_request,template,refund_request:core5,train
Kind of annoyed at this point. is it possible to check the ETA oif order #12128,order_status,bitext,bitext:is it possible to check the eta oif order order number,test
order ord-56292 arrived damaegd,damaged_item,template,damaged_item:short5,train
"Hello, Half of the bluetooth speaker was smashed when I opened the package. Regards, Sam",damaged_item,template,damaged_item:core18,train
"Hi, Half of the backpack was smashed when I opened the package!! Please treat this as a priority, I'm travelling soon. Cheers, Sam",damaged_item,template,damaged_item:core18,train
cancel my oredr this is the third time i've contacted you about this,cancellation,template,cancellation:short1,train
"Hello, Where can I track my order? I can't find the link in my account. I'm usually home in the afternoons.",order_status,template,order_status:core19,test
cancel suitcase odrer appreciate any info,cancellation,template,cancellation:short4,train
I want help requesting my money back,refund_request,bitext,bitext:i want help requesting my money back,train
"Hey, The electric kettle arrived with missing pieces and a cracked casing.",damaged_item,template,damaged_item:core11,train
"Good morning, I'd like to cancel my pre-order for the picture frame. Regards, Priya",cancellation,template,cancellation:core15,val
"Hello team, The shipment has been stuck at the same tracking checkpoint for 4 days now, past the delivery date. I need this sorted out today.",delivery_delay,template,delivery_delay:core5,val
"Hey, The shipment has been stuck at the same tracking checkpoint for 8 days now, past the delivery date. I've been waiting a long time for this. Thank you!",delivery_delay,template,delivery_delay:core5,val
"To whom it may concern, The tracking number you sent me shows 'not found' on the carrier site.",order_status,template,order_status:core23,train
"Hello team, My board game order has been in transit for 8 days, way longer than the delivery estimate. No hurry at all. Cheers, Aisha",delivery_delay,template,delivery_delay:core14,test
my camera tripod came cracked,damaged_item,template,damaged_item:short4,train
"Good morning, When is my duvet cover expected to arrive? I need this sorted out today. Regards, Sam",order_status,template,order_status:core25,train
"The laptop stand leaked everywhere inside the box, it's ruined. Hope you're having a good day!",damaged_item,template,damaged_item:core23,train
I need help seeing in which cases can I ask for a reufnd,refund_request,bitext,bitext:i need help seeing in which cases can i ask for a reufnd,train
"Good morning, The delivery date keeps changing every time I check, it's now well past the original estimate. Let me know what you need from me. Regards, Chen",delivery_delay,template,delivery_delay:core10,train
"Hi there, CAN THE REFUND GO TO MY ORIGINAL PAYMENT METHOD? I've emailed twice and nobody has replied. Regards, Priya",refund_request,template,refund_request:core15,train
Can the refund go to my original payment method? Not happy about this at all. Please advise.,refund_request,template,refund_request:core15,train
"good morning, the estimated delivery date has already passed and i still haven't received my hair dryer!! i need this resolved immediately. regards, jordan",delivery_delay,template,delivery_delay:core1,train
how can I check the ETA of the purchase #41604?,order_status,bitext,bitext:how can i check the eta of the purchase order number,train
"Hey, The picture frame I ordered has a broken part right out of the package. I will be leaving a one-star review.",damaged_item,template,damaged_item:core12,test
"hey, the estimated delivery date has already passed and i still haven't received my car seat cover. i expected better from your store. please advise",delivery_delay,template,delivery_delay:core1,train
"Good morning, Is the car seat cover you sell the latest model?",product_question,template,product_question:core17,train
"Hey, How do I clean the car seat cover? I need an answer before Wednesday. Thanks.",product_question,template,product_question:core16,train
help to see if there is anything new on the damn refund,refund_request,bitext,bitext:help to see if there is anything new on the damn refund,test
"I need to see the reimbursement status, how can I do it?",refund_request,bitext,bitext:i need to see the reimbursement status how can i do it,test
"Hi there, When will my refund of $46.78 show up on my card? Cheers, Jordan",refund_request,template,refund_request:core2,train
My order 60408 was marked 'delayed' with no explanation and no new delivery date given. Hope you're having a good day! Thanks.,delivery_delay,template,delivery_delay:core11,test
"Good morning, CANCEL MY ORDER PLEASE, I FOUND IT CHEAPER ELSEWHERE. This is the third time I've contacted you about this.",cancellation,template,cancellation:core4,train
I expect an restitution of $228 I've been waiting a long time for this.,refund_request,bitext,bitext:i expect an restitution of currency symbolrefund amount,val
"I am waiting for a rebate of $111, was it processed",refund_request,bitext,bitext:i am waiting for a rebate of currency symbolrefund amount was it processed,train
"Good morning, I returned the picture frame 2 days ago and still haven't received my refund. Thank you!",refund_request,template,refund_request:core0,val
"hi there, can you tell me when order #63261 will ship? cheers, sam",order_status,template,order_status:core14,train
late delivery #51463,delivery_delay,template,delivery_delay:short8,train
I don't know how I can check the ETA of order732201349959,order_status,bitext,bitext:i dont know how i can check the eta of order0,train
I'd like to cancel my pre-order for the air fryer. My email is the one on the account. Thanks in advance.,cancellation,template,cancellation:core15,val
"good morning, is there a bigger size of the laptop stand? regards, chen",product_question,template,product_question:core15,train
"Hello team, The estimated delivery date has already passed and I still haven't received my bookshelf. Whenever you get a chance. Cheers, Chen",delivery_delay,template,delivery_delay:core1,train
"Hi there, When is my camera tripod expected to arrive?",order_status,template,order_status:core25,train
where is my order,order_status,template,order_status:short0,train
order 95198 arrived damaged,damaged_item,template,damaged_item:short5,train
"To whom it may concern, What's the battery life on the hair dryer? Hope you're having a good day! Thanks.",product_question,template,product_question:core19,train
I expected better from your store. how to track order #74752?,order_status,bitext,bitext:how to track order order number,test
"the yoga mat i bought is bent out of shape, definitely damaged during delivery. thanks",damaged_item,template,damaged_item:core9,train
"Hello team, I was charged $444.96 but you only refunded part of it. Thank you!",refund_request,template,refund_request:core5,train
"I never got an order confirmation email for my running shoes. Did the order go through? I ordered it as a gift. Cheers, Sam",order_status,template,order_status:core16,test
"Good morning, Is the air fryer you sell the latest model? I can send my receipt if needed. Thank you!",product_question,template,product_question:core17,train
Please cancel order #15504. It's time-sensitive.,cancellation,template,cancellation:core0,val
"Is the yoga mat you sell the latest model? No hurry at all. Cheers, Tom",product_question,template,product_question:core17,train
"I'm pretty disappointed, honestly. i need assistancechecking the status of order ORD-80592",order_status,bitext,bitext:i need assistancechecking the status of order order number,train
"Hi, What are the dimensions of the monitor!! Please respond ASAP. Regards, Priya",product_question,template,product_question:core2,test
"Good morning, Please cancel my purchase of the board game and confirm by email. Regards, Alex",cancellation,template,cancellation:core11,train
"Hi there, Can you give me an update on my order status? I haven't received a shipping confirmation for my headphones yet. This is really frustrating.",order_status,template,order_status:core2,train
"Hey, My order is late. It was supposed to be here already.",delivery_delay,template,delivery_delay:core24,train
The desk lamp I ordered has a broken part right out of the package.,damaged_item,template,damaged_item:core12,test
"I paid $271 for this purchase, I want my rebate",refund_request,bitext,bitext:i paid currency symbolrefund amount for this purchase i want my rebate,train
"Hi, CAN I CANCEL ORDER 32587 IF IT HAS ALREADY SHIPPED? I want someone to call me back TODAY.",cancellation,template,cancellation:core13,test
There's no cancel button on my order page. How do I cancel order #36601? Please advise.,cancellation,template,cancellation:core10,train
"hi, it's been 2 days past the delivery estimate and the courier still hasn't delivered my car seat cover. whenever you get a chance. cheers, jordan",delivery_delay,template,delivery_delay:core9,train
"Hey, The return was delivered back to you two weeks ago. Where is my refund of $173.78? It's not a big deal, just wanted to ask. Cheers, Jordan",refund_request,template,refund_request:core16,train
"Hi there, What material is the smartwatch made of? I ordered it as a gift. Cheers, Fatima",product_question,template,product_question:core5,train
"To whom it may concern, What stage is order ORD-61544 at right now? Please advise.",order_status,template,order_status:core26,train
Can I get the picture frame engraved or personalized? Thanks in advance.,product_question,template,product_question:core22,val
does the water bottle come in black,product_question,template,product_question:short3,train
late delivery #62245,delivery_delay,template,delivery_delay:short8,train
where could i see the eta of order #41147,order_status,bitext,bitext:where could i see the eta of order order number,train
"To whom it may concern, I ordered a smartwatch and when it arrived, the box was completely crushed and the item is broken. Let me know what you need from me. Thanks in advance.",damaged_item,template,damaged_item:core0,train
"I don't want this item, cancel order ORD-56357",cancellation,bitext,bitext:i dont want this item cancel order order number,test
"Hi there, My package showed up today but the suitcase inside is dented and doesn't work anymore. Thank you!",damaged_item,template,damaged_item:core2,train
"hi, is the wireless mouse you sell the latest model? just curious. thanks in advance",product_question,template,product_question:core17,train
How much weight can the picture frame hold? I can send my receipt if needed. Thanks.,product_question,template,product_question:core12,val
electric kettle size gude,product_question,template,product_question:short5,train
WHAT MATERIAL IS THE SMARTWATCH MADE OF? I'm seriously considering never ordering from here again.,product_question,template,product_question:core5,train
The sneakers I ordered has a broken part right out of the package. Honestly I'm at my wits' end.,damaged_item,template,damaged_item:core12,test
where do I check the ETA of purchase #39552?,order_status,bitext,bitext:where do i check the eta of purchase order number,val
"Hi, Delivery keeps getting pushed back on the tracking page for my desk lamp order. It's not a big deal, just wanted to ask.",delivery_delay,template,delivery_delay:core7,val
"To whom it may concern, I got the monitor today but it's broken. I can send photos. I can send my receipt if needed. Thanks in advance.",damaged_item,template,damaged_item:core24,train
"I'd like an ETA for my robot vacuum, please. I'm usually home in the afternoons.",order_status,template,order_status:core22,train
I've been waiting a long time for this. is it possible to check purchase ORD-12853 status?,order_status,bitext,bitext:is it possible to check purchase order number status,test
"I was told it would arrive by Thursday. It's now 10 days past that. Whenever you get a chance. Regards, Aisha",delivery_delay,template,delivery_delay:core23,train
delivery date pased,delivery_delay,template,delivery_delay:short4,train
"Hello, The glass on my headphones was shattered in the box. Can I get a replacement or refund? Regards, Aisha",damaged_item,template,damaged_item:core19,val
late delivery #57491,delivery_delay,template,delivery_delay:short8,train
how can I see the status of purchae ORD-78875?,order_status,bitext,bitext:how can i see the status of purchae order number,train
"Hello, Can I cancel order ORD-82343 if it has already shipped? Let me know what you need from me. Cheers, Fatima",cancellation,template,cancellation:core13,test
kitchen scale warranty?,product_question,template,product_question:short0,val
air fryer batery life,product_question,template,product_question:short7,train
"Hi there, I requested a cancellation for order ORD-94253 but it still shows as active. I ordered it as a gift. Thanks in advance.",cancellation,template,cancellation:core17,val
"Hello, Just wondering if my coffee maker order has left the warehouse yet. I can send my receipt if needed. Cheers, Tom",order_status,template,order_status:core6,test
"good morning, my picture frame came scratched all over and one part is snapped. this is really frustrating. cheers, chen",damaged_item,template,damaged_item:core20,val
"does the winter jacket work with 220v outlets abroad!! i'm seriously considering never ordering from here again. regards, aisha",product_question,template,product_question:core18,val
"I'd like an ETA for my monitor, please. Regards, Priya",order_status,template,order_status:core22,train
does the robot vacuum come in black,product_question,template,product_question:short3,train
"Hello, The backpack I ordered has a broken part right out of the package. Kind of annoyed at this point.",damaged_item,template,damaged_item:core12,test
"the carrier keeps saying 'delivery exception' and my backpack is now late. i'm pretty disappointed, honestly. please advise",delivery_delay,template,delivery_delay:core22,train
I'm not satisfied with the bookshelf and would like my money back. Please advise.,refund_request,template,refund_request:core14,train
I need help to receive a compensation of money,refund_request,bitext,bitext:i need help to receive a compensation of money,val
eta on order 22948,order_status,template,order_status:short7,train
"Hi, Is the headphones available in other colors? Thanks.",product_question,template,product_question:core1,train
"Good morning, The board game was damaged in transit, the corner is crushed and it won't turn on. Thank you!",damaged_item,template,damaged_item:core21,train
"Hi there, The mirror I purchased came with a snapped part, unusable as is. Hope you're having a good day! Thanks in advance.",damaged_item,template,damaged_item:core15,train
"To whom it may concern, When is my rice cooker expected to arrive? I ordered it as a gift. Thanks in advance.",order_status,template,order_status:core25,train
I expect a compendation of $139,refund_request,bitext,bitext:i expect a compendation of currency symbolrefund amount,val
i was chared $341.02 but you only refunded part of it,refund_request,template,refund_request:core5,train
"Hi there, Cancel my order please, I found it cheaper elsewhere. Regards, Luca",cancellation,template,cancellation:core4,train
does the office chair come in black,product_question,template,product_question:short3,train
"Hello team, The delivery date keeps changing every time I check, it's now well past the original estimate. Thanks.",delivery_delay,template,delivery_delay:core10,train
"Hello team, DOES THE SUITCASE NEED BATTERIES OR DOES IT PLUG IN? This is completely unacceptable!! Thank you!",product_question,template,product_question:core6,test
i need help seeing purchase 32280 status,order_status,bitext,bitext:i need help seeing purchase order number status,test
assistance to see the ETA of the order 86858,order_status,bitext,bitext:assistance to see the eta of the order order number,test
i want assistance tocancel order #40735,cancellation,bitext,bitext:i want assistance tocancel order order number,train
"To whom it may concern, Cancel my order please, I found it cheaper elsewhere. No rush on this. Regards, Chen",cancellation,template,cancellation:core4,train
I need help seeing your reimbursement policy,refund_request,bitext,bitext:i need help seeing your reimbursement policy,train
questionn about canceling order #82848,cancellation,bitext,bitext:questionn about canceling order order number,train
"Hey, The courier attempted delivery once and never came back, now it's been 2 days with no update. Please respond ASAP. Cheers, Sam",delivery_delay,template,delivery_delay:core13,test
wireless mouse dimensions,product_question,template,product_question:short2,train
"Hi there, Can you stop my order from shipping? I want to cancel it. Whenever you get a chance. Thanks.",cancellation,template,cancellation:core8,train
I want to check the ETA of the purchase ORD-32630,order_status,bitext,bitext:i want to check the eta of the purchase order number,val
i dont know how to ask for a refund of my money This is completely unacceptable!!,refund_request,bitext,bitext:i dont know how to ask for a refund of my money,train
it's been stuck in customs for 3 days and is now past the delivery estimate. thanks in avance,delivery_delay,template,delivery_delay:core25,train
assistance to see purchase 47880 status,order_status,bitext,bitext:assistance to see purchase order number status,val
"I want to see the ETA of the purchase ORD-99742, I need help",order_status,bitext,bitext:i want to see the eta of the purchase order number i need help,test
"Hey, Could you send me the tracking number for order #18997? This is really frustrating. Please advise.",order_status,template,order_status:core18,train
received a defective suitcase,damaged_item,template,damaged_item:short7,train
stop my order,cancellation,template,cancellation:short6,train
received a defective monitor,damaged_item,template,damaged_item:short7,train
how do i check the status of purchase #83783,order_status,bitext,bitext:how do i check the status of purchase order number,val
"Hello, Is order ORD-63935 still on schedule for delivery? Just curious. Thanks in advance.",order_status,template,order_status:core21,train
help checkig in what situations can i ask for a refund I shouldn't have to chase you for this.,refund_request,bitext,bitext:help checkig in what situations can i ask for a refund,val
"Hey, My garden hose order has been in transit for 10 days, way longer than the delivery estimate. If this isn't fixed I'm filing a chargeback with my bank. Thank you!",delivery_delay,template,delivery_delay:core14,test
"To whom it may concern, MY PACKAGE IS SIGNIFICANTLY OVERDUE!! I want someone to call me back TODAY. Regards, Chen",delivery_delay,template,delivery_delay:core17,train
When will my refund of $79.89 show up on my card!! I'm seriously considering never ordering from here again. Thanks.,refund_request,template,refund_request:core2,train
refund not received I'm usually home in the afternoons.,refund_request,template,refund_request:short5,train
can ya help me to check the ETA of the order 40102,order_status,bitext,bitext:can ya help me to check the eta of the order order number,train
could you help me cancelling purchase #43862?,cancellation,bitext,bitext:could you help me cancelling purchase order number,val
"Hey, I want to confirm my backpack order actually went through and is being processed. This is really frustrating. Please advise.",order_status,template,order_status:core12,train
"Hi, Does the wireless mouse ship with a charger? I'm pretty disappointed, honestly. Cheers, Tom",product_question,template,product_question:core11,train
does the pone case come in black,product_question,template,product_question:short3,train
I don't know what to do to locate order ORD-90610,order_status,bitext,bitext:i dont know what to do to locate order order number,val
cancel order #38347 pls,cancellation,template,cancellation:short8,train
i bought somegoddamn item how do i cancel order ORD-68008,cancellation,bitext,bitext:i bought somegoddamn item how do i cancel order order number,train
"Hello team, WHAT'S THE BATTERY LIFE ON THE TENT!! I will be leaving a one-star review. Thank you!",product_question,template,product_question:core19,train
absolutely ridiculous. want to cancel my purchase,cancellation,template,cancellation:short5,test
order #15982 arrived damaged,damaged_item,template,damaged_item:short5,train
order #47237 late No rush on this.,delivery_delay,template,delivery_delay:short3,train
"Hi there, Can you tell me when order ORD-52506 will ship? I ordered it as a gift. Please advise.",order_status,template,order_status:core14,train
"Hey, My sneakers arrived dented and I'd like a replacement. Thank you!",damaged_item,template,damaged_item:core17,train
"hi, the water bottle i purchased came with a sapped part, unusable as is. regards, fatima",damaged_item,template,damaged_item:core15,train
I don't know what to do to seeorder ORD-18109 status,order_status,bitext,bitext:i dont know what to do to seeorder order number status,train
I nee assistance to cancel purchase ORD-27786,cancellation,bitext,bitext:i nee assistance to cancel purchase order number,train
how could I check if there are any news on the refund?,refund_request,bitext,bitext:how could i check if there are any news on the refund,val
"hi there, the stand mixer i ordered came with a lage tear. it looks like it was damaged before packing. i shouldn't have to chase you for this",damaged_item,template,damaged_item:core3,val
ETA of ordr #27555,order_status,bitext,bitext:eta of ordr order number,train
help seeing in what cases can I ask for reimbursements I can send my receipt if needed.,refund_request,bitext,bitext:help seeing in what cases can i ask for reimbursements,train
"hi, my bluetooth speaker arrived broekn into pieces, the packaging was torn open too. thanks in advance",damaged_item,template,damaged_item:core5,test
sneakers warranty?,product_question,template,product_question:short0,val
"Hello, I accidentally placed the same order twice. Please cancel one of them. Thanks in advance.",cancellation,template,cancellation:core7,train
"Hey, THE WIRELESS MOUSE I ORDERED HAS A BROKEN PART RIGHT OUT OF THE PACKAGE. This is the third time I've contacted you about this.",damaged_item,template,damaged_item:core12,test
"Hello, Can the toolset be used outdoors? My patience has run out. Thanks in advance.",product_question,template,product_question:core7,train
"hello team, i'd like to cancel my pre-order for the toolset. thanks in advance",cancellation,template,cancellation:core15,val
"Does the wireless mouse need batteries or does it plug in? Regards, Maria",product_question,template,product_question:core6,test
"hello team, what material is the sneakers made of? let me know what you need from me. thanks in advance",product_question,template,product_question:core5,train
"It's not a big deal, just wanted to ask. how to see order #86271 fucking current status?",order_status,bitext,bitext:how to see order order number fucking current status,val
"To whom it may concern, Does the garden hose ship with a charger? I'm pretty disappointed, honestly. Thanks in advance.",product_question,template,product_question:core11,train
assistance to cancel order #93130,cancellation,bitext,bitext:assistance to cancel order order number,train
"I'd like a refund for order 29233, the monitor isn't what I expected. Cheers, Fatima",refund_request,template,refund_request:core1,test
"I'd like to cancel my suitcase order before it ships. It's a gift for an event this weekend so I really need an answer now. Regards, Sam",cancellation,template,cancellation:core1,train
how can I demand reimbursements of my money?,refund_request,bitext,bitext:how can i demand reimbursements of my money,val
"Hi, It's been stuck in customs for 5 days and is now past the delivery estimate.",delivery_delay,template,delivery_delay:core25,train
I want to cancel the robot vacuum from my order but keep the rest. This is really frustrating. Thanks.,cancellation,template,cancellation:core9,train
where to cancel purchase #30032 This is completely unacceptable!!,cancellation,bitext,bitext:where to cancel purchase order number,train
"hi there, i got order ord-93072 today and the water bottle is completely shattered inside the packaging",damaged_item,template,damaged_item:core10,train
"Good morning, Is the hair dryer waterproof? Thank you!",product_question,template,product_question:core21,train
"Good morning, My headphones arrived soaking wet and the box was falling apart, the item itself is stained. I've been waiting a long time for this. Regards, Fatima",damaged_item,template,damaged_item:core8,train
"To whom it may concern, My package has said 'delayed in transit' for 4 days. No hurry at all. Thanks in advance.",delivery_delay,template,delivery_delay:core21,train
"Hey, I opened the box and my running shoes already has a large scratch and dent on it. I ordered it as a gift. Cheers, Aisha",damaged_item,template,damaged_item:core7,train
"Good morning, The courier attempted delivery once and never came back, now it's been 10 days with no update. Thanks in advance.",delivery_delay,template,delivery_delay:core13,test
my hair dryer is overdue,delivery_delay,template,delivery_delay:short1,test
"to whom it may concern, is it too late to cancel order #20651? it sitll says processing. my email is the one on the account",cancellation,template,cancellation:core6,train
i want help to check order ORD-40433 status,order_status,bitext,bitext:i want help to check order order number status,train
How much weight can the night lamp hold!! My patience has run out.,product_question,template,product_question:core12,val
"Hello team, Do you sell replacement parts for the phone case? Regards, Alex",product_question,template,product_question:core14,train
checking status of order 41925,order_status,bitext,bitext:checking status of order order number,train
i dont want oredr 42951,cancellation,bitext,bitext:i dont want oredr order number,train
"I'm still waiting on order 59069 that was due over a week ago. Please respond ASAP. Regards, Sam",delivery_delay,template,delivery_delay:core19,train
"Hi, Does the sneakers need batteries or does it plug in!! This is the third time I've contacted you about this.",product_question,template,product_question:core6,test
"Hi there, Can the refund go to my original payment method!! It's a gift for an event this weekend so I really need an answer now.",refund_request,template,refund_request:core15,train
phone case dimensions,product_question,template,product_question:short2,train
stand mixer in stock?,product_question,template,product_question:short4,train
"It's not a big deal, just wanted to ask. phone case smashed in box",damaged_item,template,damaged_item:short6,train
can ya help me tracking order #34551,order_status,bitext,bitext:can ya help me tracking order order number,val
I received my order but the wireless mouse is cracked right out of the box. Please advise.,damaged_item,template,damaged_item:core4,test
"Good morning, You refunded me in store credit but I want the money back on my card. Appreciate any info. Please advise.",refund_request,template,refund_request:core19,test
"Hello team, Will the stand mixer be back in stock soon? Just curious.",product_question,template,product_question:core4,train
"My order is late. It was supposed to be here already. Regards, Priya",delivery_delay,template,delivery_delay:core24,train
refunding$376,refund_request,bitext,bitext:refundingcurrency symbolrefund amount,train
"To whom it may concern, The box was fine but the board game inside was broken. I can send my receipt if needed. Please advise.",damaged_item,template,damaged_item:core16,train
wanna see purchase #19564 current status Honestly I'm at my wits' end.,order_status,bitext,bitext:wanna see purchase order number current status,train
"Good morning, I changed my mind about the winter jacket. Can I return it and get a refund? Not happy about this at all. Cheers, Fatima",refund_request,template,refund_request:core12,val
"Hey, Could you check the current status of order ORD-54129? I haven't heard anything since checkout. Thanks in advance.",order_status,template,order_status:core13,train
i need help checking the ET of the purchase ORD-41891,order_status,bitext,bitext:i need help checking the et of the purchase order number,train
"my camera tripod is overdue I'm pretty disappointed, honestly.",delivery_delay,template,delivery_delay:short1,test
"The glass on my blender was shattered in the box. Can I get a replacement or refund? I'm usually home in the afternoons. Cheers, Alex",damaged_item,template,damaged_item:core19,val
garden hose warranty?,product_question,template,product_question:short0,val
question about canceling a bloody purchase,cancellation,bitext,bitext:question about canceling a bloody purchase,train
"Hey, I want to cancel the camera tripod from my order but keep the rest.",cancellation,template,cancellation:core9,train
"Hello team, I received my order but the air fryer is cracked right out of the box. I ordered it as a gift. Thanks.",damaged_item,template,damaged_item:core4,test
"Has my payment for order 65311 gone through? The status hasn't changed. I shouldn't have to chase you for this. Cheers, Chen",order_status,template,order_status:core24,train
"refund to original card It's not a big deal, just wanted to ask.",refund_request,template,refund_request:short9,train
can uhelp me check if there are any updates on the rebate,refund_request,bitext,bitext:can uhelp me check if there are any updates on the rebate,test
"I cannot afford this article, cancel order ORD-62521",cancellation,bitext,bitext:i cannot afford this article cancel order order number,train
"Hello, I'm still waiting on order 32858 that was due 10 days ago. I can send my receipt if needed. Please advise.",delivery_delay,template,delivery_delay:core19,train
i want my money back No rush on this.,refund_request,template,refund_request:short2,test
"Hello, I need to cancel order #14435, I no longer need the sneakers. Regards, Chen",cancellation,template,cancellation:core5,train
"Hey, Can you tell me when order 38931 will ship!! I need an answer before Monday. Thank you!",order_status,template,order_status:core14,train
"Hi there, How long do refunds usually take to process? Thanks in advance.",refund_request,template,refund_request:core11,train
"The coffee maker I bought is bent out of shape, definitely damaged during delivery.",damaged_item,template,damaged_item:core9,train
backpack is dented,damaged_item,template,damaged_item:short8,val
"Hello team, My wireless mouse came scratched all over and one part is snapped. I shouldn't have to chase you for this. Cheers, Aisha",damaged_item,template,damaged_item:core20,val
coffee maker in stock?,product_question,template,product_question:short4,train
I received a damaged item. My garden hose won't function properly because of visible damage. I will be leaving a one-star review. Thank you!,damaged_item,template,damaged_item:core13,test
"Hey, It's been stuck in customs for over a week and is now past the delivery estimate. Thank you!",delivery_delay,template,delivery_delay:core25,train
"To whom it may concern, My package has said 'delayed in transit' for 6 days. If this isn't fixed I'm filing a chargeback with my bank. Thank you!",delivery_delay,template,delivery_delay:core21,train
"My package missed its delivery window and there's been no update since!! I want someone to call me back TODAY. Regards, Tom",delivery_delay,template,delivery_delay:core8,val
I need help demanding a rebate of money,refund_request,bitext,bitext:i need help demanding a rebate of money,val
"Good morning, Can the refund go to my original payment method? Please advise.",refund_request,template,refund_request:core15,train
eta on order #43266,order_status,template,order_status:short7,train
"Hi there, Why is my delivery taking so long? It was supposed to arrive last week!! I've emailed twice and nobody has replied. Thanks.",delivery_delay,template,delivery_delay:core2,train
"Hey, Is there a bigger size of the water bottle? I expected better from your store. Please advise.",product_question,template,product_question:core15,train
where is ordered ORD-47752,order_status,bitext,bitext:where is ordered order number,val
laptop stand size guide,product_question,template,product_question:short5,train
canceling order 18675,cancellation,bitext,bitext:canceling order order number,train
refund status?,refund_request,template,refund_request:short3,val
"Hey, I ordered a car seat cover and when it arrived, the box was completely crushed and the item is broken. No hurry at all.",damaged_item,template,damaged_item:core0,train
"I ordered a toolset and when it arrived, the box was completely crushed and the item is broken. No hurry at all. Regards, Alex",damaged_item,template,damaged_item:core0,train
"Hello team, I was charged twice for order #88622, please refund the duplicate charge. Just curious.",refund_request,template,refund_request:core10,train
assistance to see the ETA of the purchase 26821 Let me know what you need from me.,order_status,bitext,bitext:assistance to see the eta of the purchase order number,train
"Hi, HOW MUCH WEIGHT CAN THE HEADPHONES HOLD!! Worst customer service I have ever dealt with. Please advise.",product_question,template,product_question:core12,val
"Hi, How do I clean the desk lamp? I've been waiting a long time for this. Cheers, Chen",product_question,template,product_question:core16,train
"Hi there, I'm not satisfied with the kitchen scale and would like my money back. Appreciate any info.",refund_request,template,refund_request:core14,train
"I have paid $245 for a purchase, I want to get a refund",refund_request,bitext,bitext:i have paid currency symbolrefund amount for a purchase i want to get a refund,train
"Hi there, The glass on my winter jacket was shattered in the box. Can I get a replacement or refund? The order is under my partner's name. Cheers, Priya",damaged_item,template,damaged_item:core19,val
My order confirmation says it shipped but the tracking link isn't working. What's the current status!! I will be leaving a one-star review. Thanks in advance.,order_status,template,order_status:core4,train
what's the battery life on the camera tripod? thanks in advance,product_question,template,product_question:core19,train
"Hi, Why is my delivery taking so long? It was supposed to arrive last week. Thanks in advance.",delivery_delay,template,delivery_delay:core2,train
Tracking says 'out for delivery' since yesterday but nothing has shown up. Honestly I'm at my wits' end. Thank you!,delivery_delay,template,delivery_delay:core3,train
"To whom it may concern, My dashboard shows the order as 'pending'. Is that expected? Thank you!",order_status,template,order_status:core10,val
need assistance to cancel purchase #51359 I've emailed twice and nobody has replied.,cancellation,bitext,bitext:need assistance to cancel purchase order number,train
The delivery for my desk lamp has been rescheduled multiple times without a clear reason. No rush on this.,delivery_delay,template,delivery_delay:core18,test
"To whom it may concern, What are the dimensions of the hair dryer? Please advise.",product_question,template,product_question:core2,test
show me the fucking current status of order #79397,order_status,bitext,bitext:show me the fucking current status of order order number,train
"Hello, How long do refunds usually take to process? No rush on this. Thank you!",refund_request,template,refund_request:core11,train
Whenever you get a chance. where can I demand a refund?,refund_request,bitext,bitext:where can i demand a refund,train
"Hey, The delivery date keeps changing every time I check, it's now well past the original estimate. My patience has run out.",delivery_delay,template,delivery_delay:core10,train
There's no cancel button on my order page. How do I cancel order 13486? Thank you!,cancellation,template,cancellation:core10,train
"Hi, I'm not satisfied with the hair dryer and would like my money back. I'm pretty disappointed, honestly. Thank you!",refund_request,template,refund_request:core14,train
is my order confirmed,order_status,template,order_status:short8,train
"Hello team, This is the second delay notice I've received for order 71633. What's going on? The order is under my partner's name.",delivery_delay,template,delivery_delay:core16,train
"Hey, I'd like to cancel my pre-order for the picture frame. Thanks.",cancellation,template,cancellation:core15,val
I have a problem with canceling purchase 48890,cancellation,bitext,bitext:i have a problem with canceling purchase order number,train
I haven't gotten any email updates since I placed my order. Can you check where it is? Appreciate any info. Please advise.,order_status,template,order_status:core7,val
"Hello team, Is there a bigger size of the office chair? Thanks.",product_question,template,product_question:core15,train
has my bluetooth speaker shipped Kind of annoyed at this point.,order_status,template,order_status:short3,test
"Hi, My new electric kettle has several parts physically broken off. It arrived like this. No hurry at all. Regards, Fatima",damaged_item,template,damaged_item:core6,val
"Hi there, I want to cancel the stand mixer from my order but keep the rest. Just curious. Thanks in advance.",cancellation,template,cancellation:core9,train
order #22411 late,delivery_delay,template,delivery_delay:short3,train
"Hello team, The glass on my winter jacket was shattered in the box. Can I get a replacement or refund? Kind of annoyed at this point. Thank you!",damaged_item,template,damaged_item:core19,val
"good morning, please cancel my purchase of the phone case and confrm by email. i can send my receipt if needed. regards, sam",cancellation,template,cancellation:core11,train
"Hello team, The box was fine but the stand mixer inside was broken. I've been waiting a long time for this. Regards, Luca",damaged_item,template,damaged_item:core16,train
"Hello, Can I get my money back for the tent? It doesn't fit. Just curious. Please advise.",refund_request,template,refund_request:core4,train
need to see how long refunds take can i get somehelp,refund_request,bitext,bitext:need to see how long refunds take can i get somehelp,train
"Hi, My camera tripod arrived broken into pieces, the packaging was torn open too. Thanks.",damaged_item,template,damaged_item:core5,test
order 58249 status No hurry at all.,order_status,template,order_status:short1,train
"Hi there, Can you stop my order from shipping? I want to cancel it. This is urgent, I need it for my son's birthday on Friday.",cancellation,template,cancellation:core8,train
"Hi, The courier attempted delivery once and never came back, now it's been 2 days with no update.",delivery_delay,template,delivery_delay:core13,test
"hello, i paid for expedited shipping but my throw blanket is now later than standard delivery would've been. thanks",delivery_delay,template,delivery_delay:core12,train
is duvet cover compatible with Windows 11,product_question,template,product_question:short8,train
"To whom it may concern, This is the second delay notice I've received for order ORD-20597. What's going on? Hope you're having a good day!",delivery_delay,template,delivery_delay:core16,train
I need to demnand reimbursements of money,refund_request,bitext,bitext:i need to demnand reimbursements of money,test
cancel my order Kind of annoyed at this point.,cancellation,template,cancellation:short1,train
I can't check if there are any news on my restitution,refund_request,bitext,bitext:i cant check if there are any news on my restitution,test
"Hi there, The coffee maker I ordered came with a large tear. It looks like it was damaged before packing.",damaged_item,template,damaged_item:core3,val
"Hello, The picture frame I purchased came with a snapped part, unusable as is. I shouldn't have to chase you for this.",damaged_item,template,damaged_item:core15,train
how can i see purchase #95660 sttatus,order_status,bitext,bitext:how can i see purchase order number sttatus,val
how to use water bottle,product_question,template,product_question:short6,test
i need assistance canceling roder #95426 I'm usually home in the afternoons.,cancellation,bitext,bitext:i need assistance canceling roder order number,train
help with cancelling purchase 82063,cancellation,bitext,bitext:help with cancelling purchase order number,val
"I can't pay for purchase #90676, how can I cancel it?",cancellation,bitext,bitext:i cant pay for purchase order number how can i cancel it,test
help cnceling order #82357 Appreciate any info.,cancellation,bitext,bitext:help cnceling order order number,train
I can send my receipt if needed. have problems wth cancelling order ORD-15075,cancellation,bitext,bitext:have problems wth cancelling order order number,train
"The laptop stand I bought is bent out of shape, definitely damaged during delivery. This is urgent, I need it for my son's birthday on Tuesday. Thank you!",damaged_item,template,damaged_item:core9,train
cancel order #39727 pls,cancellation,template,cancellation:short8,train
"the suitcase i bought is bent out of shape, definitely damaged during delivery. i've been waiting a long time for this",damaged_item,template,damaged_item:core9,train
"I no longer want order ORD-70910, I would like to cancel it This is urgent, I need it for my son's birthday on Wednesday.",cancellation,bitext,bitext:i no longer want order order number i would like to cancel it,train
i try to receive a rebate of money,refund_request,bitext,bitext:i try to receive a rebate of money,val
is the robot vacuum waterproof,product_question,template,product_question:short1,val
"I purchased some articles, cancel order #54020",cancellation,bitext,bitext:i purchased some articles cancel order order number,test
"To whom it may concern, Is there a bigger size of the bookshelf? Not happy about this at all. Thanks.",product_question,template,product_question:core15,train
"Hello, I want to cancel the toolset from my order but keep the rest. This is really frustrating. Thanks.",cancellation,template,cancellation:core9,train
"Please cancel the toolset order, my address is wrong and I'll reorder. This is really frustrating. Please advise.",cancellation,template,cancellation:core16,train
"I'm seriously considering never ordering from here again. I want to locate order ORD-93283, can I get some help?",order_status,bitext,bitext:i want to locate order order number can i get some help,train
"Hi, I got the toolset today but it's broken. I can send photos. Cheers, Aisha",damaged_item,template,damaged_item:core24,train
parcel stuck in transit 10 days,delivery_delay,template,delivery_delay:short6,train
"To whom it may concern, My mirror arrived soaking wet and the box was falling apart, the item itself is stained. I need this sorted out today. Thanks.",damaged_item,template,damaged_item:core8,train
"Hi there, Do you sell replacement parts for the coffee maker? Regards, Maria",product_question,template,product_question:core14,train
I requested a cancellation for order #45189 but it still shows as active!! I'm seriously considering never ordering from here again. Thanks in advance.,cancellation,template,cancellation:core17,val
I have to see purchase #57696 current status,order_status,bitext,bitext:i have to see purchase order number current status,train
"Hello, There's no cancel button on my order page. How do I cancel order #96000? I've been waiting a long time for this. Cheers, Alex",cancellation,template,cancellation:core10,train
see the ETA of purchase #27961,order_status,bitext,bitext:see the eta of purchase order number,train
"Hello, The robot vacuum isn't as described on the website, I'd like to return it for a refund. Thank you!",refund_request,template,refund_request:core8,train
"Good morning, I'm still waiting on order ORD-44312 that was due two weeks ago. This is urgent, I need it for my son's birthday on Thursday. Cheers, Jordan",delivery_delay,template,delivery_delay:core19,train
"Hello, My order is late. It was supposed to be here already. Honestly I'm at my wits' end. Cheers, Maria",delivery_delay,template,delivery_delay:core24,train
"To whom it may concern, What is your refund policy for items that have been opened? Honestly I'm at my wits' end. Thank you!",refund_request,template,refund_request:core6,train
I have a problem with cancelling purchase ORD-38893,cancellation,bitext,bitext:i have a problem with cancelling purchase order number,train
"Hello team, The box was fine but the kitchen scale inside was broken. Thanks in advance.",damaged_item,template,damaged_item:core16,train
coffee mker arrived broken,damaged_item,template,damaged_item:short0,train
"Hello, I need to cancel order #80652, I no longer need the office chair. Please advise.",cancellation,template,cancellation:core5,train
It's been stuck in customs for 5 days and is now past the delivery estimate. Please advise.,delivery_delay,template,delivery_delay:core25,train
"Hi, I haven't gotten any email updates since I placed my order. Can you check where it is? I expected better from your store. Thanks.",order_status,template,order_status:core7,val
"I was charged twice for order ORD-45156, please refund the duplicate charge. I shouldn't have to chase you for this. Thank you!",refund_request,template,refund_request:core10,train
"Hi, Please cancel the toolset order, my address is wrong and I'll reorder. No hurry at all. Thanks in advance.",cancellation,template,cancellation:core16,train
help me checking the status of purchase #75570 My patience has run out.,order_status,bitext,bitext:help me checking the status of purchase order number,val
"Hi, What stage is order #80950 at right now? I can send my receipt if needed.",order_status,template,order_status:core26,train
order ORD-78021 status,order_status,bitext,bitext:order order number status,train
order #81146 late,delivery_delay,template,delivery_delay:short3,train
"hi, it's been stuck in customs for 5 days and is now past the delivery estimate. let me know what you need from me. thanks in advance",delivery_delay,template,delivery_delay:core25,train
"I have to check the reimbursement current status, help me",refund_request,bitext,bitext:i have to check the reimbursement current status help me,train
"I paid $393 for a purchase, assistance obtaining a refund",refund_request,bitext,bitext:i paid currency symbolrefund amount for a purchase assistance obtaining a refund,train
"Hey, I received my order but the night lamp is cracked right out of the box. Please respond ASAP. Please advise.",damaged_item,template,damaged_item:core4,test
"Hi, Is the duvet cover dishwasher safe? Just curious. Please advise.",product_question,template,product_question:core8,train
canceling purchase #69638,cancellation,bitext,bitext:canceling purchase order number,train
"to whom it may concern, my yoga mat was due on wednesday and it nveer showed up. it's not a big deal, just wanted to ask. please advise",delivery_delay,template,delivery_delay:core20,train
"Hi, My order arrived with the box soaked and the tent inside no longer works. I need an answer before Wednesday. Regards, Maria",damaged_item,template,damaged_item:core14,train
Can I get my money back for the garden hose? It doesn't fit. My patience has run out.,refund_request,template,refund_request:core4,train
i ordered it as a gift. daaged laptop stand,damaged_item,template,damaged_item:short1,train
order ord-82740 arrived damaged,damaged_item,template,damaged_item:short5,train
I need assistance with cancelling order ORD-52753,cancellation,bitext,bitext:i need assistance with cancelling order order number,test
"Hi there, What's the difference between the two camera tripod models on your site? Regards, Alex",product_question,template,product_question:core10,train
"Hey, The carrier keeps saying 'delivery exception' and my garden hose is now late. I ordered it as a gift. Thanks.",delivery_delay,template,delivery_delay:core22,train
"Hello, The carrier keeps saying 'delivery exception' and my garden hose is now late. Thanks.",delivery_delay,template,delivery_delay:core22,train
"To whom it may concern, The estimated delivery date has already passed and I still haven't received my camera tripod.",delivery_delay,template,delivery_delay:core1,train
assistance checking the ETA of the purchase 88561,order_status,bitext,bitext:assistance checking the eta of the purchase order number,train
"I received my order but the blender is cracked right out of the box. I can send my receipt if needed. Cheers, Sam",damaged_item,template,damaged_item:core4,test
"Hello, Why is my delivery taking so long? It was supposed to arrive last week. Honestly I'm at my wits' end. Please advise.",delivery_delay,template,delivery_delay:core2,train
"hi there, please cancel my purchase of the backpack and confirm by email. i've been waiting a long time for this. cheers, tom",cancellation,template,cancellation:core11,train
"Hello, CAN I GET THE CAR SEAT COVER ENGRAVED OR PERSONALIZED? This is completely unacceptable!! Thanks.",product_question,template,product_question:core22,val
"Hi there, My rice cooker arrived soaking wet and the box was falling apart, the item itself is stained.",damaged_item,template,damaged_item:core8,train
"to whom it may concern, i changed my mind about the garden hose. can i return it and get a refund? please advise",refund_request,template,refund_request:core12,val
"Good morning, Do you sell replacement parts for the phone case? Please treat this as a priority, I'm travelling soon. Cheers, Maria",product_question,template,product_question:core14,train
"Hi, The estimated delivery date has already passed and I still haven't received my night lamp. I've been waiting a long time for this. Regards, Priya",delivery_delay,template,delivery_delay:core1,train
"it's not a big deal, just wanted to ask. is the desk lamp waterproof",product_question,template,product_question:short1,val
"Hello, I requested a cancellation for order #45467 but it still shows as active. Cheers, Jordan",cancellation,template,cancellation:core17,val
"Good morning, Delivery was supposed to happen already but tracking still shows it in a different city. I ordered it as a gift. Thanks in advance.",delivery_delay,template,delivery_delay:core15,test
"The water bottle leaked everywhere inside the box, it's ruined. Please respond ASAP. Thanks in advance.",damaged_item,template,damaged_item:core23,train
I need to check the ETA of the order #43352,order_status,bitext,bitext:i need to check the eta of the order order number,train
i do not know what to do to request a reimbursement of money,refund_request,bitext,bitext:i do not know what to do to request a reimbursement of money,val
assistance to see if there are any news on the compensation,refund_request,bitext,bitext:assistance to see if there are any news on the compensation,train
i want assisgance cancelling order ORD-33834,cancellation,bitext,bitext:i want assisgance cancelling order order number,train
whre is my order,order_status,template,order_status:short0,train
can you help me cancelling oredr #39219?,cancellation,bitext,bitext:can you help me cancelling oredr order number,val
I want help to locate order ORD-49893,order_status,bitext,bitext:i want help to locate order order number,train
"To whom it may concern, My bookshelf order has been in transit for 4 days, way longer than the delivery estimate.",delivery_delay,template,delivery_delay:core14,test
"Hello, MY PACKAGE IS SIGNIFICANTLY OVERDUE!! My patience has run out. Please advise.",delivery_delay,template,delivery_delay:core17,train
"Hi, Is the desk lamp waterproof? Appreciate any info. Regards, Maria",product_question,template,product_question:core21,train
"I changed my mind, please cancel my order before it's sent. I've been waiting a long time for this. Thanks in advance.",cancellation,template,cancellation:core12,test
"Hi, Is the phone case waterproof?",product_question,template,product_question:core21,train
"Hello, Can you give me an update on my order status? I haven't received a shipping confirmation for my wireless mouse yet. Thanks in advance.",order_status,template,order_status:core2,train
"Hey, What is your refund policy for items that have been opened? My email is the one on the account.",refund_request,template,refund_request:core6,train
My package is significantly overdue. Thank you!,delivery_delay,template,delivery_delay:core17,train
purchase #69614 status,order_status,bitext,bitext:purchase order number status,train
I'm waiting for a rebate of 213 dollars No rush on this.,refund_request,bitext,bitext:im waiting for a rebate of refund amount dollars,val
"Good morning, The estimated delivery date has already passed and I still haven't received my tent. I need this resolved immediately.",delivery_delay,template,delivery_delay:core1,train
is the kitchen scale waterproof i've been waiting a long time for this,product_question,template,product_question:short1,val
has my hair dryer shipped,order_status,template,order_status:short3,test
can i see the status of purchase ORD-93904 Not happy about this at all.,order_status,bitext,bitext:can i see the status of purchase order number,train
i dont want ordr #49829 could uhelp me cancel it,cancellation,bitext,bitext:i dont want ordr order number could uhelp me cancel it,train
I have got to see in which cases can I ask for refunds,refund_request,bitext,bitext:i have got to see in which cases can i ask for refunds,test
"To whom it may concern, What material is the office chair made of? Honestly I'm at my wits' end. Regards, Aisha",product_question,template,product_question:core5,train
"hello, i received a damaged item. my backpack won't function properly because of visible damage. thanks",damaged_item,template,damaged_item:core13,test
I try to obtain refunds,refund_request,bitext,bitext:i try to obtain refunds,train
"Hello, I'd like to know the status of order 39706, please. It's not a big deal, just wanted to ask. Thanks in advance.",order_status,template,order_status:core5,val
late delivery #46571,delivery_delay,template,delivery_delay:short8,train
how to cancel order,cancellation,template,cancellation:short3,train
can i see the eta of the order 60604,order_status,bitext,bitext:can i see the eta of the order order number,train
can you help me seeing in which cases can I request refunds?,refund_request,bitext,bitext:can you help me seeing in which cases can i request refunds,train
how to check if there are any news on my rebate?,refund_request,bitext,bitext:how to check if there are any news on my rebate,test
"Good morning, Do you sell replacement parts for the throw blanket? I shouldn't have to chase you for this. Thank you!",product_question,template,product_question:core14,train
"Hello team, Is my package still on track to arrive this week? I can't find any status update. Not happy about this at all. Regards, Alex",order_status,template,order_status:core8,train
"Hi there, Half of the wireless mouse was smashed when I opened the package. Thank you!",damaged_item,template,damaged_item:core18,train
"Hey, The delivery for my yoga mat has been rescheduled multiple times without a clear reason. Thanks.",delivery_delay,template,delivery_delay:core18,test
"Good morning, Can you give me an update on my order status? I haven't received a shipping confirmation for my electric kettle yet. Whenever you get a chance. Cheers, Chen",order_status,template,order_status:core2,train
"The delivery for my camera tripod has been rescheduled multiple times without a clear reason. I need an answer before Tuesday. Cheers, Jordan",delivery_delay,template,delivery_delay:core18,test
"Will the yoga mat be back in stock soon? This is urgent, I need it for my son's birthday on Friday.",product_question,template,product_question:core4,train
"Hey, I never got an order confirmation email for my toolset. Did the order go through? My email is the one on the account. Thanks.",order_status,template,order_status:core16,test
I don't know how to track purchase #91016,order_status,bitext,bitext:i dont know how to track purchase order number,train
"Hello, Tracking says 'out for delivery' since yesterday but nothing has shown up. Let me know what you need from me. Cheers, Maria",delivery_delay,template,delivery_delay:core3,train
"Hi, My order #62864 was marked 'delayed' with no explanation and no new delivery date given. Thank you!",delivery_delay,template,delivery_delay:core11,test
"Hi, Please cancel order #51308. Thanks.",cancellation,template,cancellation:core0,val
I need assistance with canceling purchase #61173,cancellation,bitext,bitext:i need assistance with canceling purchase order number,train
I do not know how I could see order ORD-29786 status,order_status,bitext,bitext:i do not know how i could see order order number status,train
"to whom it may concern, how do i set up my new duvet cover? the manual isn't clear",product_question,template,product_question:core9,test
Do you sell replacement parts for the desk lamp? Let me know what you need from me. Thanks in advance.,product_question,template,product_question:core14,train
i expect a damn restitution of 83 dollars was it processed I ordered it as a gift.,refund_request,bitext,bitext:i expect a damn restitution of refund amount dollars was it processed,train
"hello team, is it too late to cancel order 46780? it still says processing. i expected better from your sore",cancellation,template,cancellation:core6,train
check purchase 46342 current status I'm usually home in the afternoons.,order_status,bitext,bitext:check purchase order number current status,train
can uhelp me checking the eta of order 13396,order_status,bitext,bitext:can uhelp me checking the eta of order order number,train
"I paid $406 for this order, help me getting a compensation",refund_request,bitext,bitext:i paid currency symbolrefund amount for this order help me getting a compensation,train
"Hey, Where can I track my order? I can't find the link in my account. I've been waiting a long time for this.",order_status,template,order_status:core19,test
"Hi there, Does the blender work with 220V outlets abroad? Please advise.",product_question,template,product_question:core18,val
I want to see in what cases can Iask to be refunded,refund_request,bitext,bitext:i want to see in what cases can iask to be refunded,train
I don't know how I can locate purchase ORD-75308,order_status,bitext,bitext:i dont know how i can locate purchase order number,val
"Hey, Received order 40236 and the rice cooker is defective, it has a big crack down the side!! I need this resolved immediately. Regards, Sam",damaged_item,template,damaged_item:core22,train
"Hello team, How do I cancel an order I placed a week ago? Thank you!",cancellation,template,cancellation:core3,train
is stand mixer compatible with a ps5 let me know what you need from me,product_question,template,product_question:short8,train
parcel stuck in transit 8 days,delivery_delay,template,delivery_delay:short6,train
"Hi, What's happening with order ORD-99857? It's been sitting at 'order received' for a while now. Kind of annoyed at this point. Thanks in advance.",order_status,template,order_status:core11,train
"Hi, I received a damaged item. My wireless mouse won't function properly because of visible damage. Please advise.",damaged_item,template,damaged_item:core13,test
i want help checking the ETA of purchase ORD-72094,order_status,bitext,bitext:i want help checking the eta of purchase order number,train
"Hey, Is the electric kettle compatible with a standard US outlet? Appreciate any info. Thanks in advance.",product_question,template,product_question:core3,train
"I can't afford order #57795, could you cancel it?",cancellation,bitext,bitext:i cant afford order order number could you cancel it,train
Please cancel order 50854. Appreciate any info. Thanks in advance.,cancellation,template,cancellation:core0,val
"Hi, Is the phone case compatible with a MacBook?",product_question,template,product_question:core3,train
I have got to see purchase ORD-15706 current status I ordered it as a gift.,order_status,bitext,bitext:i have got to see purchase order number current status,test
can you show me in what situations can I ask for refunds?,refund_request,bitext,bitext:can you show me in what situations can i ask for refunds,train
"hey, the monitor isn't as described on the website, i'd like to return it for a refund. i shouldn't have to chase you for this. cheers, jordan",refund_request,template,refund_request:core8,train
"My order #34425 is now 8 days late. Can you tell me what's causing the delay? Cheers, Luca",delivery_delay,template,delivery_delay:core4,val
assistance to check order #32871 current status I'm usually home in the afternoons.,order_status,bitext,bitext:assistance to check order order number current status,train
"DO I GET THE SHIPPING FEE BACK IF I RETURN THE HAIR DRYER? I'm seriously considering never ordering from here again. Cheers, Luca",refund_request,template,refund_request:core17,test
"Hello team, I want to confirm my camera tripod order actually went through and is being processed. It's not a big deal, just wanted to ask. Thanks in advance.",order_status,template,order_status:core12,train
"Hello, I'd like a refund for order #98297, the hair dryer isn't what I expected. Regards, Jordan",refund_request,template,refund_request:core1,test
"good morning, i received my order but the hair dryer is cracked right out of the box. please advise",damaged_item,template,damaged_item:core4,test
"hello team, will the office cair be back in stock soon? thanks in advance",product_question,template,product_question:core4,train
"Hey, The delivery date keeps changing every time I check, it's now well past the original estimate. It's not a big deal, just wanted to ask. Thank you!",delivery_delay,template,delivery_delay:core10,train
"Hi, Could you check the current status of order #98148? I haven't heard anything since checkout. Thanks in advance.",order_status,template,order_status:core13,train
"Hi, I want to cancel the throw blanket from my order but keep the rest. Appreciate any info. Regards, Maria",cancellation,template,cancellation:core9,train
"hi there, just wondering if my picture frame orer has left the warehouse yet. just curious. cheers, aisha",order_status,template,order_status:core6,test
"I want someone to call me back TODAY. I purchased some items, cancel order 73993",cancellation,bitext,bitext:i purchased some items cancel order order number,test
"Hi there, Has my payment for order 40360 gone through? The status hasn't changed. Thank you!",order_status,template,order_status:core24,train
"Hello, I want a full refund for order 76419. I need an answer before Tuesday. Thanks.",refund_request,template,refund_request:core7,train
throw blanket arrived broekn,damaged_item,template,damaged_item:short0,train
"Hey, Is the phone case suitable for a beginner?",product_question,template,product_question:core13,train
I try to check order #26406 current status,order_status,bitext,bitext:i try to check order order number current status,train
"Hi, I was told it would arrive by Friday. It's now 10 days past that. Appreciate any info.",delivery_delay,template,delivery_delay:core23,train
need help with cancelliing order #16630 I can send my receipt if needed.,cancellation,bitext,bitext:need help with cancelliing order order number,test
I am trying to see order 35200 status,order_status,bitext,bitext:i am trying to see order order number status,train
"hello, my order #43013 is now 6 days late. can you tell me what's causing the delay? i can send my receipt if needed. cheers, jordan",delivery_delay,template,delivery_delay:core4,val
i ordered it as a gift. mirror smashed in box,damaged_item,template,damaged_item:short6,train
"Hi there, IS IT TOO LATE TO CANCEL ORDER #28477? IT STILL SAYS PROCESSING. This is completely unacceptable!!",cancellation,template,cancellation:core6,train
"To whom it may concern, Cancel my order please, I found it cheaper elsewhere!! This is urgent, I need it for my son's birthday on Wednesday. Please advise.",cancellation,template,cancellation:core4,train
"The mechanical keyboard I purchased came with a snapped part, unusable as is. I'm usually home in the afternoons. Thanks.",damaged_item,template,damaged_item:core15,train
I want assistance to cancle purchase #46585 I need this sorted out today.,cancellation,bitext,bitext:i want assistance to cancle purchase order number,train
status of my hair dryer oredr,order_status,template,order_status:short4,train
"Good morning, Is the electric kettle you sell the latest model? The order is under my partner's name. Thank you!",product_question,template,product_question:core17,train
"Hello team, What's happening with order #26569? It's been sitting at 'order received' for a while now. Kind of annoyed at this point.",order_status,template,order_status:core11,train
received a defective kitchen scale,damaged_item,template,damaged_item:short7,train
have a question abut canceling purchase 83920,cancellation,bitext,bitext:have a question abut canceling purchase order number,train
"I have gotr to cancel order ORD-93307, I need help",cancellation,bitext,bitext:i have gotr to cancel order order number i need help,train
"Hello team, How do I set up my new smartwatch? The manual isn't clear!! I need this resolved immediately. Please advise.",product_question,template,product_question:core9,test
"Good morning, Can the refund go to my original payment method? It's not a big deal, just wanted to ask. Cheers, Maria",refund_request,template,refund_request:core15,train
what do i have to do to check the refund status,refund_request,bitext,bitext:what do i have to do to check the refund status,train
"good morning, will the bookshelf be back in stock soon? no rush on this. thanks",product_question,template,product_question:core4,train
"To whom it may concern, The hair dryer I ordered has a broken part right out of the package. I ordered it as a gift. Thanks in advance.",damaged_item,template,damaged_item:core12,test
I have to see the status of purchase #78062 Not happy about this at all.,order_status,bitext,bitext:i have to see the status of purchase order number,test
"Hello, The smartwatch I ordered arrived cracked. Clearly damaged in shipping. I shouldn't have to chase you for this.",damaged_item,template,damaged_item:core1,train
"Good morning, I sent the backpack back last week. Has the refund been processed? Please advise.",refund_request,template,refund_request:core3,val
"Hi, Is there a bigger size of the car seat cover?",product_question,template,product_question:core15,train
"I can no longer afford order ORD-27477, can I cancel it?",cancellation,bitext,bitext:i can no longer afford order order number can i cancel it,train
check my last parcel eta,order_status,bitext,bitext:check my last parcel eta,train
i do not know what i need to do to request a compensation,refund_request,bitext,bitext:i do not know what i need to do to request a compensation,test
want help canceling purchase ORD-97670,cancellation,bitext,bitext:want help canceling purchase order number,val
"Hello team, DOES THE BOARD GAME WORK WITH 220V OUTLETS ABROAD? I've emailed twice and nobody has replied. Thanks in advance.",product_question,template,product_question:core18,val
i dont know what to do to track my rebate Honestly I'm at my wits' end.,refund_request,bitext,bitext:i dont know what to do to track my rebate,train
"Hey, What are the dimensions of the rice cooker? Hope you're having a good day! Cheers, Alex",product_question,template,product_question:core2,test
"Hi there, I need to cancel order #14499, I no longer need the office chair. Thank you!",cancellation,template,cancellation:core5,train
garden hose arrived broken,damaged_item,template,damaged_item:short0,train
"I placed an order an hour ago and need to cancel it. Regards, Chen",cancellation,template,cancellation:core14,test
"Hi there, My refund for order 35444 says 'approved' but the money isn't in my account. Please advise.",refund_request,template,refund_request:core13,train
"Hi there, Please cancel order #84509. Thanks in advance.",cancellation,template,cancellation:core0,val
"I placed an order an hour ago and need to cancel it. No rush on this. Cheers, Priya",cancellation,template,cancellation:core14,test
"Hey, Is the robot vacuum compatible with Windows 11?",product_question,template,product_question:core3,train
garden hose battery life,product_question,template,product_question:short7,train
I received my order but the car seat cover is cracked right out of the box. The order is under my partner's name. Please advise.,damaged_item,template,damaged_item:core4,test
i have problems with canceling order ORD-15695,cancellation,bitext,bitext:i have problems with canceling order order number,train
help me to check the ETA of order #30332,order_status,bitext,bitext:help me to check the eta of order order number,test
"Hi there, I'd like an ETA for my mirror, please. Absolutely ridiculous. Thanks in advance.",order_status,template,order_status:core22,train
could you help me cancel purchase 57447? Let me know what you need from me.,cancellation,bitext,bitext:could you help me cancel purchase order number,train
"Hi, IT'S BEEN 6 DAYS PAST THE DELIVERY ESTIMATE AND THE COURIER STILL HASN'T DELIVERED MY SMARTWATCH!! I want someone to call me back TODAY.",delivery_delay,template,delivery_delay:core9,train
"To whom it may concern, Is the kitchen scale compatible with a PS5? Please respond ASAP. Thank you!",product_question,template,product_question:core3,train
"It's not a big deal, just wanted to ask. my phone case is overdue",delivery_delay,template,delivery_delay:short1,test
I need assistance cancelling purcjase 48752,cancellation,bitext,bitext:i need assistance cancelling purcjase order number,test
my backpack came cracked,damaged_item,template,damaged_item:short4,train
phone case is dented,damaged_item,template,damaged_item:short8,val
need help with cancelling order ORD-60432,cancellation,bitext,bitext:need help with cancelling order order number,train
"To whom it may concern, I want a full refund for order #10309. Regards, Jordan",refund_request,template,refund_request:core7,train
order #36459 late,delivery_delay,template,delivery_delay:short3,train
"hey, i got order #14644 today and the water bottle is completely shattered inside the packaging. it's a gift for an event this weekend so i really need an answer now. plese advise",damaged_item,template,damaged_item:core10,train
"To whom it may concern, My package was supposed to arrive two weeks ago and it's still not here, no courier updates. I'm usually home in the afternoons.",delivery_delay,template,delivery_delay:core0,train
"Hello, Does the office chair need batteries or does it plug in? No rush on this. Thanks.",product_question,template,product_question:core6,test
"I can't afford purchase #37802, could you cancel it?",cancellation,bitext,bitext:i cant afford purchase order number could you cancel it,test
"To whom it may concern, The board game was damaged in transit, the corner is crushed and it won't turn on. I can send my receipt if needed. Please advise.",damaged_item,template,damaged_item:core21,train
I got order #45918 today and the bluetooth speaker is completely shattered inside the packaging. Let me know what you need from me. Thanks in advance.,damaged_item,template,damaged_item:core10,train
"To whom it may concern, I'd like to know the status of order #49209, please. It's not a big deal, just wanted to ask.",order_status,template,order_status:core5,val
late delivery 43288 The order is under my partner's name.,delivery_delay,template,delivery_delay:short8,train
"hello, my refund for order ord-34401 says 'approved' but the moeny isn't in my account",refund_request,template,refund_request:core13,train
"Hello team, I received my order but the blender is cracked right out of the box. Thanks in advance.",damaged_item,template,damaged_item:core4,test
"To whom it may concern, I placed my order over a week ago and it still says processing. Can you check on it? I can send my receipt if needed. Thank you!",order_status,template,order_status:core0,train
"I want to see the ETA of my order, could you help me?",order_status,bitext,bitext:i want to see the eta of my order could you help me,train
"Hello, The monitor leaked everywhere inside the box, it's ruined. Appreciate any info.",damaged_item,template,damaged_item:core23,train
"Hi, Received order 37602 and the hair dryer is defective, it has a big crack down the side. Regards, Jordan",damaged_item,template,damaged_item:core22,train
"Hey, My throw blanket order has been in transit for a week, way longer than the delivery estimate. Appreciate any info.",delivery_delay,template,delivery_delay:core14,test
Is there a bigger size of the headphones? Just curious. Thanks in advance.,product_question,template,product_question:core15,train
could uhelp me checkingb the eta of the purchase #97720,order_status,bitext,bitext:could uhelp me checkingb the eta of the purchase order number,test
i cannot see the status of order #82102,order_status,bitext,bitext:i cannot see the status of order order number,train
"I got order 69618 today and the office chair is completely shattered inside the packaging. I will be leaving a one-star review. Regards, Aisha",damaged_item,template,damaged_item:core10,train
"I ordered a bookshelf and when it arrived, the box was completely crushed and the item is broken. It's not a big deal, just wanted to ask. Regards, Maria",damaged_item,template,damaged_item:core0,train
"Hello, The package is overdue by 10 days and the courier won't give me a new date.",delivery_delay,template,delivery_delay:core26,train
can uhelp me seethe ETA of order ORD-63788 I want someone to call me back TODAY.,order_status,bitext,bitext:can uhelp me seethe eta of order order number,test
"good morning, i accidentally placed the same order twice. please cancel one of them. no hurry at all. cheers, luca",cancellation,template,cancellation:core7,train
"To whom it may concern, What's the difference between the two coffee maker models on your site? Thank you!",product_question,template,product_question:core10,train
"To whom it may concern, I got the throw blanket today but it's broken. I can send photos. Regards, Fatima",damaged_item,template,damaged_item:core24,train
"It's been 4 days past the delivery estimate and the courier still hasn't delivered my mirror. I expected better from your store. Cheers, Jordan",delivery_delay,template,delivery_delay:core9,train
office chair warranty?,product_question,template,product_question:short0,val
i try to cancel order 98501,cancellation,bitext,bitext:i try to cancel order order number,test
When is my bluetooth speaker expected to arrive? The order is under my partner's name.,order_status,template,order_status:core25,train
"Hi, Can I get my money back for the robot vacuum? It doesn't fit. This is really frustrating. Regards, Jordan",refund_request,template,refund_request:core4,train
"Hey, Can I get the air fryer engraved or personalized? I'm usually home in the afternoons.",product_question,template,product_question:core22,val
"Hi, The mechanical keyboard leaked everywhere inside the box, it's ruined. Please advise.",damaged_item,template,damaged_item:core23,train
"Hello, Tracking says 'out for delivery' since yesterday but nothing has shown up. It's not a big deal, just wanted to ask.",delivery_delay,template,delivery_delay:core3,train
how do I know if there is anything new on my reimbursement?,refund_request,bitext,bitext:how do i know if there is anything new on my reimbursement,train
"how do refunds work please trat this as a priority, i'm travelling soon",refund_request,template,refund_request:short6,train
help me seeing in which cases can I request my money back,refund_request,bitext,bitext:help me seeing in which cases can i request my money back,train
I want to cancel the winter jacket from my order but keep the rest. I ordered it as a gift. Please advise.,cancellation,template,cancellation:core9,train
help cancelling order #42406,cancellation,bitext,bitext:help cancelling order order number,val
i want help to cancel order 56898,cancellation,bitext,bitext:i want help to cancel order order number,train
"Cancel my order please, I found it cheaper elsewhere. I need an answer before Monday. Thanks.",cancellation,template,cancellation:core4,train
tracking number for ORD-48901?,order_status,template,order_status:short2,train
"I have bought some items, help canceling purchase #85880",cancellation,bitext,bitext:i have bought some items help canceling purchase order number,train
The air fryer I ordered arrived cracked. Clearly damaged in shipping. Whenever you get a chance.,damaged_item,template,damaged_item:core1,train
assiustance tracking purchase 99285,order_status,bitext,bitext:assiustance tracking purchase order number,train
"Hey, I ordered a winter jacket and when it arrived, the box was completely crushed and the item is broken. It's time-sensitive. Cheers, Maria",damaged_item,template,damaged_item:core0,train
"My picture frame came scratched all over and one part is snapped. I'm pretty disappointed, honestly. Thank you!",damaged_item,template,damaged_item:core20,val
"Hello, Half of the rice cooker was smashed when I opened the package. I'm pretty disappointed, honestly.",damaged_item,template,damaged_item:core18,train
cancel order ORD-28101 pls,cancellation,template,cancellation:short8,train
"Good morning, I accidentally placed the same order twice. Please cancel one of them. I can send my receipt if needed. Cheers, Jordan",cancellation,template,cancellation:core7,train
"It's been 6 days past the delivery estimate and the courier still hasn't delivered my air fryer. I can send my receipt if needed. Cheers, Tom",delivery_delay,template,delivery_delay:core9,train
"To whom it may concern, Do you sell replacement parts for the night lamp? Thanks in advance.",product_question,template,product_question:core14,train
"Good morning, I placed my order 3 days ago and it still says processing. Can you check on it? Please advise.",order_status,template,order_status:core0,train
"To whom it may concern, My order #78765 is now over a week late. Can you tell me what's causing the delay?",delivery_delay,template,delivery_delay:core4,val
see how long refunds usually take,refund_request,bitext,bitext:see how long refunds usually take,test
"to whom it may concern, my package has said 'delayed in transit' for 6 days. regards, alex",delivery_delay,template,delivery_delay:core21,train
Whenever you get a chance. what do I have to do to locate order ORD-86434?,order_status,bitext,bitext:what do i have to do to locate order order number,test
help to see in which cases can i request my money back,refund_request,bitext,bitext:help to see in which cases can i request my money back,train
"Hi there, Does the winter jacket have a sleep or auto-off mode? This is completely unacceptable!! Thank you!",product_question,template,product_question:core20,train
order #56290 late,delivery_delay,template,delivery_delay:short3,train
"Hello, Will the phone case be back in stock soon?",product_question,template,product_question:core4,train
"hi, my order arrived with the box saked and the yoga mat insdie no longer works. i'm usually home in the afternoons. regards, fatima",damaged_item,template,damaged_item:core14,train
"Hey, The tent I ordered came with a large tear. It looks like it was damaged before packing. No hurry at all. Please advise.",damaged_item,template,damaged_item:core3,val
"hey, please cancel my purchase of the yoga mat and confirm by email. regards, tom",cancellation,template,cancellation:core11,train
"hey, the box was fine but the hair dryer inside was broken. please advise",damaged_item,template,damaged_item:core16,train
"order still processing? This is urgent, I need it for my son's birthday on Sunday.",order_status,template,order_status:short9,train
"Good morning, Can the bluetooth speaker be used outdoors? Thank you!",product_question,template,product_question:core7,train
"hello team, half of the water bottle was smashed when i opened the package. it's time-sensitive",damaged_item,template,damaged_item:core18,train
"Hello, The blender arrived with missing pieces and a cracked casing. Let me know what you need from me.",damaged_item,template,damaged_item:core11,train
"I have bought some items, cancel order 61990",cancellation,bitext,bitext:i have bought some items cancel order order number,val
my order is a week late,delivery_delay,template,delivery_delay:short9,train
"Hi there, The carrier keeps saying 'delivery exception' and my picture frame is now late!! If this isn't fixed I'm filing a chargeback with my bank.",delivery_delay,template,delivery_delay:core22,train
assistance to check the eta of order  38705,order_status,bitext,bitext:assistance to check the eta of order order number,train
refund to original card My patience has run out.,refund_request,template,refund_request:short9,train
"to whom it may concern, dleivery was supposed to happen arleady but tracking still shows it in a different city. honestly i'm at my wits' end",delivery_delay,template,delivery_delay:core15,test
backpack warranty?,product_question,template,product_question:short0,val
help checking in which cases can i request a reimburement,refund_request,bitext,bitext:help checking in which cases can i request a reimburement,train
can uhelp me cancelling purchase #39451,cancellation,bitext,bitext:can uhelp me cancelling purchase order number,val
"Hi, The wireless mouse isn't as described on the website, I'd like to return it for a refund. The order is under my partner's name.",refund_request,template,refund_request:core8,train
"Hi there, Does the picture frame ship with a charger? I ordered it as a gift. Please advise.",product_question,template,product_question:core11,train
I want to know if there is anything wrong with my refund,refund_request,bitext,bitext:i want to know if there is anything wrong with my refund,train
"Hello team, How long do refunds usually take to process? Whenever you get a chance. Regards, Alex",refund_request,template,refund_request:core11,train
"My car seat cover arrived dented and I'd like a replacement. This is urgent, I need it for my son's birthday on Monday. Thanks in advance.",damaged_item,template,damaged_item:core17,train
How much weight can the board game hold?,product_question,template,product_question:core12,val
"To whom it may concern, What are the dimensions of the running shoes? I shouldn't have to chase you for this. Thanks in advance.",product_question,template,product_question:core2,test
"Hey, My order #53874 was marked 'delayed' with no explanation and no new delivery date given. Thanks in advance.",delivery_delay,template,delivery_delay:core11,test
Is the winter jacket available in other colors? Hope you're having a good day!,product_question,template,product_question:core1,train
have a question about cancelling order ORD-61856,cancellation,bitext,bitext:have a question about cancelling order order number,train
i need assistance with canceling order #17455,cancellation,bitext,bitext:i need assistance with canceling order order number,train
want assistance seeing the status of order 22015,order_status,bitext,bitext:want assistance seeing the status of order order number,train
"hi there, my laptop stand arrived dented and i'd like a replacement. thanks in advance",damaged_item,template,damaged_item:core17,train
"good morning, delivery was supposed to happen already but tracing still shows it in a different city. my email is the one on the account. thanks",delivery_delay,template,delivery_delay:core15,test
The running shoes arrived with missing pieces and a cracked casing. This is really frustrating. Thank you!,damaged_item,template,damaged_item:core11,train
money back for suitcase,refund_request,template,refund_request:short8,train
Can you tell me when order 63174 will ship? Not happy about this at all. Thank you!,order_status,template,order_status:core14,train
help  me canceling purchase #65392,cancellation,bitext,bitext:help me canceling purchase order number,test
I'd like to cancel my pre-order for the backpack. Thank you!,cancellation,template,cancellation:core15,val
help to cancel purchase #46517 I need this sorted out today.,cancellation,bitext,bitext:help to cancel purchase order number,test
"Hello, Is the electric kettle suitable for a beginner? I need this sorted out today.",product_question,template,product_question:core13,train
cancel night lamp order Whenever you get a chance.,cancellation,template,cancellation:short4,train
checking purchase ORD-66370 current status,order_status,bitext,bitext:checking purchase order number current status,val
my backpack is overdue,delivery_delay,template,delivery_delay:short1,test
"I paid $150 for this article, I need help getting a refund",refund_request,bitext,bitext:i paid currency symbolrefund amount for this article i need help getting a refund,val
"Hello team, What material is the backpack made of? Just curious. Regards, Luca",product_question,template,product_question:core5,train
I'd like  to check order 92831 fucking status,order_status,bitext,bitext:id like to check order order number fucking status,train
"Does the tent ship with a charger? It's not a big deal, just wanted to ask. Thank you!",product_question,template,product_question:core11,train
see the ETA of order #34405,order_status,bitext,bitext:see the eta of order order number,test
"the glass on my robot vacuum was shattered in the box. can i get a replacement or refund? regards, maria",damaged_item,template,damaged_item:core19,val
"Hello team, I want to cancel the sneakers from my order but keep the rest.",cancellation,template,cancellation:core9,train
stand mixer material?,product_question,template,product_question:short9,train
"To whom it may concern, Cancel my order please, I found it cheaper elsewhere. Please advise.",cancellation,template,cancellation:core4,train
"Hello, I got order #80173 today and the stand mixer is completely shattered inside the packaging. Regards, Fatima",damaged_item,template,damaged_item:core10,train
"hi there, i want to cancel the air fryer from my order but keep the rest. i need this resolved immediately. thanks in advance",cancellation,template,cancellation:core9,train
monitor battery life,product_question,template,product_question:short7,train
"Hello team, My phone case was due on Saturday and it never showed up. Thank you!",delivery_delay,template,delivery_delay:core20,train
"Hi there, I changed my mind about the board game. Can I return it and get a refund? Cheers, Chen",refund_request,template,refund_request:core12,val
"hello, what material is the robot vacuum made of? i expected better from your store. thank you",product_question,template,product_question:core5,train
tooset warranty? i need an answer before thursday,product_question,template,product_question:short0,val
"Good morning, How do I cancel an order I placed 8 days ago? Thanks.",cancellation,template,cancellation:core3,train
"Good morning, I'd like to cancel my pre-order for the throw blanket. I'm pretty disappointed, honestly. Cheers, Maria",cancellation,template,cancellation:core15,val
"hey, i'm still wating on order 48078 that was due 4 days ago. thanks",delivery_delay,template,delivery_delay:core19,train
"Hello team, What does 'label created' mean on my tracking? Has it actually been picked up? Just curious. Please advise.",order_status,template,order_status:core17,test
"Hello team, How do I set up my new garden hose? The manual isn't clear. The order is under my partner's name. Regards, Jordan",product_question,template,product_question:core9,test
just checking in on order 35518. when will it ship? not happy about this at all,order_status,template,order_status:core1,val
I need this sorted out today. I expect a reimbursmeent of 88 dollars,refund_request,bitext,bitext:i expect a reimbursmeent of refund amount dollars,val
"Hey, The picture frame I ordered came with a large tear. It looks like it was damaged before packing. Appreciate any info. Please advise.",damaged_item,template,damaged_item:core3,val
"Hello team, I was charged $356.49 but you only refunded part of it. I shouldn't have to chase you for this. Thank you!",refund_request,template,refund_request:core5,train
"Hey, Tracking says 'out for delivery' since yesterday but nothing has shown up. Please advise.",delivery_delay,template,delivery_delay:core3,train
"Good morning, My order 56347 is now 3 days late. Can you tell me what's causing the delay? I've been waiting a long time for this. Thanks in advance.",delivery_delay,template,delivery_delay:core4,val
"to whom it may concern, the sand mixer i purchased came with a snapped part, unusable as is!! i need this resolved immediately. thanks",damaged_item,template,damaged_item:core15,train
"Good morning, Can the refund go to my original payment method? No rush on this.",refund_request,template,refund_request:core15,train
"To whom it may concern, Can the wireless mouse be used outdoors? Not happy about this at all. Please advise.",product_question,template,product_question:core7,train
"Hey, Can you give me an update on my order status? I haven't received a shipping confirmation for my winter jacket yet. Honestly I'm at my wits' end.",order_status,template,order_status:core2,train
"Hello team, The return email said the refund takes 5 days but it's been 2 days. Regards, Maria",refund_request,template,refund_request:core9,test
my order is 4 days late,delivery_delay,template,delivery_delay:short9,train
I try to check purcbase 25235 status,order_status,bitext,bitext:i try to check purcbase order number status,train
my running shoes came cracked I ordered it as a gift.,damaged_item,template,damaged_item:short4,train
"hi there, i got the air fryer tdoay but it's broken. i can send photos. thnaks in advance",damaged_item,template,damaged_item:core24,train
need to see in what cases can i request to be reimbursed,refund_request,bitext,bitext:need to see in what cases can i request to be reimbursed,test
"Hello, The glass on my backpack was shattered in the box. Can I get a replacement or refund? Cheers, Jordan",damaged_item,template,damaged_item:core19,val
want help to receive a damn restitution  of money I've been waiting a long time for this.,refund_request,bitext,bitext:want help to receive a damn restitution of money,test
"The delivery date keeps changing every time I check, it's now well past the original estimate!! Please treat this as a priority, I'm travelling soon. Cheers, Luca",delivery_delay,template,delivery_delay:core10,train
"to whom it may concern, i sent the winter jacket back last week. has the refund been processed? please treat this as a priority, i'm travelling soon. regards, chen",refund_request,template,refund_request:core3,val
I need assistance cancelling purchase ORD-41850,cancellation,bitext,bitext:i need assistance cancelling purchase order number,train
"Hey, Does the bookshelf need batteries or does it plug in? Cheers, Priya",product_question,template,product_question:core6,test
my order is two weeks late,delivery_delay,template,delivery_delay:short9,train
Is it too late to cancel order #56587? It still says processing. Not happy about this at all. Thank you!,cancellation,template,cancellation:core6,train
"Hello, My order ORD-78629 is now 6 days late. Can you tell me what's causing the delay? I shouldn't have to chase you for this. Regards, Priya",delivery_delay,template,delivery_delay:core4,val
help me seeing the ETA of order 94599,order_status,bitext,bitext:help me seeing the eta of order order number,train
"Hello, I received my order but the robot vacuum is cracked right out of the box. This is really frustrating. Thanks.",damaged_item,template,damaged_item:core4,test
"Hello, Is there a bigger size of the mechanical keyboard? Let me know what you need from me. Thanks in advance.",product_question,template,product_question:core15,train
order 72671 late,delivery_delay,template,delivery_delay:short3,train
"To whom it may concern, My order 63302 is now a week late. Can you tell me what's causing the delay? Thanks in advance.",delivery_delay,template,delivery_delay:core4,val
"Hi, I got order ORD-69515 today and the winter jacket is completely shattered inside the packaging. Thank you!",damaged_item,template,damaged_item:core10,train
"Hi there, My package showed up today but the hair dryer inside is dented and doesn't work anymore. Please advise.",damaged_item,template,damaged_item:core2,train
"Hi, There's no cancel button on my order page. How do I cancel order #96128? Thanks.",cancellation,template,cancellation:core10,train
"Does the hair dryer have a sleep or auto-off mode? It's not a big deal, just wanted to ask. Thank you!",product_question,template,product_question:core20,train
phone case arrived broken,damaged_item,template,damaged_item:short0,train
"Hello team, The duvet cover leaked everywhere inside the box, it's ruined. Regards, Maria",damaged_item,template,damaged_item:core23,train
"Hello team, How do I cancel an order I placed a week ago? Thanks.",cancellation,template,cancellation:core3,train
how long till I receive my refund of money ?,refund_request,bitext,bitext:how long till i receive my refund of money,train
bluetooth speaker arrived broken,damaged_item,template,damaged_item:short0,train
"Hello team, Can I get the camera tripod engraved or personalized? Thanks.",product_question,template,product_question:core22,val
"To whom it may concern, I was told it would arrive by Tuesday. It's now over a week past that. It's not a big deal, just wanted to ask. Cheers, Alex",delivery_delay,template,delivery_delay:core23,train
"How do I set up my new throw blanket? The manual isn't clear. No rush on this. Regards, Chen",product_question,template,product_question:core9,test
need assiwtance seeing the ETA of the order ORD-95990,order_status,bitext,bitext:need assiwtance seeing the eta of the order order number,train
cancel order ORD-30283 pls,cancellation,template,cancellation:short8,train
help me seeing the ETA of the purchase #16028,order_status,bitext,bitext:help me seeing the eta of the purchase order number,train
"Hello team, I haven't gotten any email updates since I placed my order. Can you check where it is?",order_status,template,order_status:core7,val
"Hi, I ordered a blender 10 days ago and still don't have a tracking number. Is that normal?",order_status,template,order_status:core3,train
cancel the picture frame,cancellation,template,cancellation:short9,train
Do you sell replacement parts for the phone case? Hope you're having a good day!,product_question,template,product_question:core14,train
check under which circumstances can I ask to be refunded,refund_request,bitext,bitext:check under which circumstances can i ask to be refunded,train
"Hello, My package showed up today but the stand mixer inside is dented and doesn't work anymore. Thank you!",damaged_item,template,damaged_item:core2,train
"Hey, I accidentally placed the same order twice. Please cancel one of them!! This is the third time I've contacted you about this.",cancellation,template,cancellation:core7,train
how to use blener,product_question,template,product_question:short6,test
"Good morning, Can you stop my order from shipping? I want to cancel it. Cheers, Luca",cancellation,template,cancellation:core8,train
I need helpto cancel order 44179,cancellation,bitext,bitext:i need helpto cancel order order number,train
why is my delivery so late kind of annoyed at this point,delivery_delay,template,delivery_delay:short7,train
help me see the status of order ORD-19447,order_status,bitext,bitext:help me see the status of order order number,val
"to whom it may concern, can i get the yoga mat engraved or personalized? please advise",product_question,template,product_question:core22,val
"The shipment has been stuck at the same tracking checkpoint for two weeks now, past the delivery date!! I want someone to call me back TODAY. Thanks in advance.",delivery_delay,template,delivery_delay:core5,val
"Hey, My order arrived with the box soaked and the suitcase inside no longer works. I need this sorted out today. Thanks in advance.",damaged_item,template,damaged_item:core14,train
eta on order 84647,order_status,template,order_status:short7,train
"To whom it may concern, The headphones leaked everywhere inside the box, it's ruined.",damaged_item,template,damaged_item:core23,train
"Hi there, I want a full refund for order #29386. Honestly I'm at my wits' end. Thanks in advance.",refund_request,template,refund_request:core7,train
"Hey, Tracking says 'out for delivery' since yesterday but nothing has shown up. I'm pretty disappointed, honestly. Thank you!",delivery_delay,template,delivery_delay:core3,train
"Hi there, Is the blender compatible with a standard US outlet? Cheers, Fatima",product_question,template,product_question:core3,train
delivery date passed I can send my receipt if needed.,delivery_delay,template,delivery_delay:short4,train
can uhelp me cancelling order 21221,cancellation,bitext,bitext:can uhelp me cancelling order order number,val
"Hey, Is it too late to cancel order ORD-28470? It still says processing. Cheers, Chen",cancellation,template,cancellation:core6,train
My package showed up today but the desk lamp inside is dented and doesn't work anymore. Whenever you get a chance. Thank you!,damaged_item,template,damaged_item:core2,train
"Hello, My order ORD-50625 is now 8 days late. Can you tell me what's causing the delay? No hurry at all. Please advise.",delivery_delay,template,delivery_delay:core4,val
does the phone case come in black please respond asap,product_question,template,product_question:short3,train
Could you send me the tracking number for order #33116? Thanks.,order_status,template,order_status:core18,train
"Hi there, Just wondering if my robot vacuum order has left the warehouse yet. Regards, Sam",order_status,template,order_status:core6,test
Is the laptop stand suitable for a beginner!! It's a gift for an event this weekend so I really need an answer now.,product_question,template,product_question:core13,train
I'd liketo see the ETA of the purchase #52101 help me,order_status,bitext,bitext:id liketo see the eta of the purchase order number help me,test
"Tracking says 'out for delivery' since yesterday but nothing has shown up. My email is the one on the account. Regards, Aisha",delivery_delay,template,delivery_delay:core3,train
Does the water bottle come with a warranty?,product_question,template,product_question:core0,val
"Good morning, What's the difference between the two bookshelf models on your site? Appreciate any info. Thanks.",product_question,template,product_question:core10,train
I am waiting for a reimbursement of $483,refund_request,bitext,bitext:i am waiting for a reimbursement of currency symbolrefund amount,train
office chair size guide Not happy about this at all.,product_question,template,product_question:short5,train
"Hello, I paid for expedited shipping but my board game is now later than standard delivery would've been. No rush on this. Cheers, Sam",delivery_delay,template,delivery_delay:core12,train
order ord-37005 status absolutely ridiculous,order_status,template,order_status:short1,train
"Hi, Received order ORD-54731 and the board game is defective, it has a big crack down the side. I'm pretty disappointed, honestly. Thanks in advance.",damaged_item,template,damaged_item:core22,train
"To whom it may concern, I want to cancel the air fryer from my order but keep the rest. It's not a big deal, just wanted to ask. Thanks in advance.",cancellation,template,cancellation:core9,train
"Hey, I returned the winter jacket 3 days ago and still haven't received my refund. My email is the one on the account. Thanks in advance.",refund_request,template,refund_request:core0,val
"To whom it may concern, MY OFFICE CHAIR WAS DUE ON MONDAY AND IT NEVER SHOWED UP. This is the third time I've contacted you about this. Cheers, Tom",delivery_delay,template,delivery_delay:core20,train
"Hey, Is the night lamp suitable for a beginner? Just curious. Cheers, Tom",product_question,template,product_question:core13,train
"Hey, It's been stuck in customs for a week and is now past the delivery estimate. Please advise.",delivery_delay,template,delivery_delay:core25,train
problem with cancelig order #70952,cancellation,bitext,bitext:problem with cancelig order order number,train
I want assistance checking the ETA of purchase #75278 Hope you're having a good day!,order_status,bitext,bitext:i want assistance checking the eta of purchase order number,train
"Hi, It's been stuck in customs for over a week and is now past the delivery estimate.",delivery_delay,template,delivery_delay:core25,train
I accidentally placed the same order twice. Please cancel one of them. Whenever you get a chance.,cancellation,template,cancellation:core7,train
"Good morning, Has my suitcase shipped yet? No hurry at all. Cheers, Aisha",order_status,template,order_status:core15,train
My winter jacket was due on Sunday and it never showed up. This is the third time I've contacted you about this. Thanks.,delivery_delay,template,delivery_delay:core20,train
"Hey, Can I get the wireless mouse engraved or personalized? Cheers, Priya",product_question,template,product_question:core22,val
i cant see the current status of order #22999 I've been waiting a long time for this.,order_status,bitext,bitext:i cant see the current status of order order number,test
"hello team, i ordered a bookshelf 5 days ago and still don't have a tracking number. is that normal? thanks in advance",order_status,template,order_status:core3,train
"The kitchen scale leaked everywhere inside the box, it's ruined. Hope you're having a good day! Thank you!",damaged_item,template,damaged_item:core23,train
I returned the yoga mat a week ago and still haven't received my refund.,refund_request,template,refund_request:core0,val
"Hello team, My package is significantly overdue. Thanks in advance.",delivery_delay,template,delivery_delay:core17,train
I'm trying to check the eta of purchase #94136,order_status,bitext,bitext:im trying to check the eta of purchase order number,train
I cannot see the current status of order ORD-17972 My patience has run out.,order_status,bitext,bitext:i cannot see the current status of order order number,train
"Hello, My order page says 'in transit'. Which carrier is delivering it? Kind of annoyed at this point. Thanks.",order_status,template,order_status:core20,train
"Hey, What are the dimensions of the water bottle? I need an answer before Sunday. Regards, Maria",product_question,template,product_question:core2,test
"Hi, I WAS PROMISED DELIVERY DAYS AGO AND IT'S STILL NOT HERE!! My patience has run out. Thanks in advance.",delivery_delay,template,delivery_delay:core6,train
"Received order 68183 and the hair dryer is defective, it has a big crack down the side. I've been waiting a long time for this. Thanks.",damaged_item,template,damaged_item:core22,train
"hello, why is my delivery taking so long? it was supposed to arrive last week. i'm petty disappointed, honestly. regards, jordan",delivery_delay,template,delivery_delay:core2,train
"hi there, when is my monitor expected to arrive?",order_status,template,order_status:core25,train
"hello, the wireless muose leaked everywhere inside the box, it's ruined. kind of annoyed at this point. cheers, tom",damaged_item,template,damaged_item:core23,train
"hi, my packge showed up today but the phone case inside is dented and doesn't work anymore",damaged_item,template,damaged_item:core2,train
"hi there, will the electric kettle be back in stock soon? i need this sorted out today. thank you",product_question,template,product_question:core4,train
want assistance to request a rebate,refund_request,bitext,bitext:want assistance to request a rebate,val
"Hi there, Is the bookshelf you sell the latest model? Thanks in advance.",product_question,template,product_question:core17,train
"Hi there, Why is my delivery taking so long? It was supposed to arrive last week.",delivery_delay,template,delivery_delay:core2,train
delivery keeps getting pushed back on the tracking page for my robot vacuum order. my email is the one on the account. please advise,delivery_delay,template,delivery_delay:core7,val
"Hello, When will my refund of $340.80 show up on my card? I expected better from your store. Thanks in advance.",refund_request,template,refund_request:core2,train
refund for order #83435,refund_request,template,refund_request:short0,train
"The delivery date keeps changing every time I check, it's now well past the original estimate. Regards, Aisha",delivery_delay,template,delivery_delay:core10,train
"hi, do i get the shpiping fee back if i return the camera tripod?",refund_request,template,refund_request:core17,test
"To whom it may concern, The mechanical keyboard I ordered has a broken part right out of the package. Let me know what you need from me. Regards, Fatima",damaged_item,template,damaged_item:core12,test
order 15483 late,delivery_delay,template,delivery_delay:short3,train
"Hey, Where can I track my order? I can't find the link in my account. Regards, Priya",order_status,template,order_status:core19,test
i want help to cancel purchase #76542,cancellation,bitext,bitext:i want help to cancel purchase order number,train
need to cancel purchase #92719,cancellation,bitext,bitext:need to cancel purchase order number,test
"I need to cancel purchase #28289 It's not a big deal, just wanted to ask.",cancellation,bitext,bitext:i need to cancel purchase order number,train
"To whom it may concern, The phone case I purchased came with a snapped part, unusable as is. I can send my receipt if needed. Please advise.",damaged_item,template,damaged_item:core15,train
"The garden hose leaked everywhere inside the box, it's ruined. Kind of annoyed at this point. Regards, Priya",damaged_item,template,damaged_item:core23,train
"good morning, does the winetr jacket ship with a charger? i expected better from your store. please advise",product_question,template,product_question:core11,train
needassistance cancelling purchase #54092 I shouldn't have to chase you for this.,cancellation,bitext,bitext:needassistance cancelling purchase order number,val
broken water bottle received,damaged_item,template,damaged_item:short3,train
"To whom it may concern, Can you stop my order from shipping? I want to cancel it. Thanks in advance.",cancellation,template,cancellation:core8,train
"The glass on my bookshelf was shattered in the box. Can I get a replacement or refund? It's not a big deal, just wanted to ask.",damaged_item,template,damaged_item:core19,val
how to cancel order Kind of annoyed at this point.,cancellation,template,cancellation:short3,train
"Hello team, The rice cooker I bought is bent out of shape, definitely damaged during delivery.",damaged_item,template,damaged_item:core9,train
"Hey, Can the garden hose be used outdoors? It's not a big deal, just wanted to ask. Thanks in advance.",product_question,template,product_question:core7,train
"Good morning, My package is significantly overdue. Cheers, Maria",delivery_delay,template,delivery_delay:core17,train
It's been two weeks past the delivery estimate and the courier still hasn't delivered my running shoes.,delivery_delay,template,delivery_delay:core9,train
"Good morning, I'm still waiting on order ORD-57401 that was due over a week ago. I'm usually home in the afternoons.",delivery_delay,template,delivery_delay:core19,train
how to see the status of the compensation?,refund_request,bitext,bitext:how to see the status of the compensation,train
"Hey, The yoga mat I purchased came with a snapped part, unusable as is. Just curious. Thank you!",damaged_item,template,damaged_item:core15,train
needx help to check the ETA of purchase #42816,order_status,bitext,bitext:needx help to check the eta of purchase order number,train
can I see in which situations can I request to be refunded?,refund_request,bitext,bitext:can i see in which situations can i request to be refunded,train
wireless mouse battery life I can send my receipt if needed.,product_question,template,product_question:short7,train
"hey, is there a bigger size of the sneakers? thakns",product_question,template,product_question:core15,train
"Hello team, I was told it would arrive by Sunday. It's now 3 days past that. Please advise.",delivery_delay,template,delivery_delay:core23,train
"to whom it may concern, my phone case arrived broken into pieces, the packagng was torn open too. thanks in advance",damaged_item,template,damaged_item:core5,test
"Hello, I'm not satisfied with the smartwatch and would like my money back. Please treat this as a priority, I'm travelling soon.",refund_request,template,refund_request:core14,train
"Hello, I received a damaged item. My sneakers won't function properly because of visible damage. Please advise.",damaged_item,template,damaged_item:core13,test
how to use laptop stand the oredr is under my partner's name,product_question,template,product_question:short6,test
I want help seeing if there is anything wrong with my refund,refund_request,bitext,bitext:i want help seeing if there is anything wrong with my refund,train
"To whom it may concern, My dashboard shows the order as 'pending'. Is that expected? Absolutely ridiculous. Thanks.",order_status,template,order_status:core10,val
"Hello team, My new throw blanket has several parts physically broken off. It arrived like this.",damaged_item,template,damaged_item:core6,val
"Hello team, I need to cancel order #54769, I no longer need the camera tripod. Thanks.",cancellation,template,cancellation:core5,train
When will my refund of $267.06 show up on my card? I've emailed twice and nobody has replied.,refund_request,template,refund_request:core2,train
I need to see in which situations can I ask for a refund Just curious.,refund_request,bitext,bitext:i need to see in which situations can i ask for a refund,train
"I want to see order #47649 status, how do I do it ? I'm usually home in the afternoons.",order_status,bitext,bitext:i want to see order order number status how do i do it,train
"Good morning, What does 'label created' mean on my tracking? Has it actually been picked up? Thanks.",order_status,template,order_status:core17,test
"I do not want the item I purchased, can I cancel the order?",cancellation,bitext,bitext:i do not want the item i purchased can i cancel the order,train
where is my odrer i expected better from your store,order_status,template,order_status:short0,train
"To whom it may concern, My package showed up today but the duvet cover inside is dented and doesn't work anymore. Thanks.",damaged_item,template,damaged_item:core2,train
want help to obtain a compensation of money,refund_request,bitext,bitext:want help to obtain a compensation of money,val
"My sneakers arrived soaking wet and the box was falling apart, the item itself is stained. Cheers, Priya",damaged_item,template,damaged_item:core8,train
"hey, i changed my mind, please cancel my order before it's sent. thanks",cancellation,template,cancellation:core12,test
"Hi there, What material is the suitcase made of? Thanks.",product_question,template,product_question:core5,train
"I received my order but the phone case is cracked right out of the box!! I need this resolved immediately. Cheers, Aisha",damaged_item,template,damaged_item:core4,test
"Hi there, I'd like to cancel my pre-order for the coffee maker.",cancellation,template,cancellation:core15,val
"Is it too late to cancel order #12966? It still says processing. I need this sorted out today. Cheers, Aisha",cancellation,template,cancellation:core6,train
"Hello, The glass on my headphones was shattered in the box. Can I get a replacement or refund?",damaged_item,template,damaged_item:core19,val
"To whom it may concern, Is there a bigger size of the backpack? It's time-sensitive. Thanks in advance.",product_question,template,product_question:core15,train
The suitcase arrived with missing pieces and a cracked casing. Please advise.,damaged_item,template,damaged_item:core11,train
"Good morning, How do I set up my new office chair? The manual isn't clear. Just curious. Thanks.",product_question,template,product_question:core9,test
order #64492 arrived damaged,damaged_item,template,damaged_item:short5,train
"hello team, i was charged $440.70 but you only refunded part of it. the order is under my partner's name. please advise",refund_request,template,refund_request:core5,train
i can no longer arford purchase #73654,cancellation,bitext,bitext:i can no longer arford purchase order number,train
"Hey, I got order 79391 today and the yoga mat is completely shattered inside the packaging. This is really frustrating. Thank you!",damaged_item,template,damaged_item:core10,train
"Good morning, Does the toolset have a sleep or auto-off mode? My email is the one on the account. Thanks in advance.",product_question,template,product_question:core20,train
I can't seed your refund policy,refund_request,bitext,bitext:i cant seed your refund policy,test
i cannot pay for these product how do i cancel the order The order is under my partner's name.,cancellation,bitext,bitext:i cannot pay for these product how do i cancel the order,val
"Hello, My order is late. It was supposed to be here already. Hope you're having a good day!",delivery_delay,template,delivery_delay:core24,train
cnacel before shipping,cancellation,template,cancellation:short7,train
I don't knowhow to cancel purchase ORD-70946 My email is the one on the account.,cancellation,bitext,bitext:i dont knowhow to cancel purchase order number,train
"my night lamp arrived dented and i'd like a replacement. cheers, alex",damaged_item,template,damaged_item:core17,train
"Hi there, The bookshelf I ordered came with a large tear. It looks like it was damaged before packing. This is the third time I've contacted you about this. Cheers, Chen",damaged_item,template,damaged_item:core3,val
"Hi, I placed my order 4 days ago and it still says processing. Can you check on it? Regards, Sam",order_status,template,order_status:core0,train
"Hi, The shipment has been stuck at the same tracking checkpoint for 6 days now, past the delivery date.",delivery_delay,template,delivery_delay:core5,val
WHEN WILL MY REFUND OF $22.94 SHOW UP ON MY CARD? Worst customer service I have ever dealt with. Thank you!,refund_request,template,refund_request:core2,train
money back for kitchen scale,refund_request,template,refund_request:short8,train
I have got to see in what cases can I ask for a refund I expected better from your store.,refund_request,bitext,bitext:i have got to see in what cases can i ask for a refund,train
garden hose smashed in box,damaged_item,template,damaged_item:short6,train
"Good morning, My refund for order 87214 says 'approved' but the money isn't in my account. Cheers, Chen",refund_request,template,refund_request:core13,train
"hey, my refund for order #31771 says 'approved' but the money isn't in my account. whenever you get a chance",refund_request,template,refund_request:core13,train
"still not delivered, past due date This is completely unacceptable!!",delivery_delay,template,delivery_delay:short5,train
can you help me see purchase 94790 status? I can send my receipt if needed.,order_status,bitext,bitext:can you help me see purchase order number status,val
"hello team, how do i set up my new camera tripod? the manual isn't clear. thanks in advance",product_question,template,product_question:core9,test
Not happy about this at all. my air fryer came cracked,damaged_item,template,damaged_item:short4,train
"Good morning, How much weight can the throw blanket hold? The order is under my partner's name. Cheers, Chen",product_question,template,product_question:core12,val
"hello team, what are the dimensions of the sneakers? regards, alex",product_question,template,product_question:core2,test
"Hey, I received my order but the stand mixer is cracked right out of the box. Regards, Alex",damaged_item,template,damaged_item:core4,test
Will the air fryer be back in stock soon? Whenever you get a chance.,product_question,template,product_question:core4,train
sneakers in stock?,product_question,template,product_question:short4,train
The delivery for my hair dryer has been rescheduled multiple times without a clear reason.,delivery_delay,template,delivery_delay:core18,test
"Hey, It's been 5 days past the delivery estimate and the courier still hasn't delivered my garden hose. Please advise.",delivery_delay,template,delivery_delay:core9,train
"Hi there, My yoga mat order has been in transit for 8 days, way longer than the delivery estimate. Thanks.",delivery_delay,template,delivery_delay:core14,test
wana check the ETA of order #54396 will ya help me,order_status,bitext,bitext:wana check the eta of order order number will ya help me,val
Please cancel order #49224. Please advise.,cancellation,template,cancellation:core0,val
I do not knwo what I need to do to cancel order #87278,cancellation,bitext,bitext:i do not knwo what i need to do to cancel order order number,train
"good morning, my picture frame came scratched all over and one part is snapped. kind of annoyed at this point. cheers, luca",damaged_item,template,damaged_item:core20,val
"Hello, My refund for order #68450 says 'approved' but the money isn't in my account. No hurry at all. Thanks.",refund_request,template,refund_request:core13,train
"my coffee maker arrived broken into pieces, the packaging was torn open too. regards, aiha",damaged_item,template,damaged_item:core5,test
need help with cfanceling order ORD-71524,cancellation,bitext,bitext:need help with cfanceling order order number,train
help me to see the ETA of order ORD-94675,order_status,bitext,bitext:help me to see the eta of order order number,val
"I doln't want order 16582, can you cancel it? I'm usually home in the afternoons.",cancellation,bitext,bitext:i dolnt want order order number can you cancel it,train
"Hello, How long do refunds usually take to process? Thanks in advance.",refund_request,template,refund_request:core11,train
"hi, how do i set up my new toolset? the manual isn't clear. appreciate any info. thanks in advance",product_question,template,product_question:core9,test
"To whom it may concern, You refunded me in store credit but I want the money back on my card. Thanks in advance.",refund_request,template,refund_request:core19,test
"Hello team, Has my sneakers shipped yet? I've been waiting a long time for this. Cheers, Fatima",order_status,template,order_status:core15,train
"Good morning, The duvet cover arrived with missing pieces and a cracked casing. Thanks.",damaged_item,template,damaged_item:core11,train
cancel order ORD-44316,cancellation,template,cancellation:short0,train
"To whom it may concern, My winter jacket arrived soaking wet and the box was falling apart, the item itself is stained. I need this resolved immediately. Cheers, Jordan",damaged_item,template,damaged_item:core8,train
delivery date passed,delivery_delay,template,delivery_delay:short4,train
i want help seeing the restitution current status,refund_request,bitext,bitext:i want help seeing the restitution current status,test
"I changed my mind, please cancel my order before it's sent. Just curious. Thank you!",cancellation,template,cancellation:core12,test
tracking number for ord-84124?,order_status,template,order_status:short2,train
"hello team, my order #25416 is now 10 days late. can you tell me what's causing the delay? no hurry at all. regards, tom",delivery_delay,template,delivery_delay:core4,val
my winter jacket came cracked,damaged_item,template,damaged_item:short4,train
has my water btotle shipped please respnod asap,order_status,template,order_status:short3,test
"My kitchen scale order has been in transit for a week, way longer than the delivery estimate!! This is urgent, I need it for my son's birthday on Friday. Regards, Alex",delivery_delay,template,delivery_delay:core14,test
"To whom it may concern, Does the desk lamp come with a warranty? Regards, Chen",product_question,template,product_question:core0,val
"Hello team, I SENT THE BLENDER BACK LAST WEEK. HAS THE REFUND BEEN PROCESSED? My patience has run out. Thanks.",refund_request,template,refund_request:core3,val
I want assistance to check the ETA of purchase #22463,order_status,bitext,bitext:i want assistance to check the eta of purchase order number,train
"I ordered a picture frame and when it arrived, the box was completely crushed and the item is broken. Thanks in advance.",damaged_item,template,damaged_item:core0,train
"Hi, The air fryer I ordered came with a large tear. It looks like it was damaged before packing. Regards, Fatima",damaged_item,template,damaged_item:core3,val
"good morning, my dashboard shows the order as 'pending'. is that expected? i'm pretty disappointed, honestly. thanks",order_status,template,order_status:core10,val
"Hi, Half of the throw blanket was smashed when I opened the package. The order is under my partner's name. Cheers, Fatima",damaged_item,template,damaged_item:core18,train
"Hi, It's been 10 days past the delivery estimate and the courier still hasn't delivered my bluetooth speaker. Please advise.",delivery_delay,template,delivery_delay:core9,train
how could icancel purchase #54313,cancellation,bitext,bitext:how could icancel purchase order number,test
what do i have to do to see ur money back guarantee,refund_request,bitext,bitext:what do i have to do to see ur money back guarantee,train
i want help cancelling order 99399,cancellation,bitext,bitext:i want help cancelling order order number,train
"to whom it may concern, i'd like an eta for my headphones, please. thanks in advance",order_status,template,order_status:core22,train
"Hi, What material is the picture frame made of? It's not a big deal, just wanted to ask. Thank you!",product_question,template,product_question:core5,train
help me check the eta of purchase 85248,order_status,bitext,bitext:help me check the eta of purchase order number,train
"good morning, my package has said 'delayed in transit' for a week. i want someone to call me back today. cheers, sam",delivery_delay,template,delivery_delay:core21,train
"To whom it may concern, My backpack came scratched all over and one part is snapped. Thank you!",damaged_item,template,damaged_item:core20,val
"Has my laptop stand shipped yet? Regards, Luca",order_status,template,order_status:core15,train
is the winter jacket waterporof,product_question,template,product_question:short1,val
late delivery #17850,delivery_delay,template,delivery_delay:short8,train
i dont know how to check the ETA of purchase #26901,order_status,bitext,bitext:i dont know how to check the eta of purchase order number,val
help seeing the ETA of the purchase00123842,order_status,bitext,bitext:help seeing the eta of the purchase0,test
"Hello team, How do I cancel an order I placed two weeks ago?",cancellation,template,cancellation:core3,train
I don't know how I can ask for compensations,refund_request,bitext,bitext:i dont know how i can ask for compensations,test
"Hello team, How do I set up my new bookshelf? The manual isn't clear. Thank you!",product_question,template,product_question:core9,test
"Hi there, I ordered the wrong toolset by mistake, can you cancel it? Hope you're having a good day! Thank you!",cancellation,template,cancellation:core2,train
"Hey, Can I get the office chair engraved or personalized? Thanks.",product_question,template,product_question:core22,val
"Hello team, My new rice cooker has several parts physically broken off. It arrived like this. Cheers, Jordan",damaged_item,template,damaged_item:core6,val
i need assistance asdking for compensations,refund_request,bitext,bitext:i need assistance asdking for compensations,train
assistance to see in which situations can i request refunds I ordered it as a gift.,refund_request,bitext,bitext:assistance to see in which situations can i request refunds,train
"Hi, My new air fryer has several parts physically broken off. It arrived like this. I shouldn't have to chase you for this.",damaged_item,template,damaged_item:core6,val
"To whom it may concern, I'd like a refund for order ORD-27262, the robot vacuum isn't what I expected. Regards, Priya",refund_request,template,refund_request:core1,test
"to whom it may concern, please cacnel order ord-93585",cancellation,template,cancellation:core0,val
"hello team, the return was delivered back to you 8 days ago. where is my refund of $140.64? regards, alex",refund_request,template,refund_request:core16,train
I ordered it as a gift. I need help to cancel order 78146,cancellation,bitext,bitext:i need help to cancel order order number,val
"Hi there, Is it too late to cancel order #24004? It still says processing. Please treat this as a priority, I'm travelling soon. Please advise.",cancellation,template,cancellation:core6,train
"Good morning, I was charged twice for order ORD-96847, please refund the duplicate charge. No rush on this. Thanks in advance.",refund_request,template,refund_request:core10,train
wanna see order #74094 damn current status help me,order_status,bitext,bitext:wanna see order order number damn current status help me,train
"Hi there, My laptop stand order has been in transit for 3 days, way longer than the delivery estimate. Appreciate any info. Thanks.",delivery_delay,template,delivery_delay:core14,test
i cant pay for order #97538,cancellation,bitext,bitext:i cant pay for order order number,test
"good morning, does the board game ship with a charger? regards, tom",product_question,template,product_question:core11,train
"Hello team, I was charged twice for order 67034, please refund the duplicate charge. Please advise.",refund_request,template,refund_request:core10,train
"Hi there, My package is significantly overdue. Appreciate any info.",delivery_delay,template,delivery_delay:core17,train
"hi there, i'd like a refund for order #97665, the toolset isn't what i expected. it's not a big deal, just wanted to ask. please advise",refund_request,template,refund_request:core1,test
"Good morning, My package has said 'delayed in transit' for 5 days!! This is completely unacceptable!! Regards, Chen",delivery_delay,template,delivery_delay:core21,train
"Hi there, The courier attempted delivery once and never came back, now it's been 5 days with no update.",delivery_delay,template,delivery_delay:core13,test
How do I clean the headphones? Please advise.,product_question,template,product_question:core16,train
I want to see in which cases can I ask to be reimbursed,refund_request,bitext,bitext:i want to see in which cases can i ask to be reimbursed,train
"I'm pretty disappointed, honestly. wanna see the statusof order #64172 i need help",order_status,bitext,bitext:wanna see the statusof order order number i need help,val
"To whom it may concern, Is the hair dryer dishwasher safe? I'm seriously considering never ordering from here again.",product_question,template,product_question:core8,train
"to whom it may concern, traking says 'out for delivery' since yesterday but nothing has shown up",delivery_delay,template,delivery_delay:core3,train
"Please cancel the car seat cover order, my address is wrong and I'll reorder. This is really frustrating.",cancellation,template,cancellation:core16,train
I need assistance to cancel purchase ORD-84847 This is completely unacceptable!!,cancellation,bitext,bitext:i need assistance to cancel purchase order number,train
"Hello, Does the toolset need batteries or does it plug in? Thank you!",product_question,template,product_question:core6,test
I need assistance to check order #68222 current status,order_status,bitext,bitext:i need assistance to check order order number current status,train
damaged hair dryer,damaged_item,template,damaged_item:short1,train
Can I get the headphones engraved or personalized? Please advise.,product_question,template,product_question:core22,val
where is order ORD-89482,order_status,bitext,bitext:where is order order number,train
"The delivery for my night lamp has been rescheduled multiple times without a clear reason. This is urgent, I need it for my son's birthday on Thursday. Thank you!",delivery_delay,template,delivery_delay:core18,test
"Hi, Delivery keeps getting pushed back on the tracking page for my toolset order. Thanks.",delivery_delay,template,delivery_delay:core7,val
"Hi there, My stand mixer arrived soaking wet and the box was falling apart, the item itself is stained. Appreciate any info. Cheers, Tom",damaged_item,template,damaged_item:core8,train
delivery delayed Appreciate any info.,delivery_delay,template,delivery_delay:short2,train
"hello, can i get the camera tripod engraved or personalized? thank you",product_question,template,product_question:core22,val
"Hey, Delivery was supposed to happen already but tracking still shows it in a different city. Regards, Aisha",delivery_delay,template,delivery_delay:core15,test
refund for order #73886,refund_request,template,refund_request:short0,train
When will my refund of $262.31 show up on my card? Thanks in advance.,refund_request,template,refund_request:core2,train
"good morning, the return was delivered back to you 5 days ago. where is my refund of $36.86? it's not a big deal, just wanted to ask. cheers, aisha",refund_request,template,refund_request:core16,train
I do not know what I have to do to get a refund,refund_request,bitext,bitext:i do not know what i have to do to get a refund,train
"I need to see your goddamn refund policy, how do I do it?",refund_request,bitext,bitext:i need to see your goddamn refund policy how do i do it,train
"To whom it may concern, What is your refund policy for items that have been opened? Cheers, Fatima",refund_request,template,refund_request:core6,train
"Hello team, When is my tent expected to arrive? Please advise.",order_status,template,order_status:core25,train
I want help to see in what situations can I ask for refunds,refund_request,bitext,bitext:i want help to see in what situations can i ask for refunds,train
delivery delayed just curious,delivery_delay,template,delivery_delay:short2,train
need help checking the ETA of the purchase ORD-75193,order_status,bitext,bitext:need help checking the eta of the purchase order number,train
i cannot see the eta of the order #12389,order_status,bitext,bitext:i cannot see the eta of the order order number,train
"hello, i'd like to know the status of order #90874, please. thanks",order_status,template,order_status:core5,val
"this is the second delay notice i've received for order 24544. what's going on? kind of annoyed at this point. regards, luca",delivery_delay,template,delivery_delay:core16,train
"Hi, My night lamp arrived dented and I'd like a replacement. Thank you!",damaged_item,template,damaged_item:core17,train
"Hi, I received a damaged item. My headphones won't function properly because of visible damage. Please respond ASAP. Cheers, Luca",damaged_item,template,damaged_item:core13,test
"To whom it may concern, I ordered the wrong duvet cover by mistake, can you cancel it? Regards, Chen",cancellation,template,cancellation:core2,train
The return email said the refund takes 5 days but it's been 5 days.,refund_request,template,refund_request:core9,test
i was told it would arrive by friday. it's now 10 days past that. i need an answer before wednesday. thank you,delivery_delay,template,delivery_delay:core23,train
"To whom it may concern, The delivery for my night lamp has been rescheduled multiple times without a clear reason!! Worst customer service I have ever dealt with. Thank you!",delivery_delay,template,delivery_delay:core18,test
"I have to see purchase 75873 status, how can I do it?",order_status,bitext,bitext:i have to see purchase order number status how can i do it,train
rice cooker material?,product_question,template,product_question:short9,train
"have a problem with cancelling order 35105 It's not a big deal, just wanted to ask.",cancellation,bitext,bitext:have a problem with cancelling order order number,train
i want help to ask for compensatiuons,refund_request,bitext,bitext:i want help to ask for compensatiuons,train
assistance with cancelling pucrhase #80284 This is really frustrating.,cancellation,bitext,bitext:assistance with cancelling pucrhase order number,train
order #89587 arrived damaged,damaged_item,template,damaged_item:short5,train
"Hi, I changed my mind about the robot vacuum. Can I return it and get a refund? Whenever you get a chance.",refund_request,template,refund_request:core12,val
"Hello, Is the water bottle available in other colors? Thank you!",product_question,template,product_question:core1,train
where can i cancel purchase #24663,cancellation,bitext,bitext:where can i cancel purchase order number,train
"The shipment has been stuck at the same tracking checkpoint for 10 days now, past the delivery date. Worst customer service I have ever dealt with. Regards, Aisha",delivery_delay,template,delivery_delay:core5,val
"Good morning, What's the battery life on the coffee maker? Thank you!",product_question,template,product_question:core19,train
"Hello team, I'd like a refund for the board game, I don't need it anymore. No hurry at all. Thanks in advance.",refund_request,template,refund_request:core18,train
how to cancel the purchase i made,cancellation,bitext,bitext:how to cancel the purchase i made,train
"hello team, half of the electric kettle was smashed when i opened the package. i'm usually home in the afternoons. thanks in advance",damaged_item,template,damaged_item:core18,train
"Hey, Does the toolset ship with a charger? Cheers, Luca",product_question,template,product_question:core11,train
I want help to check in which cases can I ask for refunds,refund_request,bitext,bitext:i want help to check in which cases can i ask for refunds,train
assistance checking your reimbursement policy I ordered it as a gift.,refund_request,bitext,bitext:assistance checking your reimbursement policy,val
DO YOU SELL REPLACEMENT PARTS FOR THE BOOKSHELF? Absolutely ridiculous.,product_question,template,product_question:core14,train
"Hey, How much weight can the phone case hold? No rush on this. Thanks.",product_question,template,product_question:core12,val
My package showed up today but the camera tripod inside is dented and doesn't work anymore. This is completely unacceptable!! Please advise.,damaged_item,template,damaged_item:core2,train
"hey, can you give me an update on my order status? i haven't received a shipping confirmation for my car seat cover yet. regards, priya",order_status,template,order_status:core2,train
"it's not a big deal, just wanted to ask. late delivery #64622",delivery_delay,template,delivery_delay:short8,train
"Hey, I'D LIKE TO CANCEL MY PRE-ORDER FOR THE ROBOT VACUUM. My patience has run out. Regards, Chen",cancellation,template,cancellation:core15,val
help to check the ETA of order 28909,order_status,bitext,bitext:help to check the eta of order order number,val
Is the water bottle waterproof? No rush on this. Thanks in advance.,product_question,template,product_question:core21,train
"Hi, I sent the water bottle back last week. Has the refund been processed? If this isn't fixed I'm filing a chargeback with my bank. Thanks in advance.",refund_request,template,refund_request:core3,val
I ma trying to see the status of order #40972,order_status,bitext,bitext:i ma trying to see the status of order order number,val
how can i tfack purchase #48680 Not happy about this at all.,order_status,bitext,bitext:how can i tfack purchase order number,val
when am I obtaining a refund?,refund_request,bitext,bitext:when am i obtaining a refund,train
"Hi there, My package showed up today but the night lamp inside is dented and doesn't work anymore. Cheers, Alex",damaged_item,template,damaged_item:core2,train
"Hi, I'm still waiting on order 81224 that was due 6 days ago. Cheers, Priya",delivery_delay,template,delivery_delay:core19,train
i received my order but the garden hose is cracked right out of the box. i'm usually home in the afternoons. thanks in advance,damaged_item,template,damaged_item:core4,test
money back for water bottle,refund_request,template,refund_request:short8,train
"Hello, I want to cancel the camera tripod from my order but keep the rest. Just curious. Please advise.",cancellation,template,cancellation:core9,train
"Hi, The backpack I ordered has a broken part right out of the package. Thanks in advance.",damaged_item,template,damaged_item:core12,test
"Hello team, I ORDERED THE WRONG BOARD GAME BY MISTAKE, CAN YOU CANCEL IT? If this isn't fixed I'm filing a chargeback with my bank.",cancellation,template,cancellation:core2,train
"Hi there, The delivery date keeps changing every time I check, it's now well past the original estimate. Thank you!",delivery_delay,template,delivery_delay:core10,train
"Hey, Is the desk lamp suitable for a beginner? Cheers, Luca",product_question,template,product_question:core13,train
return and refund coffee maker,refund_request,template,refund_request:short7,train
canceling order Please respond ASAP.,cancellation,bitext,bitext:canceling order,test
I don't know how I can ask for a rebate of money,refund_request,bitext,bitext:i dont know how i can ask for a rebate of money,train
"Hi there, My office chair arrived dented and I'd like a replacement. Just curious. Cheers, Chen",damaged_item,template,damaged_item:core17,train
"Hey, My package was supposed to arrive 5 days ago and it's still not here, no courier updates. Regards, Jordan",delivery_delay,template,delivery_delay:core0,train
help to see the ETA of purchase 94252,order_status,bitext,bitext:help to see the eta of purchase order number,train
i do not know how i can get a restitution of my money,refund_request,bitext,bitext:i do not know how i can get a restitution of my money,train
"Hey, My smartwatch arrived soaking wet and the box was falling apart, the item itself is stained. This is completely unacceptable!! Thanks.",damaged_item,template,damaged_item:core8,train
"What material is the mechanical keyboard made of? Regards, Alex",product_question,template,product_question:core5,train
"is it too late to cancel orer #58993? it still says processing. appreciate any info. regards, chen",cancellation,template,cancellation:core6,train
let me know what you need from me. blender is dented,damaged_item,template,damaged_item:short8,val
I got order ORD-42637 today and the throw blanket is completely shattered inside the packaging. Thanks.,damaged_item,template,damaged_item:core10,train
Please cancel my purchase of the sneakers and confirm by email.,cancellation,template,cancellation:core11,train
is it possible to cxancel order 39444 I expected better from your store.,cancellation,bitext,bitext:is it possible to cxancel order order number,val
"I sent the duvet cover back last week. Has the refund been processed!! This is urgent, I need it for my son's birthday on Saturday. Thank you!",refund_request,template,refund_request:core3,val
"Hello team, My order arrived with the box soaked and the throw blanket inside no longer works. Thanks in advance.",damaged_item,template,damaged_item:core14,train
late delivery ORD-24635,delivery_delay,template,delivery_delay:short8,train
"Hi there, Is the running shoes compatible with Android phones? It's not a big deal, just wanted to ask. Please advise.",product_question,template,product_question:core3,train
what is purchase #16629 current status?,order_status,bitext,bitext:what is purchase order number current status,train
"Hello, The picture frame I purchased came with a snapped part, unusable as is. It's not a big deal, just wanted to ask. Thank you!",damaged_item,template,damaged_item:core15,train
return and refund running shoes,refund_request,template,refund_request:short7,train
how to use robot vacuum This is really frustrating.,product_question,template,product_question:short6,test
nee to check ur goddamn reimbursement policy help me,refund_request,bitext,bitext:nee to check ur goddamn reimbursement policy help me,train
The tracking number you sent me shows 'not found' on the carrier site. Whenever you get a chance. Thanks in advance.,order_status,template,order_status:core23,train
what do I have to do to see the rebate status?,refund_request,bitext,bitext:what do i have to do to see the rebate status,test
"Hi there, When will my refund of $342.58 show up on my card? Please advise.",refund_request,template,refund_request:core2,train
"Hello, What material is the mirror made of!! I want someone to call me back TODAY.",product_question,template,product_question:core5,train
"The delivery date keeps changing every time I check, it's now well past the original estimate. Kind of annoyed at this point.",delivery_delay,template,delivery_delay:core10,train
"Good morning, The kitchen scale leaked everywhere inside the box, it's ruined. Regards, Priya",damaged_item,template,damaged_item:core23,train
"I do not want this item, I try to cancel order ORD-33206",cancellation,bitext,bitext:i do not want this item i try to cancel order order number,train
"To whom it may concern, I was charged twice for order #44002, please refund the duplicate charge. Not happy about this at all. Thanks.",refund_request,template,refund_request:core10,train
i have to see the eta of order 29521,order_status,bitext,bitext:i have to see the eta of order order number,val
"hi there, my new garden hose has several parts physically broken off. it arrived like this. cheers, fatima",damaged_item,template,damaged_item:core6,val
IS IT TOO LATE TO CANCEL ORDER ORD-42577? IT STILL SAYS PROCESSING!! My patience has run out. Thanks.,cancellation,template,cancellation:core6,train
I don't know what I need to do to demand a rebate,refund_request,bitext,bitext:i dont know what i need to do to demand a rebate,val
my order 74485 was mrked 'delayed' with no explanation and no new delivrey date given. thanks,delivery_delay,template,delivery_delay:core11,test
I will be leaving a one-star review. item damaged in shipping,damaged_item,template,damaged_item:short2,train
"Good morning, I want to confirm my suitcase order actually went through and is being processed. I expected better from your store. Please advise.",order_status,template,order_status:core12,train
"I was charged $43.29 but you only refunded part of it. Appreciate any info. Cheers, Alex",refund_request,template,refund_request:core5,train
question about canceling order ORD-46500,cancellation,bitext,bitext:question about canceling order order number,train
can you help me cancelling the bloody purchase I made?,cancellation,bitext,bitext:can you help me cancelling the bloody purchase i made,train
"Good morning, The tent leaked everywhere inside the box, it's ruined.",damaged_item,template,damaged_item:core23,train
i dont know how to cncel purchase 41266,cancellation,bitext,bitext:i dont know how to cncel purchase order number,train
what do I need to do to see order 12011 status?,order_status,bitext,bitext:what do i need to do to see order order number status,train
see my compensation status Appreciate any info.,refund_request,bitext,bitext:see my compensation status,val
"hey, the night lamp i purchased came with a snapped part, unsuable as is. honestly i'm at my wits' end. thanks",damaged_item,template,damaged_item:core15,train
"hi, cancel my oredr please, i found it cheaper elsewhere. thank you",cancellation,template,cancellation:core4,train
I need help seeing the ETA of the order #27038,order_status,bitext,bitext:i need help seeing the eta of the order order number,val
"I bought something, help me cancel purchasae ORD-50888",cancellation,bitext,bitext:i bought something help me cancel purchasae order number,test
help to see order #90199 current status Absolutely ridiculous.,order_status,bitext,bitext:help to see order order number current status,val
I need to check in which situations can I ask for a refund,refund_request,bitext,bitext:i need to check in which situations can i ask for a refund,train
"Hello team, When is my smartwatch expected to arrive?",order_status,template,order_status:core25,train
where can I see the status of the restitution?,refund_request,bitext,bitext:where can i see the status of the restitution,test
My bluetooth speaker was due on Thursday and it never showed up. I've emailed twice and nobody has replied. Thanks.,delivery_delay,template,delivery_delay:core20,train
i do not know what to do to see the ETA of order #67807,order_status,bitext,bitext:i do not know what to do to see the eta of order order number,train
"Hey, IT'S BEEN OVER A WEEK PAST THE DELIVERY ESTIMATE AND THE COURIER STILL HASN'T DELIVERED MY OFFICE CHAIR. If this isn't fixed I'm filing a chargeback with my bank. Thanks in advance.",delivery_delay,template,delivery_delay:core9,train
mechanical keyboard smashed in box,damaged_item,template,damaged_item:short6,train
"To whom it may concern, My order page says 'in transit'. Which carrier is delivering it? I'm usually home in the afternoons.",order_status,template,order_status:core20,train
"Received order ORD-31241 and the smartwatch is defective, it has a big crack down the side!! I've emailed twice and nobody has replied.",damaged_item,template,damaged_item:core22,train
"Hey, Is the camera tripod dishwasher safe? Cheers, Tom",product_question,template,product_question:core8,train
"Hello team, What are the dimensions of the suitcase? I can send my receipt if needed.",product_question,template,product_question:core2,test
"Hi there, Is the stand mixer you sell the latest model? I need this sorted out today. Please advise.",product_question,template,product_question:core17,train
"Hi, My picture frame arrived dented and I'd like a replacement. Thanks in advance.",damaged_item,template,damaged_item:core17,train
"Hello, Why is my delivery taking so long? It was supposed to arrive last week. Cheers, Fatima",delivery_delay,template,delivery_delay:core2,train
"Hi there, How do I clean the board game? Please advise.",product_question,template,product_question:core16,train
order #17313 late,delivery_delay,template,delivery_delay:short3,train
"Hey, I got the tent today but it's broken. I can send photos. Cheers, Sam",damaged_item,template,damaged_item:core24,train
"Hi, Delivery keeps getting pushed back on the tracking page for my mechanical keyboard order. Cheers, Aisha",delivery_delay,template,delivery_delay:core7,val
bluetooth speaker battery life,product_question,template,product_question:short7,train
My order is late. It was supposed to be here already. This is really frustrating. Please advise.,delivery_delay,template,delivery_delay:core24,train
throw blanket smashed in box,damaged_item,template,damaged_item:short6,train
The mirror arrived with missing pieces and a cracked casing. No hurry at all. Thanks in advance.,damaged_item,template,damaged_item:core11,train
received a defective bluetooth speaker,damaged_item,template,damaged_item:short7,train
"Hello team, Tracking says 'out for delivery' since yesterday but nothing has shown up. This is really frustrating. Thank you!",delivery_delay,template,delivery_delay:core3,train
cancelling order,cancellation,bitext,bitext:cancelling order,val
"Hi, Is the winter jacket suitable for a beginner?",product_question,template,product_question:core13,train
i want assistance seeing order #26547 status It's time-sensitive.,order_status,bitext,bitext:i want assistance seeing order order number status,test
order ORD-37860 arrived damaged,damaged_item,template,damaged_item:short5,train
"Hello team, I was charged twice for order #76582, please refund the duplicate charge!! This is urgent, I need it for my son's birthday on Wednesday. Cheers, Chen",refund_request,template,refund_request:core10,train
"To whom it may concern, The delivery for my sneakers has been rescheduled multiple times without a clear reason. Thanks.",delivery_delay,template,delivery_delay:core18,test
"Hi, Is it too late to cancel order #58055? It still says processing. No hurry at all.",cancellation,template,cancellation:core6,train
"Hey, Half of the rice cooker was smashed when I opened the package. Honestly I'm at my wits' end. Cheers, Luca",damaged_item,template,damaged_item:core18,train
"To whom it may concern, THE DELIVERY FOR MY HEADPHONES HAS BEEN RESCHEDULED MULTIPLE TIMES WITHOUT A CLEAR REASON. I'm seriously considering never ordering from here again. Thank you!",delivery_delay,template,delivery_delay:core18,test
"My package was supposed to arrive two weeks ago and it's still not here, no courier updates. Thanks.",delivery_delay,template,delivery_delay:core0,train
"Good morning, How long do refunds usually take to process?",refund_request,template,refund_request:core11,train
"I ordered some items, need help cancelling the last purchase",cancellation,bitext,bitext:i ordered some items need help cancelling the last purchase,test
"Hi, Half of the mechanical keyboard was smashed when I opened the package. Regards, Fatima",damaged_item,template,damaged_item:core18,train
electric kettle smashed in box My email is the one on the account.,damaged_item,template,damaged_item:short6,train
I placed an order an hour ago and need to cancel it. Let me know what you need from me.,cancellation,template,cancellation:core14,test
i need assistance canceling order 87110,cancellation,bitext,bitext:i need assistance canceling order order number,train
"To whom it may concern, Could you send me the tracking number for order 11042? It's not a big deal, just wanted to ask. Regards, Alex",order_status,template,order_status:core18,train
"hi, i'm still waiitng on order ord-73032 that was due 4 days ago",delivery_delay,template,delivery_delay:core19,train
can you help me to cancel purchase 44522?,cancellation,bitext,bitext:can you help me to cancel purchase order number,train
when will i obtain my rdbate of money,refund_request,bitext,bitext:when will i obtain my rdbate of money,test
order 46647 status,order_status,template,order_status:short1,train
"Hi there, How do I set up my new laptop stand? The manual isn't clear. Let me know what you need from me. Please advise.",product_question,template,product_question:core9,test
"Hello team, It's been 4 days past the delivery estimate and the courier still hasn't delivered my mirror. No hurry at all. Thank you!",delivery_delay,template,delivery_delay:core9,train
need help to see in which cases can I request my money bac,refund_request,bitext,bitext:need help to see in which cases can i request my money bac,train
"Hi there, I'm still waiting on order #80295 that was due 8 days ago. Thank you!",delivery_delay,template,delivery_delay:core19,train
"Hi there, Please cancel my purchase of the tent and confirm by email.",cancellation,template,cancellation:core11,train
My refund for order #67017 says 'approved' but the money isn't in my account.,refund_request,template,refund_request:core13,train
"hello, there's no cancel button on my order page. how do i cancel order 67800? just curious. thanks",cancellation,template,cancellation:core10,train
"This is the second delay notice I've received for order 21307. What's going on? No hurry at all. Cheers, Aisha",delivery_delay,template,delivery_delay:core16,train
help to see purchase 69871 damn status,order_status,bitext,bitext:help to see purchase order number damn status,train
"How do I cancel an order I placed 4 days ago? I've been waiting a long time for this. Regards, Priya",cancellation,template,cancellation:core3,train
"The estimated delivery date has already passed and I still haven't received my laptop stand. Cheers, Jordan",delivery_delay,template,delivery_delay:core1,train
I received my order but the duvet cover is cracked right out of the box. Not happy about this at all.,damaged_item,template,damaged_item:core4,test
"Hello team, My package showed up today but the toolset inside is dented and doesn't work anymore. I'm pretty disappointed, honestly.",damaged_item,template,damaged_item:core2,train
car seat cover arrived broken,damaged_item,template,damaged_item:short0,train
parcel stuck in transit 5 days,delivery_delay,template,delivery_delay:short6,train
"Hi there, Does the office chair work with 220V outlets abroad? Thanks.",product_question,template,product_question:core18,val
"This is the second delay notice I've received for order #20474. What's going on? This is urgent, I need it for my son's birthday on Sunday.",delivery_delay,template,delivery_delay:core16,train
"Good morning, THE BLENDER I ORDERED CAME WITH A LARGE TEAR. IT LOOKS LIKE IT WAS DAMAGED BEFORE PACKING. I will be leaving a one-star review.",damaged_item,template,damaged_item:core3,val
I returned the robot vacuum 6 days ago and still haven't received my refund. Thanks.,refund_request,template,refund_request:core0,val
help seeing under which circumstances can I request a refund,refund_request,bitext,bitext:help seeing under which circumstances can i request a refund,train
"Hey, I need to cancel order ORD-38830, I no longer need the rice cooker.",cancellation,template,cancellation:core5,train
"Hello team, It's been 5 days past the delivery estimate and the courier still hasn't delivered my rice cooker.",delivery_delay,template,delivery_delay:core9,train
I am trying to receive a reimbursement,refund_request,bitext,bitext:i am trying to receive a reimbursement,train
need to check how long refunds take how can i do it,refund_request,bitext,bitext:need to check how long refunds take how can i do it,train
"To whom it may concern, Is there a bigger size of the hair dryer?",product_question,template,product_question:core15,train
how do refunds work This is completely unacceptable!!,refund_request,template,refund_request:short6,train
"hi, i'm not satisfied with the robot vacuum and would like my mnoey back. this is the third time i've contacted you about this. thanks",refund_request,template,refund_request:core14,train
"Hello, I haven't gotten any email updates since I placed my order. Can you check where it is? I've been waiting a long time for this.",order_status,template,order_status:core7,val
can I check order #55293 current status? This is really frustrating.,order_status,bitext,bitext:can i check order order number current status,train
I can't see the ETA of purchase ORD-71993,order_status,bitext,bitext:i cant see the eta of purchase order number,train
"I want to see order #19632 status, I need help",order_status,bitext,bitext:i want to see order order number status i need help,test
i returned the robot vacuum 5 days ago and still haven't received my refund. just curious. thanks in advance,refund_request,template,refund_request:core0,val
showing reimbursement status,refund_request,bitext,bitext:showing reimbursement status,train
need assistance checking the ETA of the purchase #69873 No rush on this.,order_status,bitext,bitext:need assistance checking the eta of the purchase order number,train
my smartwatch arrived scratched,damaged_item,template,damaged_item:short9,test
eta on order #80899,order_status,template,order_status:short7,train
"Hey, How do I set up my new duvet cover? The manual isn't clear. I ordered it as a gift. Cheers, Maria",product_question,template,product_question:core9,test
"Hi there, Is there a bigger size of the rice cooker!! I'm seriously considering never ordering from here again. Thanks in advance.",product_question,template,product_question:core15,train
"Hi, I paid for expedited shipping but my wireless mouse is now later than standard delivery would've been. Thanks in advance.",delivery_delay,template,delivery_delay:core12,train
"Hey, Is the running shoes waterproof? Appreciate any info. Cheers, Maria",product_question,template,product_question:core21,train
"hi there, how long do refunds usually take to process?",refund_request,template,refund_request:core11,train
"hello, the estimated delivery date has aready passed and i still haven't received my dvuet cover. cheers, tom",delivery_delay,template,delivery_delay:core1,train
can you help me canceling purchase 19961? Whenever you get a chance.,cancellation,bitext,bitext:can you help me canceling purchase order number,train
"Hey, My bluetooth speaker arrived dented and I'd like a replacement. Regards, Luca",damaged_item,template,damaged_item:core17,train
"Hello, The suitcase was damaged in transit, the corner is crushed and it won't turn on!! Absolutely ridiculous. Regards, Maria",damaged_item,template,damaged_item:core21,train
"Hello team, Is there a bigger size of the robot vacuum!! This is the third time I've contacted you about this. Thanks.",product_question,template,product_question:core15,train
The bookshelf I ordered came with a large tear. It looks like it was damaged before packing. Please advise.,damaged_item,template,damaged_item:core3,val
Not happy about this at all. cancel the backpack,cancellation,template,cancellation:short9,train
help me check the ETA of order #59236 I can send my receipt if needed.,order_status,bitext,bitext:help me check the eta of order order number,train
I do not know how to track order #24573,order_status,bitext,bitext:i do not know how to track order order number,train
status of my suitcase order,order_status,template,order_status:short4,train
"To whom it may concern, Does the bluetooth speaker ship with a charger? I've been waiting a long time for this. Thanks in advance.",product_question,template,product_question:core11,train
"Hi, What does 'label created' mean on my tracking? Has it actually been picked up? No rush on this.",order_status,template,order_status:core17,test
broken satnd mixer received,damaged_item,template,damaged_item:short3,train
"Good morning, I received a damaged item. My running shoes won't function properly because of visible damage. Thanks.",damaged_item,template,damaged_item:core13,test
I can't afford order #67199,cancellation,bitext,bitext:i cant afford order order number,train
"to whom it may concern, i paid for expedited shipping but my backpack is now later than standard deivery would've been. no rush on this. thanks in advance",delivery_delay,template,delivery_delay:core12,train
Will the robot vacuum be back in stock soon? Kind of annoyed at this point. Please advise.,product_question,template,product_question:core4,train
i have paid $306 for an item help me obtain a refund,refund_request,bitext,bitext:i have paid currency symbolrefund amount for an item help me obtain a refund,train
"To whom it may concern, The delivery date keeps changing every time I check, it's now well past the original estimate. I need this sorted out today. Thanks in advance.",delivery_delay,template,delivery_delay:core10,train
"Hi there, Cancel my order please, I found it cheaper elsewhere. No hurry at all. Thanks in advance.",cancellation,template,cancellation:core4,train
I want assistance to request reimbursements of my money,refund_request,bitext,bitext:i want assistance to request reimbursements of my money,train
"Hi, What are the dimensions of the throw blanket? Absolutely ridiculous. Cheers, Fatima",product_question,template,product_question:core2,test
"Hi there, Is the winter jacket dishwasher safe?",product_question,template,product_question:core8,train
i have got to obtain a rebate of my money,refund_request,bitext,bitext:i have got to obtain a rebate of my money,train
"Hi, Is the throw blanket suitable for a beginner?",product_question,template,product_question:core13,train
bacpkack material? i can send my receipt if needed,product_question,template,product_question:short9,train
checking order #19150 status,order_status,bitext,bitext:checking order order number status,train
The carrier keeps saying 'delivery exception' and my picture frame is now late.,delivery_delay,template,delivery_delay:core22,train
question about cancelling order #93810 It's time-sensitive.,cancellation,bitext,bitext:question about cancelling order order number,train
"Hi there, The delivery for my garden hose has been rescheduled multiple times without a clear reason. Regards, Maria",delivery_delay,template,delivery_delay:core18,test
"Hello, How do I cancel an order I placed 8 days ago!! Worst customer service I have ever dealt with. Thanks.",cancellation,template,cancellation:core3,train
suitcase in stock?,product_question,template,product_question:short4,train
"To whom it may concern, The air fryer I bought is bent out of shape, definitely damaged during delivery. No rush on this. Regards, Priya",damaged_item,template,damaged_item:core9,train
"does the robot vcuum need batteries or does it plug in? aprpeciate any info. cheers, fatima",product_question,template,product_question:core6,test
"Hi, How do I set up my new picture frame? The manual isn't clear. Cheers, Priya",product_question,template,product_question:core9,test
"To whom it may concern, Is the camera tripod waterproof?",product_question,template,product_question:core21,train
i need help canceling purchase 83563,cancellation,bitext,bitext:i need help canceling purchase order number,val
"Hello team, My bluetooth speaker arrived broken into pieces, the packaging was torn open too.",damaged_item,template,damaged_item:core5,test
"Hi there, The bluetooth speaker I ordered has a broken part right out of the package. Thanks.",damaged_item,template,damaged_item:core12,test
"Hello team, My order ORD-15305 is now two weeks late. Can you tell me what's causing the delay? I've emailed twice and nobody has replied.",delivery_delay,template,delivery_delay:core4,val
"Good morning, I was charged twice for order ORD-65426, please refund the duplicate charge. Regards, Sam",refund_request,template,refund_request:core10,train
"Hi, The glass on my duvet cover was shattered in the box. Can I get a replacement or refund? Thanks in advance.",damaged_item,template,damaged_item:core19,val
"Hello team, This is the second delay notice I've received for order 64455. What's going on? Cheers, Tom",delivery_delay,template,delivery_delay:core16,train
"My order arrived with the box soaked and the rice cooker inside no longer works. Regards, Maria",damaged_item,template,damaged_item:core14,train
desk lamp dimensions i need this resolved immediately,product_question,template,product_question:short2,train
"The garden hose I ordered arrived cracked. Clearly damaged in shipping!! This is completely unacceptable!! Regards, Aisha",damaged_item,template,damaged_item:core1,train
"Hey, Can I get the tent engraved or personalized? I'm usually home in the afternoons. Please advise.",product_question,template,product_question:core22,val
is stand mixer compatible with a standard US outlet,product_question,template,product_question:short8,train
I don't know how I can see the ETA of purchase #92691,order_status,bitext,bitext:i dont know how i can see the eta of purchase order number,train
"Hi there, Just checking in on order ORD-55436. When will it ship? Please treat this as a priority, I'm travelling soon. Thanks.",order_status,template,order_status:core1,val
broken monitor received,damaged_item,template,damaged_item:short3,train
"To whom it may concern, My order ORD-69614 was marked 'delayed' with no explanation and no new delivery date given. Not happy about this at all. Thank you!",delivery_delay,template,delivery_delay:core11,test
"Hello team, Can I cancel order ORD-67391 if it has already shipped?",cancellation,template,cancellation:core13,test
"To whom it may concern, Does the headphones come with a warranty? I've been waiting a long time for this. Regards, Maria",product_question,template,product_question:core0,val
"Can I get the laptop stand engraved or personalized? Regards, Tom",product_question,template,product_question:core22,val
suitcase battery life,product_question,template,product_question:short7,train
please cancel my order,cancellation,template,cancellation:short2,train
wanna check under which circumstances can i ask for a refund,refund_request,bitext,bitext:wanna check under which circumstances can i ask for a refund,val
i need help with cancelliung order #31465,cancellation,bitext,bitext:i need help with cancelliung order order number,val
"Hey, I sent the air fryer back last week. Has the refund been processed? Kind of annoyed at this point.",refund_request,template,refund_request:core3,val
"Hello team, Can the phone case be used outdoors? It's a gift for an event this weekend so I really need an answer now. Regards, Jordan",product_question,template,product_question:core7,train
"Hi, Does the robot vacuum ship with a charger? My patience has run out. Thanks.",product_question,template,product_question:core11,train
Is it too late to cancel order #96574? It still says processing. My email is the one on the account.,cancellation,template,cancellation:core6,train
"Hello, I received my order but the mechanical keyboard is cracked right out of the box. It's time-sensitive. Cheers, Chen",damaged_item,template,damaged_item:core4,test
"Good morning, Is there a bigger size of the throw blanket? I ordered it as a gift. Please advise.",product_question,template,product_question:core15,train
"Good morning, The shipment has been stuck at the same tracking checkpoint for 4 days now, past the delivery date. Thanks in advance.",delivery_delay,template,delivery_delay:core5,val
"hello team, the glsas on my air fryer was shattered in the box. can i get a replacement or refund? please advise",damaged_item,template,damaged_item:core19,val
i do not know what i have to do to ask for a rebate of money Not happy about this at all.,refund_request,bitext,bitext:i do not know what i have to do to ask for a rebate of money,train
"Hi there, I'd like a refund for order ORD-49776, the mirror isn't what I expected. Thanks in advance.",refund_request,template,refund_request:core1,test
I don't know how I can cancel purchase 17685,cancellation,bitext,bitext:i dont know how i can cancel purchase order number,train
I was promised delivery days ago and it's still not here. No hurry at all.,delivery_delay,template,delivery_delay:core6,train
"I have got to cancel purchase ORD-63883, how do I do it?",cancellation,bitext,bitext:i have got to cancel purchase order number how do i do it,train
where to see the current status of order #24534?,order_status,bitext,bitext:where to see the current status of order order number,train
"i placed an order an hour ago and need to cancel it. regards, aisha",cancellation,template,cancellation:core14,test
showing me order #95191 current status,order_status,bitext,bitext:showing me order order number current status,train
"To whom it may concern, Just checking in on order 34699. When will it ship? The order is under my partner's name. Regards, Sam",order_status,template,order_status:core1,val
I am waiting for a refund of 88 dollars,refund_request,bitext,bitext:i am waiting for a refund of refund amount dollars,train
"Hello team, Does the electric kettle come with a warranty? Thanks.",product_question,template,product_question:core0,val
"To whom it may concern, Can I cancel order #31103 if it has already shipped? Cheers, Fatima",cancellation,template,cancellation:core13,test
"I bought some articles, how to cancel order #71644?",cancellation,bitext,bitext:i bought some articles how to cancel order order number,train
wanna chedk order ORD-17936 status help me Hope you're having a good day!,order_status,bitext,bitext:wanna chedk order order number status help me,train
I do not know what I need to do to check your refund policy,refund_request,bitext,bitext:i do not know what i need to do to check your refund policy,train
"Hi, The laptop stand I bought is bent out of shape, definitely damaged during delivery. Thanks.",damaged_item,template,damaged_item:core9,train
help me see the ETA  of purchase #51224,order_status,bitext,bitext:help me see the eta of purchase order number,train
"Hello team, How do I clean the electric kettle? I can send my receipt if needed. Thank you!",product_question,template,product_question:core16,train
"Hello team, Is the air fryer dishwasher safe? I'm usually home in the afternoons.",product_question,template,product_question:core8,train
"Hey, Half of the yoga mat was smashed when I opened the package. Thanks.",damaged_item,template,damaged_item:core18,train
please cancel my order This is really frustrating.,cancellation,template,cancellation:short2,train
"Hi there, I'd like a refund for the laptop stand, I don't need it anymore. Thanks.",refund_request,template,refund_request:core18,train
"Hi, My order #33972 was marked 'delayed' with no explanation and no new delivery date given. Thanks in advance.",delivery_delay,template,delivery_delay:core11,test
i have to see the status of order #97528,order_status,bitext,bitext:i have to see the status of order order number,train
I'd like to see in which situations can i ask for reunds,refund_request,bitext,bitext:id like to see in which situations can i ask for reunds,train
refund 245 dollars,refund_request,bitext,bitext:refund refund amount dollars,train
"Hi, Is the water bottle available in other colors? I've been waiting a long time for this. Please advise.",product_question,template,product_question:core1,train
"Hello team, Delivery keeps getting pushed back on the tracking page for my throw blanket order. Thanks.",delivery_delay,template,delivery_delay:core7,val
"Hey, Received order #84448 and the board game is defective, it has a big crack down the side. Regards, Maria",damaged_item,template,damaged_item:core22,train
"Hello, Is the mirror compatible with a PS5? Thanks in advance.",product_question,template,product_question:core3,train
"Hi there, The estimated delivery date has already passed and I still haven't received my toolset. My email is the one on the account.",delivery_delay,template,delivery_delay:core1,train
i have to see in which cases can i askfor my money back,refund_request,bitext,bitext:i have to see in which cases can i askfor my money back,train
"Hi there, The return email said the refund takes 5 days but it's been 5 days. I expected better from your store. Regards, Maria",refund_request,template,refund_request:core9,test
"hello team, i got the yoga mat today but it's broken. i can send phoots",damaged_item,template,damaged_item:core24,train
"I have got to track purchase #75546, how can I do it?",order_status,bitext,bitext:i have got to track purchase order number how can i do it,train
late delivery #83667,delivery_delay,template,delivery_delay:short8,train
order #72896 late,delivery_delay,template,delivery_delay:short3,train
"Hello, My package showed up today but the office chair inside is dented and doesn't work anymore. I can send my receipt if needed. Regards, Fatima",damaged_item,template,damaged_item:core2,train
"Good morning, Can the refund go to my original payment method? Thank you!",refund_request,template,refund_request:core15,train
late delivery 83394,delivery_delay,template,delivery_delay:short8,train
How do I clean the car seat cover? Just curious. Thank you!,product_question,template,product_question:core16,train
"Hey, What's the difference between the two kitchen scale models on your site? I need this sorted out today. Thank you!",product_question,template,product_question:core10,train
What's the battery life on the phone case!! I need an answer before Friday.,product_question,template,product_question:core19,train
"hello, i need to cancel oredr 57065, i no longer need the night lamp. thnks in advance",cancellation,template,cancellation:core5,train
My order arrived with the box soaked and the tent inside no longer works.,damaged_item,template,damaged_item:core14,train
"To whom it may concern, Is the robot vacuum you sell the latest model? My email is the one on the account. Regards, Sam",product_question,template,product_question:core17,train
"To whom it may concern, There's no cancel button on my order page. How do I cancel order ORD-68134? Thanks in advance.",cancellation,template,cancellation:core10,train
"to whom it may concern, what is your refnd policy for iems that have been opened? no hurry at all. thank you",refund_request,template,refund_request:core6,train
I do not know what I need to do to locate order ORD-78879,order_status,bitext,bitext:i do not know what i need to do to locate order order number,train
my mirorr is overdue,delivery_delay,template,delivery_delay:short1,test
"Hello, Will the monitor be back in stock soon? Thanks.",product_question,template,product_question:core4,train
"i ordered a blender and when it arrived, the box was completely crushed and the item is broken. i will be laving a one-star review. thank you",damaged_item,template,damaged_item:core0,train
want help to cancel order 80545,cancellation,bitext,bitext:want help to cancel order order number,val
"Hello, I received my order but the board game is cracked right out of the box. Regards, Sam",damaged_item,template,damaged_item:core4,test
delivery delayed,delivery_delay,template,delivery_delay:short2,train
"i got order 70667 today and the board game is compeltely shattered inside the packaging. cheers, fatima",damaged_item,template,damaged_item:core10,train
Is the water bottle waterproof? Thank you!,product_question,template,product_question:core21,train
were can i cancel purchase #33086 No hurry at all.,cancellation,bitext,bitext:were can i cancel purchase order number,train
"Hello team, Does the mechanical keyboard work with 220V outlets abroad? Thanks.",product_question,template,product_question:core18,val
need help seeing purchase ORD-99006 status,order_status,bitext,bitext:need help seeing purchase order number status,train
board game is dented I can send my receipt if needed.,damaged_item,template,damaged_item:short8,val
"refund to original card I'm pretty disappointed, honestly.",refund_request,template,refund_request:short9,train
i need help cancelling puchase 42098,cancellation,bitext,bitext:i need help cancelling puchase order number,train
"I'd like to cancel my pre-order for the smartwatch. Cheers, Maria",cancellation,template,cancellation:core15,val
I want assistance canceling purchyase #73464,cancellation,bitext,bitext:i want assistance canceling purchyase order number,test
I have to check the ETA of the order #38560,order_status,bitext,bitext:i have to check the eta of the order order number,val
"Hey, How do I set up my new coffee maker? The manual isn't clear. I can send my receipt if needed. Please advise.",product_question,template,product_question:core9,test
"Hi there, My package was supposed to arrive two weeks ago and it's still not here, no courier updates. Whenever you get a chance.",delivery_delay,template,delivery_delay:core0,train
"Hello team, My tent arrived dented and I'd like a replacement. Please advise.",damaged_item,template,damaged_item:core17,train
assistance to cancel purchase #62227,cancellation,bitext,bitext:assistance to cancel purchase order number,train
cancel order #19558 pls,cancellation,template,cancellation:short8,train
What's happening with order #22723? It's been sitting at 'order received' for a while now. Please advise.,order_status,template,order_status:core11,train
return and refund backpack,refund_request,template,refund_request:short7,train
"Hi, The estimated delivery date has already passed and I still haven't received my backpack.",delivery_delay,template,delivery_delay:core1,train
"hey, i opened the box and my night lamp already has a large scratch and dent on it. i can send my receipt if needed. regards, luca",damaged_item,template,damaged_item:core7,train
MY NEW ROBOT VACUUM HAS SEVERAL PARTS PHYSICALLY BROKEN OFF. IT ARRIVED LIKE THIS. My patience has run out. Please advise.,damaged_item,template,damaged_item:core6,val
Does the mirror ship with a charger? I expected better from your store.,product_question,template,product_question:core11,train
"Good morning, Is the toolset available in other colors? Thanks in advance.",product_question,template,product_question:core1,train
"To whom it may concern, The tent leaked everywhere inside the box, it's ruined!! I need this resolved immediately. Cheers, Luca",damaged_item,template,damaged_item:core23,train
I do not know how to cancel purchase #97416,cancellation,bitext,bitext:i do not know how to cancel purchase order number,train
wireless mouse material?,product_question,template,product_question:short9,train
"hi, i'd like to cancel my throw blanket order beofre it ships. please advise",cancellation,template,cancellation:core1,train
"Hello, I'm still waiting on order 84369 that was due 3 days ago. Regards, Maria",delivery_delay,template,delivery_delay:core19,train
"Hi, My package has said 'delayed in transit' for 10 days.",delivery_delay,template,delivery_delay:core21,train
"please cancel order #19249. i'm pretty disappointed, honestly. please advise",cancellation,template,cancellation:core0,val
"To whom it may concern, What does 'label created' mean on my tracking? Has it actually been picked up? Worst customer service I have ever dealt with.",order_status,template,order_status:core17,test
"can uhelp me knowing if there are any news on my restitution Please treat this as a priority, I'm travelling soon.",refund_request,bitext,bitext:can uhelp me knowing if there are any news on my restitution,train
wanna ask for a compensatin of money I ordered it as a gift.,refund_request,bitext,bitext:wanna ask for a compensatin of money,train
"hi there, the smartwatch was damaged in transit, the corner is crushed and it won't turn on. cheers, tom",damaged_item,template,damaged_item:core21,train
I want to know if there are any news on my refund Worst customer service I have ever dealt with.,refund_request,bitext,bitext:i want to know if there are any news on my refund,train
"Good morning, My order #98547 is now over a week late. Can you tell me what's causing the delay?",delivery_delay,template,delivery_delay:core4,val
i was told it would arrive by monday. it's now 3 days past that. i've been waiting a long time for this. please advise,delivery_delay,template,delivery_delay:core23,train
eta on order ord-72967,order_status,template,order_status:short7,train
is the headphones waterproof,product_question,template,product_question:short1,val
"Hello, There's no cancel button on my order page. How do I cancel order #94578? Not happy about this at all. Thanks in advance.",cancellation,template,cancellation:core10,train
want to cancel my purchase i will be leaving a one-star review,cancellation,template,cancellation:short5,test
"Hey, I'd like a refund for order ORD-23497, the picture frame isn't what I expected. Regards, Priya",refund_request,template,refund_request:core1,test
"I have to cancel purchase #68991, can I get some help?",cancellation,bitext,bitext:i have to cancel purchase order number can i get some help,train
"good morning, my new backpack has several parts physically broken off. it arrived like this. i shouldn't have to chase you for this. thanks in advance",damaged_item,template,damaged_item:core6,val
"Hello team, My package is significantly overdue. Thank you!",delivery_delay,template,delivery_delay:core17,train
"Hey, Just wondering if my coffee maker order has left the warehouse yet. I ordered it as a gift.",order_status,template,order_status:core6,test
"Hi there, The return was delivered back to you 6 days ago. Where is my refund of $390.10? Honestly I'm at my wits' end. Thank you!",refund_request,template,refund_request:core16,train
Does the wireless mouse need batteries or does it plug in? Kind of annoyed at this point. Thanks in advance.,product_question,template,product_question:core6,test
"hi, my order 91676 is now 4 days late. can you tell me what's causing the delay? thank you",delivery_delay,template,delivery_delay:core4,val
"Hello, Tracking says 'out for delivery' since yesterday but nothing has shown up. No rush on this. Please advise.",delivery_delay,template,delivery_delay:core3,train
How long do refunds usually take to process? My email is the one on the account.,refund_request,template,refund_request:core11,train
my phone case came cracked,damaged_item,template,damaged_item:short4,train
eta on order #11906,order_status,template,order_status:short7,train
"hi there, my order is late. it was supposed to be here already",delivery_delay,template,delivery_delay:core24,train
my office chair is overdue,delivery_delay,template,delivery_delay:short1,test
"The glass on my car seat cover was shattered in the box. Can I get a replacement or refund? Regards, Jordan",damaged_item,template,damaged_item:core19,val
order #34013 arrived damaged,damaged_item,template,damaged_item:short5,train
I have got to receive compensations,refund_request,bitext,bitext:i have got to receive compensations,train
smartwatch dimensions,product_question,template,product_question:short2,train
order cancellation,cancellation,bitext,bitext:order cancellation,train
I need to know if there is anything new on the restitution I expected better from your store.,refund_request,bitext,bitext:i need to know if there is anything new on the restitution,test
"Good morning, I got the water bottle today but it's broken. I can send photos. I've been waiting a long time for this. Please advise.",damaged_item,template,damaged_item:core24,train
show me order ORD-96275 status,order_status,bitext,bitext:show me order order number status,train
I was charged $214.41 but you only refunded part of it. The order is under my partner's name.,refund_request,template,refund_request:core5,train
"Hello team, I want to confirm my picture frame order actually went through and is being processed.",order_status,template,order_status:core12,train
"Good morning, My coffee maker came scratched all over and one part is snapped. Thanks in advance.",damaged_item,template,damaged_item:core20,val
refund for order 55254,refund_request,template,refund_request:short0,train
"To whom it may concern, What does 'label created' mean on my tracking? Has it actually been picked up? No hurry at all. Thank you!",order_status,template,order_status:core17,test
"Hi there, Please cancel the hair dryer order, my address is wrong and I'll reorder. I ordered it as a gift.",cancellation,template,cancellation:core16,train
"damaged garden hose Please treat this as a priority, I'm travelling soon.",damaged_item,template,damaged_item:short1,train
I do not know how to check the status of order 34727,order_status,bitext,bitext:i do not know how to check the status of order order number,train
This is really frustrating. I want help seeing order 71894 current status,order_status,bitext,bitext:i want help seeing order order number current status,train
I need help with cancelling purchase 39154,cancellation,bitext,bitext:i need help with cancelling purchase order number,train
"Hi, My water bottle order has been in transit for over a week, way longer than the delivery estimate. Regards, Fatima",delivery_delay,template,delivery_delay:core14,test
My order is late. It was supposed to be here already.,delivery_delay,template,delivery_delay:core24,train
"Hi, Why is my delivery taking so long? It was supposed to arrive last week. Thank you!",delivery_delay,template,delivery_delay:core2,train
"Hi, Is the bluetooth speaker available in other colors? It's not a big deal, just wanted to ask. Thanks.",product_question,template,product_question:core1,train
parcel stuck in transit 3 days,delivery_delay,template,delivery_delay:short6,train
"To whom it may concern, The night lamp arrived with missing pieces and a cracked casing. Let me know what you need from me. Please advise.",damaged_item,template,damaged_item:core11,train
"Hi there, What's happening with order 97864? It's been sitting at 'order received' for a while now. Thank you!",order_status,template,order_status:core11,train
"Hi, My order arrived with the box soaked and the running shoes inside no longer works!! If this isn't fixed I'm filing a chargeback with my bank.",damaged_item,template,damaged_item:core14,train
backpack in stock?,product_question,template,product_question:short4,train
damaged hedphones i need this resolved immediately,damaged_item,template,damaged_item:short1,train
board game in stock?,product_question,template,product_question:short4,train
how do I locate order 34219?,order_status,bitext,bitext:how do i locate order order number,test
"Hi there, My package has said 'delayed in transit' for 3 days. I've been waiting a long time for this. Thanks in advance.",delivery_delay,template,delivery_delay:core21,train
Could you send me the tracking number for order #84958?,order_status,template,order_status:core18,train
how to use air fryer,product_question,template,product_question:short6,test
how can i demand refunds of my money Let me know what you need from me.,refund_request,bitext,bitext:how can i demand refunds of my money,train
"Hello, The water bottle I ordered came with a large tear. It looks like it was damaged before packing. Cheers, Fatima",damaged_item,template,damaged_item:core3,val
"To whom it may concern, Is the smartwatch suitable for a beginner?",product_question,template,product_question:core13,train
"Hello, The sneakers I bought is bent out of shape, definitely damaged during delivery. I can send my receipt if needed. Thanks.",damaged_item,template,damaged_item:core9,train
i do not know what to do to cancel order #72277,cancellation,bitext,bitext:i do not know what to do to cancel order order number,train
"Hi there, How do I set up my new stand mixer? The manual isn't clear. Cheers, Tom",product_question,template,product_question:core9,test
check under which circumstances can I request my money back Just curious.,refund_request,bitext,bitext:check under which circumstances can i request my money back,train
"Hi, The shipment has been stuck at the same tracking checkpoint for 10 days now, past the delivery date. My email is the one on the account.",delivery_delay,template,delivery_delay:core5,val
"Good morning, I'd like to cancel my pre-order for the running shoes. I'm usually home in the afternoons. Cheers, Fatima",cancellation,template,cancellation:core15,val
Can someone tell me if my running shoes has been packed yet? No updates on the site. Thanks in advance.,order_status,template,order_status:core9,val
refund for order 56421,refund_request,template,refund_request:short0,train
"Hey, The courier attempted delivery once and never came back, now it's been 5 days with no update.",delivery_delay,template,delivery_delay:core13,test
"Good morning, How do I cancel an order I placed 4 days ago? I can send my receipt if needed. Thanks in advance.",cancellation,template,cancellation:core3,train
my eail is the one on the account. prcel stuck in transit over a week,delivery_delay,template,delivery_delay:short6,train
"To whom it may concern, What's the battery life on the throw blanket? Hope you're having a good day! Please advise.",product_question,template,product_question:core19,train
I'd like to cancel my pre-order for the picture frame. Thank you!,cancellation,template,cancellation:core15,val
my running shoes arrived scratched,damaged_item,template,damaged_item:short9,test
"hi there, is the duvet cover dishwasher safe? honestly i'm at my wits' end. cheers, luca",product_question,template,product_question:core8,train
"I have to check the restitution status, how can I do it?",refund_request,bitext,bitext:i have to check the restitution status how can i do it,train
"hey, does the wireless mose work with 220v outlets abroad? it's not a big deal, just wnated to ask",product_question,template,product_question:core18,val
"I paid $455 for this product, I need to get a rebate Hope you're having a good day!",refund_request,bitext,bitext:i paid currency symbolrefund amount for this product i need to get a rebate,train
I no longerr want purchase ORD-57739,cancellation,bitext,bitext:i no longerr want purchase order number,train
"Hi there, How long do refunds usually take to process? I expected better from your store. Thanks in advance.",refund_request,template,refund_request:core11,train
"To whom it may concern, There's no cancel button on my order page. How do I cancel order 28935? Let me know what you need from me. Regards, Luca",cancellation,template,cancellation:core10,train
"To whom it may concern, Do you sell replacement parts for the wireless mouse? The order is under my partner's name. Cheers, Luca",product_question,template,product_question:core14,train
can i see order ORD-23069 status,order_status,bitext,bitext:can i see order order number status,train
"Hello team, The delivery date keeps changing every time I check, it's now well past the original estimate. This is really frustrating.",delivery_delay,template,delivery_delay:core10,train
Tracking says 'out for delivery' since yesterday but nothing has shown up. Kind of annoyed at this point. Thank you!,delivery_delay,template,delivery_delay:core3,train
"Good morning, The glass on my mirror was shattered in the box. Can I get a replacement or refund? Thanks in advance.",damaged_item,template,damaged_item:core19,val
"hello team, my order #90824 was marked 'delayed' with no explanation and no new delivery date given!! i'm sreiously considering never ordering from here again. thanks",delivery_delay,template,delivery_delay:core11,test
"I cannot pay for this product, cancel order ORD-38016",cancellation,bitext,bitext:i cannot pay for this product cancel order order number,train
status of my sneakers order,order_status,template,order_status:short4,train
I want help to see your refund policy,refund_request,bitext,bitext:i want help to see your refund policy,test
"To whom it may concern, Tracking says 'out for delivery' since yesterday but nothing has shown up. Thanks.",delivery_delay,template,delivery_delay:core3,train
i want help cancelling purchase 66985 The order is under my partner's name.,cancellation,bitext,bitext:i want help cancelling purchase order number,val
"i ordered a headphnoes and when it arrived, the box was completely cushed and the item is broken. no hurry at all. thank you",damaged_item,template,damaged_item:core0,train
"hello, the hair dryer i ordered arrived cracked. clearly damaged in shipping. regards, tom",damaged_item,template,damaged_item:core1,train
"to whom it may concern, the carrier keps saying 'delivery exception' and my tent is now late. kind of annoyed at this point. regards, alex",delivery_delay,template,delivery_delay:core22,train
assistance to cancel purchased #60968,cancellation,bitext,bitext:assistance to cancel purchased order number,test
I need help cacneling order #79352 I'm usually home in the afternoons.,cancellation,bitext,bitext:i need help cacneling order order number,train
is the baord game waterproof i can send my reciept if needed,product_question,template,product_question:short1,val
I try to see under which circumstances can I ask for refunds,refund_request,bitext,bitext:i try to see under which circumstances can i ask for refunds,train
status of order 46160,order_status,bitext,bitext:status of order order number,val
sneakers dimensions,product_question,template,product_question:short2,train
It's a gift for an event this weekend so I really need an answer now. I would like to cancel purchase #99593,cancellation,bitext,bitext:i would like to cancel purchase order number,train
"Is the winter jacket compatible with a MacBook? Cheers, Fatima",product_question,template,product_question:core3,train
"To whom it may concern, Can the refund go to my original payment method? Cheers, Jordan",refund_request,template,refund_request:core15,train
"Hello, I was charged twice for order ORD-22179, please refund the duplicate charge. Just curious. Regards, Jordan",refund_request,template,refund_request:core10,train
I'm seriously considering never ordering from here again. my phone case arrived scratched,damaged_item,template,damaged_item:short9,test
i have to demand rebates of my money,refund_request,bitext,bitext:i have to demand rebates of my money,train
"Hi there, I opened the box and my coffee maker already has a large scratch and dent on it. Thanks.",damaged_item,template,damaged_item:core7,train
"I need this sorted out today. I want to track my restitution, how do I do it?",refund_request,bitext,bitext:i want to track my restitution how do i do it,train
is the water bottle waterproof,product_question,template,product_question:short1,val
i have to check the status of order #83664,order_status,bitext,bitext:i have to check the status of order order number,train
"To whom it may concern, The glass on my bluetooth speaker was shattered in the box. Can I get a replacement or refund? Please advise.",damaged_item,template,damaged_item:core19,val
"Hey, This is the second delay notice I've received for order #68181. What's going on?",delivery_delay,template,delivery_delay:core16,train
yoga mat in stock?,product_question,template,product_question:short4,train
"Hello team, Is the tent compatible with a standard US outlet? I'm pretty disappointed, honestly. Regards, Tom",product_question,template,product_question:core3,train
"hi, the laptop stand i bought is bent out of shape, definitely damaged during delivery. thank you",damaged_item,template,damaged_item:core9,train
can you help me to check purchase 16895 status?,order_status,bitext,bitext:can you help me to check purchase order number status,train
"I can't afford this product, cancel order #87992 Just curious.",cancellation,bitext,bitext:i cant afford this product cancel order order number,train
"Hello team, MY WATER BOTTLE ARRIVED DENTED AND I'D LIKE A REPLACEMENT. Worst customer service I have ever dealt with. Thank you!",damaged_item,template,damaged_item:core17,train
"I can't afford purchase #83772, I need help canceling it",cancellation,bitext,bitext:i cant afford purchase order number i need help canceling it,train
"To whom it may concern, Does the garden hose work with 220V outlets abroad? Cheers, Priya",product_question,template,product_question:core18,val
robot vacuum warranty?,product_question,template,product_question:short0,val
You refunded me in store credit but I want the money back on my card. Thank you!,refund_request,template,refund_request:core19,test
"Do you sell replacement parts for the winter jacket!! Please treat this as a priority, I'm travelling soon. Thank you!",product_question,template,product_question:core14,train
"Hello team, Just wondering if my air fryer order has left the warehouse yet. Not happy about this at all.",order_status,template,order_status:core6,test
"Hello, Could you send me the tracking number for order #68886? I'm usually home in the afternoons. Please advise.",order_status,template,order_status:core18,train
what do I need to do to track order #23022?,order_status,bitext,bitext:what do i need to do to track order order number,train
where is my refund,refund_request,template,refund_request:short1,val
I'm rtying to cancel order 58351,cancellation,bitext,bitext:im rtying to cancel order order number,train
I got the kitchen scale today but it's broken. I can send photos. Please advise.,damaged_item,template,damaged_item:core24,train
"Hi, I received a damaged item. My car seat cover won't function properly because of visible damage. This is really frustrating. Cheers, Fatima",damaged_item,template,damaged_item:core13,test
I am waiting for a compensation of  $155,refund_request,bitext,bitext:i am waiting for a compensation of currency symbolrefund amount,train
"To whom it may concern, Is the sneakers available in other colors? Thank you!",product_question,template,product_question:core1,train
"Hi, Is there a bigger size of the monitor? Cheers, Jordan",product_question,template,product_question:core15,train
"Good morning, I'd like a refund for the kitchen scale, I don't need it anymore. Cheers, Aisha",refund_request,template,refund_request:core18,train
"Hi, Delivery keeps getting pushed back on the tracking page for my picture frame order. Cheers, Chen",delivery_delay,template,delivery_delay:core7,val
has my garden hose shipped,order_status,template,order_status:short3,test
"Good morning, How much weight can the headphones hold? I can send my receipt if needed. Thank you!",product_question,template,product_question:core12,val
order #27109 arrived damaged not happy about this at all,damaged_item,template,damaged_item:short5,train
"I have to see how long reimbursements take, how can I do it?",refund_request,bitext,bitext:i have to see how long reimbursements take how can i do it,val
mechanical keyboard size guide,product_question,template,product_question:short5,train
"To whom it may concern, It's been stuck in customs for 10 days and is now past the delivery estimate. I expected better from your store. Thanks.",delivery_delay,template,delivery_delay:core25,train
What stage is order #76219 at right now? I'm usually home in the afternoons. Thanks in advance.,order_status,template,order_status:core26,train
"To whom it may concern, The delivery for my suitcase has been rescheduled multiple times without a clear reason. This is really frustrating. Cheers, Alex",delivery_delay,template,delivery_delay:core18,test
"Good morning, My package showed up today but the hair dryer inside is dented and doesn't work anymore. This is really frustrating. Cheers, Aisha",damaged_item,template,damaged_item:core2,train
my stand mixer is overdue,delivery_delay,template,delivery_delay:short1,test
"I ordered some item, cancel purchase 28301",cancellation,bitext,bitext:i ordered some item cancel purchase order number,train
"Good morning, Will the picture frame be back in stock soon?",product_question,template,product_question:core4,train
What is your refund policy for items that have been opened? This is the third time I've contacted you about this. Thanks in advance.,refund_request,template,refund_request:core6,train
my headphones arrived scratched,damaged_item,template,damaged_item:short9,test
"hi, i'd like an eta for my electric kettle, please. i epxected better from your store",order_status,template,order_status:core22,train
I want to cancel the air fryer from my order but keep the rest. Thank you!,cancellation,template,cancellation:core9,train
how can I obtain refunds of my money?,refund_request,bitext,bitext:how can i obtain refunds of my money,train
can uhelp me cancelling purchazse #46655,cancellation,bitext,bitext:can uhelp me cancelling purchazse order number,test
"Hi, How do I cancel an order I placed 2 days ago? I ordered it as a gift.",cancellation,template,cancellation:core3,train
"Hi there, How long do refunds usually take to process? It's not a big deal, just wanted to ask. Cheers, Alex",refund_request,template,refund_request:core11,train
"the box was fine but the desk lamp inisde was broken. i expected better from your store. cheers, maria",damaged_item,template,damaged_item:core16,train
want asistance canceling order #32241,cancellation,bitext,bitext:want asistance canceling order order number,test
"hi there, i paid for expedited shipping but my blender is now later than stadard delvery would've been. please advise",delivery_delay,template,delivery_delay:core12,train
need assistance to see the eta of purchase ORD-69469,order_status,bitext,bitext:need assistance to see the eta of purchase order number,train
"To whom it may concern, Half of the night lamp was smashed when I opened the package. This is really frustrating. Thanks in advance.",damaged_item,template,damaged_item:core18,train
"Hey, I was promised delivery days ago and it's still not here. I've been waiting a long time for this.",delivery_delay,template,delivery_delay:core6,train
late delivery ORD-61597,delivery_delay,template,delivery_delay:short8,train
i dont know how i can receive a reimbursement,refund_request,bitext,bitext:i dont know how i can receive a reimbursement,train
late deilvery ord-52636,delivery_delay,template,delivery_delay:short8,train
"Hello, The glass on my monitor was shattered in the box. Can I get a replacement or refund? Cheers, Alex",damaged_item,template,damaged_item:core19,val
can you help me cancel order ORD-87397?,cancellation,bitext,bitext:can you help me cancel order order number,val
If this isn't fixed I'm filing a chargeback with my bank. wanna track purchase 54500 will ya help me,order_status,bitext,bitext:wanna track purchase order number will ya help me,train
is it possible to check the status of the rebate?,refund_request,bitext,bitext:is it possible to check the status of the rebate,test
"good morning, i placed an order an hour ago and need to cancel it. regards, luca",cancellation,template,cancellation:core14,test
"good morning, i orered the wrong camera tripod by mistake, can you cancel it? honestly i'm at my wits' end. thanks",cancellation,template,cancellation:core2,train
"My new laptop stand has several parts physically broken off. It arrived like this. I need an answer before Saturday. Cheers, Alex",damaged_item,template,damaged_item:core6,val
I want assistance to cancel purchase #24621,cancellation,bitext,bitext:i want assistance to cancel purchase order number,val
"is the bookshelf waterproof? whenever you get a chance. regards, alex",product_question,template,product_question:core21,train
"Hi there, Please cancel order #33099. It's not a big deal, just wanted to ask. Thank you!",cancellation,template,cancellation:core0,val
"Hey, How do I set up my new camera tripod? The manual isn't clear. Thank you!",product_question,template,product_question:core9,test
I want help asking for an reimbursement,refund_request,bitext,bitext:i want help asking for an reimbursement,train
"hey, half of the tent was smashed when i opened the package. thanks",damaged_item,template,damaged_item:core18,train
"I can't afford my last item, cancel purchase ORD-65444",cancellation,bitext,bitext:i cant afford my last item cancel purchase order number,train
"can i cancel order #20282 if it has already shipped? regards, sam",cancellation,template,cancellation:core13,test
"Hi, I'd like a refund for order 98923, the phone case isn't what I expected. Appreciate any info.",refund_request,template,refund_request:core1,test
"Please cancel the blender order, my address is wrong and I'll reorder. I'm pretty disappointed, honestly. Regards, Alex",cancellation,template,cancellation:core16,train
I'd like to cancel my pre-order for the air fryer. It's time-sensitive.,cancellation,template,cancellation:core15,val
"Good morning, My package is significantly overdue.",delivery_delay,template,delivery_delay:core17,train
"Hi there, I accidentally placed the same order twice. Please cancel one of them.",cancellation,template,cancellation:core7,train
"to whom it may concern, i changed my mind, please cancel my order before it's sent. thanks",cancellation,template,cancellation:core12,test
I want assistance requesting a compensation of money,refund_request,bitext,bitext:i want assistance requesting a compensation of money,train
"Hello, Can I get the air fryer engraved or personalized? Just curious.",product_question,template,product_question:core22,val
air fryer smashed in box,damaged_item,template,damaged_item:short6,train
broken phone case received,damaged_item,template,damaged_item:short3,train
"Hey, Is it too late to cancel order 51065? It still says processing. Cheers, Tom",cancellation,template,cancellation:core6,train
want help to see if there are any news on the rebate,refund_request,bitext,bitext:want help to see if there are any news on the rebate,train
The delivery for my wireless mouse has been rescheduled multiple times without a clear reason. Let me know what you need from me. Thanks in advance.,delivery_delay,template,delivery_delay:core18,test
delivery deayed,delivery_delay,template,delivery_delay:short2,train
"Hello team, Does the mirror work with 220V outlets abroad!! Absolutely ridiculous. Regards, Fatima",product_question,template,product_question:core18,val
my rice cooker is overdue,delivery_delay,template,delivery_delay:short1,test
"Hi, Is there a bigger size of the water bottle? I'm pretty disappointed, honestly.",product_question,template,product_question:core15,train
can uhelp me cancelliung order ORD-40311,cancellation,bitext,bitext:can uhelp me cancelliung order order number,train
mechanical keyboard dimensions,product_question,template,product_question:short2,train
"Hi there, I was charged $228.73 but you only refunded part of it. No hurry at all. Thank you!",refund_request,template,refund_request:core5,train
"Hey, I want a full refund for order 65194. Thank you!",refund_request,template,refund_request:core7,train
I am trying to check order ORD-55607 currentstatus,order_status,bitext,bitext:i am trying to check order order number currentstatus,val
"Hi, I accidentally placed the same order twice. Please cancel one of them. Thanks in advance.",cancellation,template,cancellation:core7,train
is it possible to check if there are any news on my rebate?,refund_request,bitext,bitext:is it possible to check if there are any news on my rebate,train
"Hi, The delivery date keeps changing every time I check, it's now well past the original estimate. I'm usually home in the afternoons. Thank you!",delivery_delay,template,delivery_delay:core10,train
"Hello, The mechanical keyboard was damaged in transit, the corner is crushed and it won't turn on. I expected better from your store. Thanks.",damaged_item,template,damaged_item:core21,train
is the yoga mat suitable for a beginner? thanks in advance,product_question,template,product_question:core13,train
"The smartwatch I bought is bent out of shape, definitely damaged during delivery. Thanks in advance.",damaged_item,template,damaged_item:core9,train
"Hello team, My order is late. It was supposed to be here already. Thank you!",delivery_delay,template,delivery_delay:core24,train
where can i see the damn eta of the purchase 78690,order_status,bitext,bitext:where can i see the damn eta of the purchase order number,test
"Hey, What is your refund policy for items that have been opened? Thanks.",refund_request,template,refund_request:core6,train
"good morning, can i get my moey back for the throw blanket? it doesn't fit!! i want someone to call me back today. please advise",refund_request,template,refund_request:core4,train
"hello team, i'd like to cancel my night lamp order before it ships. this is urgent, i need it for my son's birthday on thursday. thanks in adavnce",cancellation,template,cancellation:core1,train
"Hi, Tracking says 'out for delivery' since yesterday but nothing has shown up. Please advise.",delivery_delay,template,delivery_delay:core3,train
need help to see in what cases can I ask for refunds,refund_request,bitext,bitext:need help to see in what cases can i ask for refunds,val
There's no cancel button on my order page. How do I cancel order #94451? My patience has run out. Please advise.,cancellation,template,cancellation:core10,train
how to check the eta of order #80143,order_status,bitext,bitext:how to check the eta of order order number,val
"Hello, My order confirmation says it shipped but the tracking link isn't working. What's the current status? I need an answer before Monday.",order_status,template,order_status:core4,train
how to use tent,product_question,template,product_question:short6,test
"hello, my robot vacuum came scratched all over and one part is snapped",damaged_item,template,damaged_item:core20,val
"Hey, The delivery date keeps changing every time I check, it's now well past the original estimate. Cheers, Jordan",delivery_delay,template,delivery_delay:core10,train
where to see if there is anything new on the rebate,refund_request,bitext,bitext:where to see if there is anything new on the rebate,train
"Hi, I requested a cancellation for order #95484 but it still shows as active. Appreciate any info. Thank you!",cancellation,template,cancellation:core17,val
How much weight can the throw blanket hold? I shouldn't have to chase you for this. Thanks in advance.,product_question,template,product_question:core12,val
assistance with canceling purchase #62581 I shouldn't have to chase you for this.,cancellation,bitext,bitext:assistance with canceling purchase order number,train
"i changed my mind about the running shoes. can i reurn it and get a refund!! this is urgent, i need it for my son's birthday on saturday. thanks in advance",refund_request,template,refund_request:core12,val
"Hello team, My phone case arrived soaking wet and the box was falling apart, the item itself is stained. Thanks in advance.",damaged_item,template,damaged_item:core8,train
"Hi there, Half of the night lamp was smashed when I opened the package.",damaged_item,template,damaged_item:core18,train
"Hello, Delivery keeps getting pushed back on the tracking page for my blender order. Thanks in advance.",delivery_delay,template,delivery_delay:core7,val
"Hello team, Why is my delivery taking so long? It was supposed to arrive last week. Please advise.",delivery_delay,template,delivery_delay:core2,train
"Good morning, My office chair arrived dented and I'd like a replacement. Kind of annoyed at this point.",damaged_item,template,damaged_item:core17,train
"Good morning, Just checking in on order ORD-76574. When will it ship?",order_status,template,order_status:core1,val
"To whom it may concern, I'm still waiting on order ORD-87468 that was due a week ago. Cheers, Chen",delivery_delay,template,delivery_delay:core19,train
my mechanical keyboard arrived scratched,damaged_item,template,damaged_item:short9,test
I want assistance checking purchase ORD-68790 status No rush on this.,order_status,bitext,bitext:i want assistance checking purchase order number status,train
"Hi there, I received my order but the phone case is cracked right out of the box. Thank you!",damaged_item,template,damaged_item:core4,test
MY REFUND FOR ORDER #78937 SAYS 'APPROVED' BUT THE MONEY ISN'T IN MY ACCOUNT. If this isn't fixed I'm filing a chargeback with my bank. Thanks in advance.,refund_request,template,refund_request:core13,train
why is my delivery so late,delivery_delay,template,delivery_delay:short7,train
I'd like to track purchase ORD-20350 i need assistance It's a gift for an event this weekend so I really need an answer now.,order_status,bitext,bitext:id like to track purchase order number i need assistance,val
water bottle battery life,product_question,template,product_question:short7,train
"Hi, What's happening with order 50261? It's been sitting at 'order received' for a while now. Please advise.",order_status,template,order_status:core11,train
kitchen scale material?,product_question,template,product_question:short9,train
i want help canceling purchase #46265,cancellation,bitext,bitext:i want help canceling purchase order number,val
help me check if there are any news on the rebate,refund_request,bitext,bitext:help me check if there are any news on the rebate,val
I am waiting for a refund of $226,refund_request,bitext,bitext:i am waiting for a refund of currency symbolrefund amount,train
The delivery for my night lamp has been rescheduled multiple times without a clear reason. Just curious.,delivery_delay,template,delivery_delay:core18,test
"Hello, I ordered a rice cooker and when it arrived, the box was completely crushed and the item is broken. Hope you're having a good day! Thanks.",damaged_item,template,damaged_item:core0,train
"Hi, What stage is order 34338 at right now? Not happy about this at all. Regards, Luca",order_status,template,order_status:core26,train
i need assistance seeing my refund current status,refund_request,bitext,bitext:i need assistance seeing my refund current status,val
"Hi there, I never got an order confirmation email for my duvet cover. Did the order go through? Appreciate any info. Thanks in advance.",order_status,template,order_status:core16,test
"Good morning, My package showed up today but the rice cooker inside is dented and doesn't work anymore.",damaged_item,template,damaged_item:core2,train
I expect a refund of 220 dollars,refund_request,bitext,bitext:i expect a refund of refund amount dollars,test
"hello, my car seat coevr order has been in transit for a week, way longer than the delivery estimate. my patience has run out. thanks",delivery_delay,template,delivery_delay:core14,test
can you help me track order 40775?,order_status,bitext,bitext:can you help me track order order number,train
"To whom it may concern, My air fryer came scratched all over and one part is snapped. Not happy about this at all. Regards, Aisha",damaged_item,template,damaged_item:core20,val
i can no longer pay fororder #86019 cancel it,cancellation,bitext,bitext:i can no longer pay fororder order number cancel it,val
"To whom it may concern, Does the running shoes have a sleep or auto-off mode?",product_question,template,product_question:core20,train
bard game battery life,product_question,template,product_question:short7,train
"Hey, Can I get my money back for the phone case? It doesn't fit. I'm pretty disappointed, honestly. Please advise.",refund_request,template,refund_request:core4,train
"I expect a bloody refund of $168, has it been processed?",refund_request,bitext,bitext:i expect a bloody refund of currency symbolrefund amount has it been processed,train
My new hair dryer has several parts physically broken off. It arrived like this.,damaged_item,template,damaged_item:core6,val
broken coffee maker received,damaged_item,template,damaged_item:short3,train
"hi, is my package still on track to arrive this week? i can't find any status update",order_status,template,order_status:core8,train
broken rboot vauum received,damaged_item,template,damaged_item:short3,train
I need help to ask for a rebate of my money,refund_request,bitext,bitext:i need help to ask for a rebate of my money,train
"hi there, what's the battery life on the phone case? it's not a big deal, just wanted to ask. thanks in adavnce",product_question,template,product_question:core19,train
"Hi, The shipment has been stuck at the same tracking checkpoint for two weeks now, past the delivery date. Please advise.",delivery_delay,template,delivery_delay:core5,val
"Hello team, The backpack I ordered has a broken part right out of the package.",damaged_item,template,damaged_item:core12,test
"I need this sorted out today. I would like to see your damn refund policy, I need help",refund_request,bitext,bitext:i would like to see your damn refund policy i need help,train
"to whom it may concern, i was charged twice for order 67254, please refund the duplicate charge. i can send my receipt if needed. thank you",refund_request,template,refund_request:core10,train
"Hi, What are the dimensions of the mechanical keyboard? No hurry at all. Cheers, Alex",product_question,template,product_question:core2,test
showing me eta of purchase ORD-47777,order_status,bitext,bitext:showing me eta of purchase order number,train
"Hi there, Is order #16389 still on schedule for delivery? I ordered it as a gift. Please advise.",order_status,template,order_status:core21,train
assistance canceling purchase #59735,cancellation,bitext,bitext:assistance canceling purchase order number,train
"Hello team, Can someone tell me if my laptop stand has been packed yet? No updates on the site. Thanks.",order_status,template,order_status:core9,val
Can the refund go to my original payment method? Thanks.,refund_request,template,refund_request:core15,train
"Good morning, WHAT'S THE BATTERY LIFE ON THE SUITCASE!! Absolutely ridiculous. Regards, Maria",product_question,template,product_question:core19,train
i expected better from your store. wierless mouse material?,product_question,template,product_question:short9,train
"to whom it may concern, i got the picture frame today but it's broken. i can send photos. just curious. cheers, maria",damaged_item,template,damaged_item:core24,train
"To whom it may concern, Please cancel the camera tripod order, my address is wrong and I'll reorder. Let me know what you need from me. Regards, Sam",cancellation,template,cancellation:core16,train
I need assistance canceling ordr 23176 I expected better from your store.,cancellation,bitext,bitext:i need assistance canceling ordr order number,test
order ord-72712 status,order_status,template,order_status:short1,train
"My garden hose order has been in transit for 3 days, way longer than the delivery estimate. Worst customer service I have ever dealt with.",delivery_delay,template,delivery_delay:core14,test
"I need to check your refund policy , how to do it?",refund_request,bitext,bitext:i need to check your refund policy how to do it,test
Does the coffee maker need batteries or does it plug in? Thank you!,product_question,template,product_question:core6,test
"Hello, I'm still waiting on order 23289 that was due 4 days ago. Thank you!",delivery_delay,template,delivery_delay:core19,train
"Hi, Has my payment for order #48091 gone through? The status hasn't changed. Thanks in advance.",order_status,template,order_status:core24,train
delivery delyed,delivery_delay,template,delivery_delay:short2,train
"hi there, my mehanical keyboard arrived dented and i'd like a replacement. this is urgent, i need it for my son's birthday on saturday",damaged_item,template,damaged_item:core17,train
"hello team, what maetrial is the running sohes made of? please advise",product_question,template,product_question:core5,train
is bluetooth speaker compatible with a MacBook,product_question,template,product_question:short8,train
I want to cancel purchase ORD-39045,cancellation,bitext,bitext:i want to cancel purchase order number,train
"Hey, I got the winter jacket today but it's broken. I can send photos.",damaged_item,template,damaged_item:core24,train
whre is my refund,refund_request,template,refund_request:short1,val
order #59982 status,order_status,template,order_status:short1,train
"Hey, Where can I track my order? I can't find the link in my account. Thank you!",order_status,template,order_status:core19,test
"Good morning, I was promised delivery days ago and it's still not here.",delivery_delay,template,delivery_delay:core6,train
"Hey, The courier attempted delivery once and never came back, now it's been two weeks with no update. I've emailed twice and nobody has replied.",delivery_delay,template,delivery_delay:core13,test
I need assistance locating order 51827,order_status,bitext,bitext:i need assistance locating order order number,train
"I need to cancel order 65144, I no longer need the car seat cover. I've been waiting a long time for this. Thanks in advance.",cancellation,template,cancellation:core5,train
"Hi, What are the dimensions of the mirror? Appreciate any info. Thank you!",product_question,template,product_question:core2,test
can uhelp me see the ETA of purchase #31566,order_status,bitext,bitext:can uhelp me see the eta of purchase order number,train
"Hi there, I got the phone case today but it's broken. I can send photos. My email is the one on the account.",damaged_item,template,damaged_item:core24,train
check status of order,order_status,bitext,bitext:check status of order,test
"Hi there, Will the rice cooker be back in stock soon?",product_question,template,product_question:core4,train
"Hello team, I got the wireless mouse today but it's broken. I can send photos. Thanks in advance.",damaged_item,template,damaged_item:core24,train
"to whom it may concern, the robot vacuum isn't as described on the website, i'd like to return it for a refund. cheers, luca",refund_request,template,refund_request:core8,train
"i ordered a rice cooker and when it arrived, the box was completely crushed and the item is broken",damaged_item,template,damaged_item:core0,train
"Good morning, The carrier keeps saying 'delivery exception' and my office chair is now late. I expected better from your store. Thanks in advance.",delivery_delay,template,delivery_delay:core22,train
"hey, you refunded me in store credit but i want the money back on my card. kind of annoyed at this point",refund_request,template,refund_request:core19,test
can I check your refund policy?,refund_request,bitext,bitext:can i check your refund policy,test
where can I cancel order 17592?,cancellation,bitext,bitext:where can i cancel order order number,train
when will my orer ship,order_status,template,order_status:short6,val
help seeing the ETA of order 68493,order_status,bitext,bitext:help seeing the eta of order order number,test
"Good morning, The box was fine but the hair dryer inside was broken. I shouldn't have to chase you for this. Thanks in advance.",damaged_item,template,damaged_item:core16,train
"Good morning, Can I get the running shoes engraved or personalized? Honestly I'm at my wits' end.",product_question,template,product_question:core22,val
"Hi, My package was supposed to arrive two weeks ago and it's still not here, no courier updates. Not happy about this at all. Cheers, Maria",delivery_delay,template,delivery_delay:core0,train
I need an answer before Sunday. I no longer want order 91351,cancellation,bitext,bitext:i no longer want order order number,train
order #17266 status,order_status,template,order_status:short1,train
"Hey, What are the dimensions of the air fryer? Thanks.",product_question,template,product_question:core2,test
"hello team, what material is the mriror made of? no hurry at all. thank you",product_question,template,product_question:core5,train
headphones in stock?,product_question,template,product_question:short4,train
"Is the camera tripod compatible with an iPhone 15? Regards, Tom",product_question,template,product_question:core3,train
"I received my order but the rice cooker is cracked right out of the box!! Please treat this as a priority, I'm travelling soon.",damaged_item,template,damaged_item:core4,test
"Hello team, I accidentally placed the same order twice. Please cancel one of them.",cancellation,template,cancellation:core7,train
"Hello team, What material is the mechanical keyboard made of? It's time-sensitive. Cheers, Fatima",product_question,template,product_question:core5,train
winter jacket warranty?,product_question,template,product_question:short0,val
rice cooker arrived broken,damaged_item,template,damaged_item:short0,train
"Hi, My package has said 'delayed in transit' for 5 days. Thanks in advance.",delivery_delay,template,delivery_delay:core21,train
"Hi there, I got order 81503 today and the robot vacuum is completely shattered inside the packaging. Thank you!",damaged_item,template,damaged_item:core10,train
"Hello team, My package was supposed to arrive two weeks ago and it's still not here, no courier updates.",delivery_delay,template,delivery_delay:core0,train
wanna see orer #98188 current status can ya help me,order_status,bitext,bitext:wanna see orer order number current status can ya help me,train
"just checking in on order #94189. when will it ship? regards, maria",order_status,template,order_status:core1,val
"Hello team, My order arrived with the box soaked and the running shoes inside no longer works. It's time-sensitive. Cheers, Aisha",damaged_item,template,damaged_item:core14,train
I want help olcating purchase ORD-76494,order_status,bitext,bitext:i want help olcating purchase order number,train
i dont know what to do to cancel order ORD-95181,cancellation,bitext,bitext:i dont know what to do to cancel order order number,train
"Hi, This is the second delay notice I've received for order 77298. What's going on? No rush on this. Thanks in advance.",delivery_delay,template,delivery_delay:core16,train
i do not know how to cancel order ORD-26828,cancellation,bitext,bitext:i do not know how to cancel order order number,train
I need this sorted out today. assistance demanding a compensation of my money,refund_request,bitext,bitext:assistance demanding a compensation of my money,test
"Hello team, I'm still waiting on order 83590 that was due 8 days ago.",delivery_delay,template,delivery_delay:core19,train
damaged laptop satnd,damaged_item,template,damaged_item:short1,train
"Hello team, Is the monitor dishwasher safe? This is really frustrating.",product_question,template,product_question:core8,train
I try to demand a refund,refund_request,bitext,bitext:i try to demand a refund,train
"Hi there, My new picture frame has several parts physically broken off. It arrived like this. No hurry at all.",damaged_item,template,damaged_item:core6,val
"Hi, Can you stop my order from shipping? I want to cancel it. No hurry at all. Thanks.",cancellation,template,cancellation:core8,train
"Good morning, WHAT'S THE BATTERY LIFE ON THE WATER BOTTLE? This is completely unacceptable!! Cheers, Luca",product_question,template,product_question:core19,train
order 50364 late,delivery_delay,template,delivery_delay:short3,train
"Hi there, What's the difference between the two hair dryer models on your site? My email is the one on the account. Regards, Chen",product_question,template,product_question:core10,train
My package missed its delivery window and there's been no update since.,delivery_delay,template,delivery_delay:core8,val
I'd like to cancel my tent order before it ships. Thank you!,cancellation,template,cancellation:core1,train
I need assistance demanding compensations,refund_request,bitext,bitext:i need assistance demanding compensations,train
late delivery #16546,delivery_delay,template,delivery_delay:short8,train
late delivery #52215,delivery_delay,template,delivery_delay:short8,train
"Hi there, I was charged $77.00 but you only refunded part of it. Let me know what you need from me.",refund_request,template,refund_request:core5,train
"Hi, Delivery keeps getting pushed back on the tracking page for my bluetooth speaker order!! I'm seriously considering never ordering from here again.",delivery_delay,template,delivery_delay:core7,val
Can the bluetooth speaker be used outdoors? Thanks.,product_question,template,product_question:core7,train
"Does the bluetooth speaker ship with a charger? Cheers, Aisha",product_question,template,product_question:core11,train
Can I get my money back for the night lamp? It doesn't fit.,refund_request,template,refund_request:core4,train
"Good morning, Could you send me the tracking number for order #50116? I shouldn't have to chase you for this.",order_status,template,order_status:core18,train
"My order arrived with the box soaked and the throw blanket inside no longer works. No hurry at all. Cheers, Jordan",damaged_item,template,damaged_item:core14,train
"to whom it may concern, i ordered a air fryer and when it arrived, the box was completely crushed and the item is broken. please advise",damaged_item,template,damaged_item:core0,train
Delivery keeps getting pushed back on the tracking page for my hair dryer order. My email is the one on the account. Thanks.,delivery_delay,template,delivery_delay:core7,val
"I bought some items, I need help to cancel purchase 70637 It's a gift for an event this weekend so I really need an answer now.",cancellation,bitext,bitext:i bought some items i need help to cancel purchase order number,train
where do i request reimburseents Kind of annoyed at this point.,refund_request,bitext,bitext:where do i request reimburseents,train
i'd like to cancel my pre-order for the waetr bottle,cancellation,template,cancellation:core15,val
"Hey, Is my package still on track to arrive this week? I can't find any status update. Cheers, Sam",order_status,template,order_status:core8,train
"Hello, Why is my delivery taking so long? It was supposed to arrive last week. I shouldn't have to chase you for this. Thank you!",delivery_delay,template,delivery_delay:core2,train
status of my duvet cover order,order_status,template,order_status:short4,train
Honestly I'm at my wits' end. chcek order 14081 current status,order_status,bitext,bitext:chcek order order number current status,train
"The garden hose isn't as described on the website, I'd like to return it for a refund. Whenever you get a chance. Please advise.",refund_request,template,refund_request:core8,train
"MY NEW COFFEE MAKER HAS SEVERAL PARTS PHYSICALLY BROKEN OFF. IT ARRIVED LIKE THIS!! I've emailed twice and nobody has replied. Regards, Sam",damaged_item,template,damaged_item:core6,val
I do not know how I can request refunds of money,refund_request,bitext,bitext:i do not know how i can request refunds of money,train
My order page says 'in transit'. Which carrier is delivering it? It's a gift for an event this weekend so I really need an answer now.,order_status,template,order_status:core20,train
mechanical keyboard material?,product_question,template,product_question:short9,train
"Hi there, The air fryer arrived with missing pieces and a cracked casing. Thanks in advance.",damaged_item,template,damaged_item:core11,train
"I want to locate purchase ORD-71487, help me",order_status,bitext,bitext:i want to locate purchase order number help me,train
"To whom it may concern, What are the dimensions of the mirror? This is urgent, I need it for my son's birthday on Wednesday.",product_question,template,product_question:core2,test
"Hello, The carrier keeps saying 'delivery exception' and my bookshelf is now late. Regards, Maria",delivery_delay,template,delivery_delay:core22,train
can you help me canceling order 10851?,cancellation,bitext,bitext:can you help me canceling order order number,test
"Hello team, My order ORD-48942 was marked 'delayed' with no explanation and no new delivery date given. It's a gift for an event this weekend so I really need an answer now. Thanks in advance.",delivery_delay,template,delivery_delay:core11,test
"Hi, What does 'label created' mean on my tracking? Has it actually been picked up?",order_status,template,order_status:core17,test
"To whom it may concern, Can you tell me when order ORD-20878 will ship?",order_status,template,order_status:core14,train
"Hi, I returned the bluetooth speaker 2 days ago and still haven't received my refund. Thanks in advance.",refund_request,template,refund_request:core0,val
"hello team, what's hpapening with order #82805? it's been sitting at 'order received' for a while now!! i want soemone to call me back today. thank you",order_status,template,order_status:core11,train
What's the battery life on the throw blanket? No hurry at all.,product_question,template,product_question:core19,train
cancel order ORD-12576 pls Appreciate any info.,cancellation,template,cancellation:short8,train
assistance with cancelling purchase #96951,cancellation,bitext,bitext:assistance with cancelling purchase order number,train
"Hi, Delivery was supposed to happen already but tracking still shows it in a different city. Hope you're having a good day! Thanks in advance.",delivery_delay,template,delivery_delay:core15,test
"Is the car seat cover compatible with an iPhone 15? Cheers, Luca",product_question,template,product_question:core3,train
"Hi, I was told it would arrive by Friday. It's now 5 days past that. Thanks in advance.",delivery_delay,template,delivery_delay:core23,train
"Hello, Does the running shoes come with a warranty? I'm pretty disappointed, honestly. Cheers, Luca",product_question,template,product_question:core0,val
"Good morning, My package showed up today but the kitchen scale inside is dented and doesn't work anymore. I'm usually home in the afternoons. Thanks in advance.",damaged_item,template,damaged_item:core2,train
"Hey, The box was fine but the yoga mat inside was broken. Appreciate any info.",damaged_item,template,damaged_item:core16,train
tracking number for #24379?,order_status,template,order_status:short2,train
"good morning, does the garden hose need batteries or does it plug in? honestly i'm at my wits' end. plese advise",product_question,template,product_question:core6,test
"to whom it may concern, i'd like an eta for my winter jacket, please",order_status,template,order_status:core22,train
"Hey, What material is the wireless mouse made of?",product_question,template,product_question:core5,train
"Hello team, Can I get the electric kettle engraved or personalized? Please advise.",product_question,template,product_question:core22,val
"Good morning, My sneakers arrived broken into pieces, the packaging was torn open too. The order is under my partner's name.",damaged_item,template,damaged_item:core5,test
late delivery 80552,delivery_delay,template,delivery_delay:short8,train
"Good morning, I got order #17775 today and the smartwatch is completely shattered inside the packaging.",damaged_item,template,damaged_item:core10,train
"Hi there, Can I cancel order 35051 if it has already shipped? I'm pretty disappointed, honestly. Please advise.",cancellation,template,cancellation:core13,test
"Hi, IS THE KITCHEN SCALE AVAILABLE IN OTHER COLORS? My patience has run out.",product_question,template,product_question:core1,train
"Hi, Can the refund go to my original payment method?",refund_request,template,refund_request:core15,train
"Hey, The delivery for my blender has been rescheduled multiple times without a clear reason. Regards, Maria",delivery_delay,template,delivery_delay:core18,test
Not happy about this at all. I need to check in which situations can I requst a refund,refund_request,bitext,bitext:i need to check in which situations can i requst a refund,train
"Hey, My order page says 'in transit'. Which carrier is delivering it? Please advise.",order_status,template,order_status:core20,train
"to whom it may concern, my refund for order #18199 says 'approved' but the money isn't in my account. i ordered it as a gift. thanks",refund_request,template,refund_request:core13,train
"Hey, The yoga mat I ordered came with a large tear. It looks like it was damaged before packing. Honestly I'm at my wits' end. Please advise.",damaged_item,template,damaged_item:core3,val
"Hi, The robot vacuum I ordered has a broken part right out of the package. This is really frustrating.",damaged_item,template,damaged_item:core12,test
"Hey, The water bottle leaked everywhere inside the box, it's ruined. I'm usually home in the afternoons. Thanks in advance.",damaged_item,template,damaged_item:core23,train
"Hi, The wireless mouse I ordered arrived cracked. Clearly damaged in shipping. Thanks.",damaged_item,template,damaged_item:core1,train
damaged backpack,damaged_item,template,damaged_item:short1,train
"Hey, Do I get the shipping fee back if I return the running shoes? Whenever you get a chance.",refund_request,template,refund_request:core17,test
what are the dimensions of the desk lamp?,product_question,template,product_question:core2,test
"hi, canecl my order please, i found it cheaper elsewhere. i need this sorted out today. thank you",cancellation,template,cancellation:core4,train
damaged rice cooker,damaged_item,template,damaged_item:short1,train
order cancelation,cancellation,bitext,bitext:order cancelation,val
"Is the kitchen scale suitable for a beginner? Cheers, Luca",product_question,template,product_question:core13,train
I need help to cancel purchase370795561790,cancellation,bitext,bitext:i need help to cancel purchase0,train
"To whom it may concern, I accidentally placed the same order twice. Please cancel one of them!! Please respond ASAP. Regards, Jordan",cancellation,template,cancellation:core7,train
"hello, i never got an order confirmation email for my laptop stand. did the order go through? i expected better from your store. cheers, luca",order_status,template,order_status:core16,test
"Hi there, My dashboard shows the order as 'pending'. Is that expected? Please respond ASAP. Thank you!",order_status,template,order_status:core10,val
"To whom it may concern, The garden hose I ordered arrived cracked. Clearly damaged in shipping. My email is the one on the account. Cheers, Tom",damaged_item,template,damaged_item:core1,train
"Good morning, Is the yoga mat waterproof?",product_question,template,product_question:core21,train
is the bookshelf compatble with a ps5? pease advise,product_question,template,product_question:core3,train
iwant assistance canceling order #22363,cancellation,bitext,bitext:iwant assistance canceling order order number,train
"The return email said the refund takes 5 days but it's been 6 days. It's a gift for an event this weekend so I really need an answer now. Cheers, Alex",refund_request,template,refund_request:core9,test
"I can no longer afford order ORD-56438 This is urgent, I need it for my son's birthday on Tuesday.",cancellation,bitext,bitext:i can no longer afford order order number,train
my camera tripod is overdue,delivery_delay,template,delivery_delay:short1,test
"Hi, My order is late. It was supposed to be here already. I expected better from your store. Please advise.",delivery_delay,template,delivery_delay:core24,train
I need assistance to get a rebate of  my money,refund_request,bitext,bitext:i need assistance to get a rebate of my money,train
"Hello, I was charged twice for order #98740, please refund the duplicate charge. I shouldn't have to chase you for this. Thanks in advance.",refund_request,template,refund_request:core10,train
"Hi there, How do I cancel an order I placed over a week ago? Absolutely ridiculous. Thanks in advance.",cancellation,template,cancellation:core3,train
I want to obtain refunds of my money,refund_request,bitext,bitext:i want to obtain refunds of my money,train
"To whom it may concern, My package has said 'delayed in transit' for 2 days. Thanks.",delivery_delay,template,delivery_delay:core21,train
"i have to cancel purchase #19171 It's not a big deal, just wanted to ask.",cancellation,bitext,bitext:i have to cancel purchase order number,val
"hello, please cancel the car seat cover order, my adress is wrong and i'll reorder. i ordered it as a gift. thanks in advance",cancellation,template,cancellation:core16,train
"Good morning, My headphones arrived soaking wet and the box was falling apart, the item itself is stained. Let me know what you need from me. Cheers, Priya",damaged_item,template,damaged_item:core8,train
i dont want this artilce cancel order #70332,cancellation,bitext,bitext:i dont want this artilce cancel order order number,val
"I paid $319 for a product, help me get a fucking rebate",refund_request,bitext,bitext:i paid currency symbolrefund amount for a product help me get a fucking rebate,train
"hey, do you sell replacement parts for the backpack? cheers, priya",product_question,template,product_question:core14,train
"I paid $335 for these articles, I have to obtain a rebate",refund_request,bitext,bitext:i paid currency symbolrefund amount for these articles i have to obtain a rebate,train
"Hello, Just wondering if my office chair order has left the warehouse yet. Thank you!",order_status,template,order_status:core6,test
"Hi there, What material is the bluetooth speaker made of? Regards, Luca",product_question,template,product_question:core5,train
"To whom it may concern, Can the refund go to my original payment method? Cheers, Sam",refund_request,template,refund_request:core15,train
"To whom it may concern, Please cancel the coffee maker order, my address is wrong and I'll reorder!! This is the third time I've contacted you about this.",cancellation,template,cancellation:core16,train
"I purchased some items, I want to cancel order ORD-60328",cancellation,bitext,bitext:i purchased some items i want to cancel order order number,val
"Hi, The glass on my yoga mat was shattered in the box. Can I get a replacement or refund? No rush on this. Thanks.",damaged_item,template,damaged_item:core19,val
"hi, my package has said 'delayed in transit' for over a week. please advise",delivery_delay,template,delivery_delay:core21,train
"Good morning, The estimated delivery date has already passed and I still haven't received my headphones. It's not a big deal, just wanted to ask. Please advise.",delivery_delay,template,delivery_delay:core1,train
"Hey, Is the mirror you sell the latest model? I expected better from your store. Thanks in advance.",product_question,template,product_question:core17,train
I sent the kitchen scale back last week. Has the refund been processed?,refund_request,template,refund_request:core3,val
"Hi there, My order confirmation says it shipped but the tracking link isn't working. What's the current status? I shouldn't have to chase you for this. Thanks.",order_status,template,order_status:core4,train
"Hello team, Can the throw blanket be used outdoors?",product_question,template,product_question:core7,train
"Hey, The carrier keeps saying 'delivery exception' and my suitcase is now late. Thanks in advance.",delivery_delay,template,delivery_delay:core22,train
"Hello team, I'd like to know the status of order ORD-18707, please!! This is completely unacceptable!! Thanks in advance.",order_status,template,order_status:core5,val
can you help me to see the compensation current status?,refund_request,bitext,bitext:can you help me to see the compensation current status,train
when am i gonna obtain a reimbursement of money,refund_request,bitext,bitext:when am i gonna obtain a reimbursement of money,train
I am waiting for an restitution of $44,refund_request,bitext,bitext:i am waiting for an restitution of currency symbolrefund amount,train
"Hi, Just wondering if my kitchen scale order has left the warehouse yet. I shouldn't have to chase you for this. Please advise.",order_status,template,order_status:core6,test
I try to see my compensation current status,refund_request,bitext,bitext:i try to see my compensation current status,train
help me see how long the bloody reimbursements usually take,refund_request,bitext,bitext:help me see how long the bloody reimbursements usually take,train
cancel order #15915,cancellation,template,cancellation:short0,train
"Hello, I placed an order an hour ago and need to cancel it. This is really frustrating. Thanks in advance.",cancellation,template,cancellation:core14,test
"hey, my phone case arrived soaking wet and the box was falling apart, the item itself is stained. this is the third time i've contacted you about this. pelase advise",damaged_item,template,damaged_item:core8,train
"To whom it may concern, Do you sell replacement parts for the phone case?",product_question,template,product_question:core14,train
i acnt see purchase #69682 status,order_status,bitext,bitext:i acnt see purchase order number status,train
"Hi there, The delivery date keeps changing every time I check, it's now well past the original estimate. I shouldn't have to chase you for this. Thanks.",delivery_delay,template,delivery_delay:core10,train
"Hello team, The headphones I purchased came with a snapped part, unusable as is. This is urgent, I need it for my son's birthday on Tuesday. Thank you!",damaged_item,template,damaged_item:core15,train
"good morning, my order #64760 is now 3 days late. can you tell me what's causing the delay!! this is completely unacceptable",delivery_delay,template,delivery_delay:core4,val
"Good morning, I'd like to cancel my sneakers order before it ships. Cheers, Aisha",cancellation,template,cancellation:core1,train
"Hi there, I'm still waiting on order #13305 that was due 2 days ago. Kind of annoyed at this point. Cheers, Aisha",delivery_delay,template,delivery_delay:core19,train
"hi, it's been stuck in customs for a week and is now past the delivery estimate. i've been waiting a long time for this",delivery_delay,template,delivery_delay:core25,train
where do I know if there is anything wrong with my rebate?,refund_request,bitext,bitext:where do i know if there is anything wrong with my rebate,train
"Hello, How do I clean the robot vacuum?",product_question,template,product_question:core16,train
"To whom it may concern, I was promised delivery days ago and it's still not here. I've been waiting a long time for this. Thanks in advance.",delivery_delay,template,delivery_delay:core6,train
"Hello team, DOES THE SNEAKERS WORK WITH 220V OUTLETS ABROAD!! If this isn't fixed I'm filing a chargeback with my bank. Cheers, Luca",product_question,template,product_question:core18,val
need ot cancel purchase ORD-26551 I've been waiting a long time for this.,cancellation,bitext,bitext:need ot cancel purchase order number,train
"Hi, I got order ORD-77792 today and the mechanical keyboard is completely shattered inside the packaging. I expected better from your store. Thank you!",damaged_item,template,damaged_item:core10,train
i no longer want purchase  #14117,cancellation,bitext,bitext:i no longer want purchase order number,val
anything new on my goddamn reimbursement,refund_request,bitext,bitext:anything new on my goddamn reimbursement,test
I need assistance seeing how long reimbursements take,refund_request,bitext,bitext:i need assistance seeing how long reimbursements take,test
wanna track purchase #34586,order_status,bitext,bitext:wanna track purchase order number,train
"it's not a big deal, just wnated to ask. my sneakers is ovrdue",delivery_delay,template,delivery_delay:short1,test
my coffee maker came cracked,damaged_item,template,damaged_item:short4,train
oredr #32991 arrived damaged,damaged_item,template,damaged_item:short5,train
"I bought some article, help canceling order 50001",cancellation,bitext,bitext:i bought some article help canceling order order number,val
"Hi, Please cancel the garden hose order, my address is wrong and I'll reorder. Thanks.",cancellation,template,cancellation:core16,train
"Received order ORD-48657 and the backpack is defective, it has a big crack down the side. Kind of annoyed at this point.",damaged_item,template,damaged_item:core22,train
"Hi, Will the yoga mat be back in stock soon?",product_question,template,product_question:core4,train
refund for order #46435,refund_request,template,refund_request:short0,train
"hi there, how do i set up my new bluetooth speaker? the manual isn't clear!! please respond asap. please avise",product_question,template,product_question:core9,test
wanna see hte eta of order ORD-93748 help me,order_status,bitext,bitext:wanna see hte eta of order order number help me,train
what's the difference between the two bluetooth speaker models on your site? thanks in advance,product_question,template,product_question:core10,train
"Hello team, My package showed up today but the throw blanket inside is dented and doesn't work anymore!! I need this resolved immediately.",damaged_item,template,damaged_item:core2,train
"Hi, The water bottle was damaged in transit, the corner is crushed and it won't turn on. Appreciate any info. Thanks in advance.",damaged_item,template,damaged_item:core21,train
"hello team, what are the dimensions of the mirror? my email is the one on the account. thanks in advance",product_question,template,product_question:core2,test
"I can no longer afford order ORD-44741, help me cancel it",cancellation,bitext,bitext:i can no longer afford order order number help me cancel it,train
refund for order 50048,refund_request,template,refund_request:short0,train
I received my order but the duvet cover is cracked right out of the box. I expected better from your store. Thanks.,damaged_item,template,damaged_item:core4,test
"I haven't gotten any email updates since I placed my order. Can you check where it is? The order is under my partner's name. Regards, Tom",order_status,template,order_status:core7,val
help me to see in which cases can I ask for a refund No hurry at all.,refund_request,bitext,bitext:help me to see in which cases can i ask for a refund,val
"To whom it may concern, The shipment has been stuck at the same tracking checkpoint for 3 days now, past the delivery date. Thanks in advance.",delivery_delay,template,delivery_delay:core5,val
What material is the bluetooth speaker made of?,product_question,template,product_question:core5,train
I can send my receipt if needed. money back for hair dryer,refund_request,template,refund_request:short8,train
"To whom it may concern, The camera tripod I ordered has a broken part right out of the package. Regards, Jordan",damaged_item,template,damaged_item:core12,test
"Hello team, Does the suitcase ship with a charger? Hope you're having a good day! Cheers, Alex",product_question,template,product_question:core11,train
I want to see how long refunds take Not happy about this at all.,refund_request,bitext,bitext:i want to see how long refunds take,train
help me to cancel purchase #43386,cancellation,bitext,bitext:help me to cancel purchase order number,train
"hey, the bookshelf i ordered arrived cracked. clearly damaged in shipping. thanks",damaged_item,template,damaged_item:core1,train
"I ordered the wrong suitcase by mistake, can you cancel it? Kind of annoyed at this point. Cheers, Luca",cancellation,template,cancellation:core2,train
I want help to check order ORD-19807 current status,order_status,bitext,bitext:i want help to check order order number current status,test
"Hey, The night lamp I ordered has a broken part right out of the package. I want someone to call me back TODAY. Regards, Tom",damaged_item,template,damaged_item:core12,test
"suitcase arrived broken it's not a big deal, just wanted to ask",damaged_item,template,damaged_item:short0,train
It's been stuck in customs for 5 days and is now past the delivery estimate. No rush on this.,delivery_delay,template,delivery_delay:core25,train
"To whom it may concern, The glass on my coffee maker was shattered in the box. Can I get a replacement or refund? Thank you!",damaged_item,template,damaged_item:core19,val
"Hi there, The return was delivered back to you over a week ago. Where is my refund of $413.63? The order is under my partner's name. Thank you!",refund_request,template,refund_request:core16,train
"I have to see the status of my reimbursement, I need help",refund_request,bitext,bitext:i have to see the status of my reimbursement i need help,train
"Hey, The rice cooker I ordered has a broken part right out of the package!! I want someone to call me back TODAY. Thank you!",damaged_item,template,damaged_item:core12,test
"Hello team, What's the battery life on the camera tripod? I expected better from your store. Thank you!",product_question,template,product_question:core19,train
"hello, i was charged $338.17 but you only refunded part of it. whenever you get a chance. cheers, chen",refund_request,template,refund_request:core5,train
problem with cancelling order #19116,cancellation,bitext,bitext:problem with cancelling order order number,train
"Hello, Tracking says 'out for delivery' since yesterday but nothing has shown up. Please advise.",delivery_delay,template,delivery_delay:core3,train
cancel blender order,cancellation,template,cancellation:short4,train
received a defective picture frame I've been waiting a long time for this.,damaged_item,template,damaged_item:short7,train
WHAT'S THE DIFFERENCE BETWEEN THE TWO BACKPACK MODELS ON YOUR SITE!! I've emailed twice and nobody has replied. Thanks in advance.,product_question,template,product_question:core10,train
"hello, how do i clean the night lamp? i'm seriously considering never ordering from here again. thanks",product_question,template,product_question:core16,train
"Hey, Is the winter jacket dishwasher safe? Whenever you get a chance. Thanks.",product_question,template,product_question:core8,train
"good morning, i'm not satisfied with the headphones and wuld like my money back. my email is the one on the account. please advise",refund_request,template,refund_request:core14,train
The phone case arrived with missing pieces and a cracked casing. No rush on this. Please advise.,damaged_item,template,damaged_item:core11,train
wanna see order ORD-27750 status help me,order_status,bitext,bitext:wanna see order order number status help me,train
"Hello, The estimated delivery date has already passed and I still haven't received my robot vacuum. Just curious. Thank you!",delivery_delay,template,delivery_delay:core1,train
"Hey, The delivery date keeps changing every time I check, it's now well past the original estimate. Cheers, Luca",delivery_delay,template,delivery_delay:core10,train
I placed an order an hour ago and need to cancel it. Kind of annoyed at this point. Thanks in advance.,cancellation,template,cancellation:core14,test
does the coffee maker come in black,product_question,template,product_question:short3,train
status of order,order_status,bitext,bitext:status of order,train
"Hello, I ordered a blender and when it arrived, the box was completely crushed and the item is broken.",damaged_item,template,damaged_item:core0,train
can you help me to request a reimbursement of money?,refund_request,bitext,bitext:can you help me to request a reimbursement of money,train
"To whom it may concern, Can the air fryer be used outdoors? Thanks in advance.",product_question,template,product_question:core7,train
"Good morning, My order arrived with the box soaked and the water bottle inside no longer works. I need an answer before Wednesday. Regards, Fatima",damaged_item,template,damaged_item:core14,train
"Good morning, The mechanical keyboard I ordered came with a large tear. It looks like it was damaged before packing. Thanks.",damaged_item,template,damaged_item:core3,val
how to see if there is anything wrong with my restitution?,refund_request,bitext,bitext:how to see if there is anything wrong with my restitution,test
"Hi, Half of the smartwatch was smashed when I opened the package. Absolutely ridiculous. Cheers, Chen",damaged_item,template,damaged_item:core18,train
ihave to locate purchase #18855 help me,order_status,bitext,bitext:ihave to locate purchase order number help me,train
Let me know what you need from me. damaged bookshelf,damaged_item,template,damaged_item:short1,train
"hello, i returned the night lamp 4 days ago and still haven't received my refund",refund_request,template,refund_request:core0,val
I'd like to cancel my winter jacket order before it ships. Thanks in advance.,cancellation,template,cancellation:core1,train
What are the dimensions of the board game? It's time-sensitive.,product_question,template,product_question:core2,test
order ORD-73053 late My email is the one on the account.,delivery_delay,template,delivery_delay:short3,train
"My package missed its delivery window and there's been no update since. Cheers, Priya",delivery_delay,template,delivery_delay:core8,val
is board game comaptible with windows 11,product_question,template,product_question:short8,train
"The car seat cover was damaged in transit, the corner is crushed and it won't turn on. The order is under my partner's name. Thank you!",damaged_item,template,damaged_item:core21,train
"Hello team, Half of the mirror was smashed when I opened the package. Cheers, Sam",damaged_item,template,damaged_item:core18,train
Just wondering if my hair dryer order has left the warehouse yet.,order_status,template,order_status:core6,test
could I see in which cases can I ask to be refunded?,refund_request,bitext,bitext:could i see in which cases can i ask to be refunded,val
check the eta of the order #60678,order_status,bitext,bitext:check the eta of the order order number,train
"Hi, I'm not satisfied with the backpack and would like my money back. It's time-sensitive. Regards, Aisha",refund_request,template,refund_request:core14,train
"hey, delivery keeps getting psuhed back on the tracking page for my running shes order. cheers, maria",delivery_delay,template,delivery_delay:core7,val
I want help to see the ETA of order #30632,order_status,bitext,bitext:i want help to see the eta of order order number,train
"good morning, the backpack i purchased came with a snapped part, unusable as is",damaged_item,template,damaged_item:core15,train
status of my tent order,order_status,template,order_status:short4,train
can uhelp me see the currnt status of order ORD-90658,order_status,bitext,bitext:can uhelp me see the currnt status of order order number,train
"Hey, The smartwatch I ordered came with a large tear. It looks like it was damaged before packing. I've been waiting a long time for this.",damaged_item,template,damaged_item:core3,val
"Hello team, Do you sell replacement parts for the laptop stand? Please advise.",product_question,template,product_question:core14,train
"Hello team, My running shoes came scratched all over and one part is snapped.",damaged_item,template,damaged_item:core20,val
Can the refund go to my original payment method?,refund_request,template,refund_request:core15,train
how cam i track order #46002,order_status,bitext,bitext:how cam i track order order number,test
"Hi there, My smartwatch was due on Monday and it never showed up. Honestly I'm at my wits' end. Thank you!",delivery_delay,template,delivery_delay:core20,train
"When is my water bottle expected to arrive? It's not a big deal, just wanted to ask. Thanks.",order_status,template,order_status:core25,train
"hi, i requested a cancellation for order ord-12455 but it still shows as active. let me know what you need from me. regards, tom",cancellation,template,cancellation:core17,val
"hi, the sneakers i ordered came with a lage tear. it looks like it was damaged before packing. thanks in avance",damaged_item,template,damaged_item:core3,val
"Hello team, What are the dimensions of the garden hose? I can send my receipt if needed. Thank you!",product_question,template,product_question:core2,test
"i opened the box and my backpack already has a large scratch and dent on it. i can send my receipt if needed. cheers, chen",damaged_item,template,damaged_item:core7,train
"Hi there, Has my hair dryer shipped yet? It's time-sensitive. Thanks.",order_status,template,order_status:core15,train
"Hi there, I need to cancel order #72029, I no longer need the bookshelf. Thanks in advance.",cancellation,template,cancellation:core5,train
"Hello, I opened the box and my monitor already has a large scratch and dent on it. Hope you're having a good day! Thank you!",damaged_item,template,damaged_item:core7,train
"Hi, I requested a cancellation for order 55282 but it still shows as active!! I'm seriously considering never ordering from here again. Cheers, Sam",cancellation,template,cancellation:core17,val
"Hi, How do I set up my new toolset? The manual isn't clear. Honestly I'm at my wits' end.",product_question,template,product_question:core9,test
Is the air fryer dishwasher safe?,product_question,template,product_question:core8,train
"Good morning, Does the backpack need batteries or does it plug in? Regards, Jordan",product_question,template,product_question:core6,test
Is the bookshelf you sell the latest model? Just curious.,product_question,template,product_question:core17,train
The tracking number you sent me shows 'not found' on the carrier site. Let me know what you need from me.,order_status,template,order_status:core23,train
"Good morning, The glass on my bluetooth speaker was shattered in the box. Can I get a replacement or refund? Please advise.",damaged_item,template,damaged_item:core19,val
"To whom it may concern, I accidentally placed the same order twice. Please cancel one of them. Thanks in advance.",cancellation,template,cancellation:core7,train
rice cooker size guide,product_question,template,product_question:short5,train
"Hey, What material is the phone case made of? Please advise.",product_question,template,product_question:core5,train
"I do not want my last bloody item, cancel order ORD-53540",cancellation,bitext,bitext:i do not want my last bloody item cancel order order number,test
"Hello team, How do I cancel an order I placed over a week ago? Let me know what you need from me.",cancellation,template,cancellation:core3,train
I want to confirm my picture frame order actually went through and is being processed. The order is under my partner's name. Thanks in advance.,order_status,template,order_status:core12,train
"To whom it may concern, How do I set up my new bluetooth speaker? The manual isn't clear. I need this resolved immediately. Thank you!",product_question,template,product_question:core9,test
late delivery #93584 Absolutely ridiculous.,delivery_delay,template,delivery_delay:short8,train
What's the difference between the two car seat cover models on your site? Please respond ASAP. Thanks.,product_question,template,product_question:core10,train
"Hi there, I'm still waiting on order ORD-90136 that was due over a week ago. I expected better from your store. Thanks in advance.",delivery_delay,template,delivery_delay:core19,train
"Hi, I ordered a bluetooth speaker and when it arrived, the box was completely crushed and the item is broken. Thanks.",damaged_item,template,damaged_item:core0,train
"Good morning, I was told it would arrive by Wednesday. It's now 5 days past that!! I need this resolved immediately. Regards, Chen",delivery_delay,template,delivery_delay:core23,train
"Good morning, My order arrived with the box soaked and the board game inside no longer works. Cheers, Aisha",damaged_item,template,damaged_item:core14,train
"Hello team, Can you give me an update on my order status? I haven't received a shipping confirmation for my toolset yet. I expected better from your store. Regards, Tom",order_status,template,order_status:core2,train
"Hi, When will my refund of $236.82 show up on my card? The order is under my partner's name. Thanks.",refund_request,template,refund_request:core2,train
"Hey, The glass on my sneakers was shattered in the box. Can I get a replacement or refund? I will be leaving a one-star review.",damaged_item,template,damaged_item:core19,val
is it possible to cancel order ORD-31798?,cancellation,bitext,bitext:is it possible to cancel order order number,train
received a defective camera tripod I will be leaving a one-star review.,damaged_item,template,damaged_item:short7,train
"Hello team, I want to confirm my blender order actually went through and is being processed. I need this resolved immediately. Thank you!",order_status,template,order_status:core12,train
"Hey, I placed my order 10 days ago and it still says processing. Can you check on it? Not happy about this at all. Regards, Tom",order_status,template,order_status:core0,train
"Hi, Just wondering if my blender order has left the warehouse yet. This is urgent, I need it for my son's birthday on Sunday.",order_status,template,order_status:core6,test
I try to cancel purchase ORD-86484,cancellation,bitext,bitext:i try to cancel purchase order number,val
"Good morning, IS THE DESK LAMP AVAILABLE IN OTHER COLORS? This is the third time I've contacted you about this. Regards, Jordan",product_question,template,product_question:core1,train
"Hello, The suitcase arrived with missing pieces and a cracked casing. I will be leaving a one-star review. Regards, Maria",damaged_item,template,damaged_item:core11,train
"i ordered a coffee maker and when it arrived, the box was completely crushed and the item is broken. i need this reolved immediately. thank you",damaged_item,template,damaged_item:core0,train
"Good morning, Is the backpack suitable for a beginner? Thank you!",product_question,template,product_question:core13,train
my order page says 'in transit'. which carrier is delivering it? please advise,order_status,template,order_status:core20,train
"Hi there, Is the car seat cover you sell the latest model? Appreciate any info. Thanks in advance.",product_question,template,product_question:core17,train
i havegot to cancel purchase ORD-73653 The order is under my partner's name.,cancellation,bitext,bitext:i havegot to cancel purchase order number,train
"Hi, I'd like a refund for order ORD-31875, the night lamp isn't what I expected. It's not a big deal, just wanted to ask. Please advise.",refund_request,template,refund_request:core1,test
"Hello, The laptop stand leaked everywhere inside the box, it's ruined.",damaged_item,template,damaged_item:core23,train
I haven't gotten any email updates since I placed my order. Can you check where it is? No hurry at all. Thanks in advance.,order_status,template,order_status:core7,val
"Hi there, It's been stuck in customs for two weeks and is now past the delivery estimate. Thanks.",delivery_delay,template,delivery_delay:core25,train
"Is the backpack you sell the latest model? Regards, Maria",product_question,template,product_question:core17,train
track purchase #27224,order_status,bitext,bitext:track purchase order number,val
where do i cancel order #22196,cancellation,bitext,bitext:where do i cancel order order number,test
"To whom it may concern, Is the blender suitable for a beginner? Cheers, Jordan",product_question,template,product_question:core13,train
I do not know what to do to locate purchase ORD-40870,order_status,bitext,bitext:i do not know what to do to locate purchase order number,train
"hi there, what's the difference between the two throw blanket mdoels on your site? the orer is under my partner's name",product_question,template,product_question:core10,train
"Hello, I paid for expedited shipping but my laptop stand is now later than standard delivery would've been. No hurry at all.",delivery_delay,template,delivery_delay:core12,train
"Hey, My bookshelf came scratched all over and one part is snapped!! I need this resolved immediately.",damaged_item,template,damaged_item:core20,val
"to whom it may concern, what's the difference between the two mirror models on your site? tanks",product_question,template,product_question:core10,train
"Hi there, I sent the tent back last week. Has the refund been processed!! This is urgent, I need it for my son's birthday on Sunday. Thanks in advance.",refund_request,template,refund_request:core3,val
"Hey, My order ORD-34924 is now over a week late. Can you tell me what's causing the delay? Thanks.",delivery_delay,template,delivery_delay:core4,val
How do I cancel an order I placed 4 days ago? Thanks.,cancellation,template,cancellation:core3,train
help to check in whatcases can I request my money back,refund_request,bitext,bitext:help to check in whatcases can i request my money back,val
I received my order but the air fryer is cracked right out of the box. The order is under my partner's name.,damaged_item,template,damaged_item:core4,test
"Hello, Is there a bigger size of the duvet cover? Thanks.",product_question,template,product_question:core15,train
"To whom it may concern, The carrier keeps saying 'delivery exception' and my backpack is now late. Please advise.",delivery_delay,template,delivery_delay:core22,train
"Hello team, Can I get the yoga mat engraved or personalized? Thanks.",product_question,template,product_question:core22,val
"Good morning, This is the second delay notice I've received for order #45109. What's going on? This is really frustrating. Thank you!",delivery_delay,template,delivery_delay:core16,train
my garden hose came cracked,damaged_item,template,damaged_item:short4,train
"Hello, I want to cancel the throw blanket from my order but keep the rest. Not happy about this at all. Please advise.",cancellation,template,cancellation:core9,train
i have a question about cancelling order 80010,cancellation,bitext,bitext:i have a question about cancelling order order number,train
"Hi there, The bookshelf I ordered came with a large tear. It looks like it was damaged before packing.",damaged_item,template,damaged_item:core3,val
"I don't want this item, help me cancel purchase 75909",cancellation,bitext,bitext:i dont want this item help me cancel purchase order number,train
"Hey, The glass on my mechanical keyboard was shattered in the box. Can I get a replacement or refund? No hurry at all. Regards, Priya",damaged_item,template,damaged_item:core19,val
"Hello team, I got order #17681 today and the suitcase is completely shattered inside the packaging. The order is under my partner's name.",damaged_item,template,damaged_item:core10,train
can you help me camceling the purchase I made? This is really frustrating.,cancellation,bitext,bitext:can you help me camceling the purchase i made,train
Can you give me an update on my order status? I haven't received a shipping confirmation for my mirror yet. Thanks.,order_status,template,order_status:core2,train
i want help to see in which cases can i request a refund I've emailed twice and nobody has replied.,refund_request,bitext,bitext:i want help to see in which cases can i request a refund,train
the order is under my partner's name. cancel order 27504 pls,cancellation,template,cancellation:short8,train
"hey, cancel my order please, i found it cheaer elsewhere",cancellation,template,cancellation:core4,train
i'm usually home in the afternoons. mechanical kebyoard arrived broken,damaged_item,template,damaged_item:short0,train
"To whom it may concern, Please cancel my purchase of the mechanical keyboard and confirm by email. I'm pretty disappointed, honestly.",cancellation,template,cancellation:core11,train
"Hey, How long do refunds usually take to process? I need an answer before Tuesday. Thank you!",refund_request,template,refund_request:core11,train
help me see in which situations can I ask for myt money back,refund_request,bitext,bitext:help me see in which situations can i ask for myt money back,train
I can no longer afford purchase 56566,cancellation,bitext,bitext:i can no longer afford purchase order number,train
I want help to check purchase #81601 status Honestly I'm at my wits' end.,order_status,bitext,bitext:i want help to check purchase order number status,train
"i'm not satisfied with the blender and wuld like my money back. cheers, tom",refund_request,template,refund_request:core14,train
need help to see the ETA of the order #70513,order_status,bitext,bitext:need help to see the eta of the order order number,train
"Hi, MY PACKAGE IS SIGNIFICANTLY OVERDUE!! Worst customer service I have ever dealt with.",delivery_delay,template,delivery_delay:core17,train
"I have got to check order 72722 status, can you help me?",order_status,bitext,bitext:i have got to check order order number status can you help me,train
cancel purchase ORD-17944,cancellation,bitext,bitext:cancel purchase order number,train
help me to see the ETA of the purchase #51770,order_status,bitext,bitext:help me to see the eta of the purchase order number,train
I want assistance to cancel order #24662,cancellation,bitext,bitext:i want assistance to cancel order order number,train
order #55577 late Whenever you get a chance.,delivery_delay,template,delivery_delay:short3,train
I'm trying to see the eta of purchase 64460,order_status,bitext,bitext:im trying to see the eta of purchase order number,train
"Good morning, Half of the mirror was smashed when I opened the package. Let me know what you need from me.",damaged_item,template,damaged_item:core18,train
show me purchase ORD-32349 status,order_status,bitext,bitext:show me purchase order number status,train
"Hi, Can someone tell me if my desk lamp has been packed yet? No updates on the site. I expected better from your store. Please advise.",order_status,template,order_status:core9,val
rebating  $300,refund_request,bitext,bitext:rebating currency symbolrefund amount,train
"Hello, Is there a bigger size of the headphones? Appreciate any info. Thank you!",product_question,template,product_question:core15,train
"Good morning, Is the electric kettle dishwasher safe? Regards, Tom",product_question,template,product_question:core8,train
"good morning, the shipment has been stuck at the same tracking checkpoint for 2 days now, past the delivery date",delivery_delay,template,delivery_delay:core5,val
is office chair compatible with winows 11,product_question,template,product_question:short8,train
this is really frustrating. odrer 57884 arrived damaged,damaged_item,template,damaged_item:short5,train
"My package is significantly overdue!! Please respond ASAP. Regards, Alex",delivery_delay,template,delivery_delay:core17,train
"Hello, Could you check the current status of order 53680? I haven't heard anything since checkout. I expected better from your store. Thanks in advance.",order_status,template,order_status:core13,train
see ETA of order ORD-54424,order_status,bitext,bitext:see eta of order order number,val
"To whom it may concern, The sneakers leaked everywhere inside the box, it's ruined. Thanks in advance.",damaged_item,template,damaged_item:core23,train
"Hello, My order is late. It was supposed to be here already. Thanks in advance.",delivery_delay,template,delivery_delay:core24,train
"to whom it may concern, i requested a cancellation for order #96559 but it still shows as active. appreciate any info. thanks",cancellation,template,cancellation:core17,val
"To whom it may concern, I'd like to cancel my wireless mouse order before it ships. Please advise.",cancellation,template,cancellation:core1,train
The tracking number you sent me shows 'not found' on the carrier site. No rush on this. Please advise.,order_status,template,order_status:core23,train
"To whom it may concern, Delivery keeps getting pushed back on the tracking page for my blender order. Thanks.",delivery_delay,template,delivery_delay:core7,val
order 66234 late,delivery_delay,template,delivery_delay:short3,train
"To whom it may concern, The phone case I bought is bent out of shape, definitely damaged during delivery. Regards, Chen",damaged_item,template,damaged_item:core9,train
"Hi there, Is there a bigger size of the phone case?",product_question,template,product_question:core15,train
stop my order No hurry at all.,cancellation,template,cancellation:short6,train
"hi there, is the smartwatch available in other colors? if this isn't fixed i'm filing a chargback with my bank. cheers, aisha",product_question,template,product_question:core1,train
"Hello, Is there a bigger size of the winter jacket? It's not a big deal, just wanted to ask. Thanks.",product_question,template,product_question:core15,train
"To whom it may concern, The toolset I ordered came with a large tear. It looks like it was damaged before packing. Cheers, Alex",damaged_item,template,damaged_item:core3,val
I want to see order #34420 bloody current status I've been waiting a long time for this.,order_status,bitext,bitext:i want to see order order number bloody current status,train
i have got to track purchase #53687 help me,order_status,bitext,bitext:i have got to track purchase order number help me,train
"Hello, I ordered the wrong mechanical keyboard by mistake, can you cancel it? Cheers, Sam",cancellation,template,cancellation:core2,train
"Good morning, How much weight can the duvet cover hold? Kind of annoyed at this point. Thank you!",product_question,template,product_question:core12,val
I can't check purchase 86983 status,order_status,bitext,bitext:i cant check purchase order number status,test
witner jacket smashed in box,damaged_item,template,damaged_item:short6,train
CAN THE DUVET COVER BE USED OUTDOORS? Worst customer service I have ever dealt with. Thanks in advance.,product_question,template,product_question:core7,train
Not happy about this at all. question about cancellung purchase #45954,cancellation,bitext,bitext:question about cancellung purchase order number,train
"Good morning, Does the suitcase come with a warranty? Thanks in advance.",product_question,template,product_question:core0,val
Delivery keeps getting pushed back on the tracking page for my rice cooker order. Hope you're having a good day! Thank you!,delivery_delay,template,delivery_delay:core7,val
The duvet cover I ordered came with a large tear. It looks like it was damaged before packing. Thanks.,damaged_item,template,damaged_item:core3,val
"hello team, i'd like a refund for the monitor, i don't need it anymore. appreciate any info",refund_request,template,refund_request:core18,train
"Good morning, Is the monitor you sell the latest model? No rush on this. Please advise.",product_question,template,product_question:core17,train
"The delivery date keeps changing every time I check, it's now well past the original estimate. Please advise.",delivery_delay,template,delivery_delay:core10,train
"Hi there, Why is my delivery taking so long? It was supposed to arrive last week. I'm pretty disappointed, honestly. Thank you!",delivery_delay,template,delivery_delay:core2,train
"Cancel my order please, I found it cheaper elsewhere. I need this resolved immediately. Thank you!",cancellation,template,cancellation:core4,train
"To whom it may concern, The return was delivered back to you a week ago. Where is my refund of $167.22? Please treat this as a priority, I'm travelling soon. Cheers, Jordan",refund_request,template,refund_request:core16,train
"Hello team, What's the difference between the two duvet cover models on your site?",product_question,template,product_question:core10,train
refund for order 97586,refund_request,template,refund_request:short0,train
"Hi there, I ordered the wrong robot vacuum by mistake, can you cancel it? Let me know what you need from me. Thanks in advance.",cancellation,template,cancellation:core2,train
air fryer battery life just curious,product_question,template,product_question:short7,train
I'd like to see order #68756 current status will  uhelp me,order_status,bitext,bitext:id like to see order order number current status will uhelp me,val
"Hello, I'm not satisfied with the bluetooth speaker and would like my money back. I can send my receipt if needed. Thank you!",refund_request,template,refund_request:core14,train
"hi, my camera tripod arrived soaking wet and the box was falling apart, the item itself is stained. please advise",damaged_item,template,damaged_item:core8,train
bookshelf smashed in box,damaged_item,template,damaged_item:short6,train
"Hello, Where can I track my order? I can't find the link in my account. I'm seriously considering never ordering from here again. Regards, Chen",order_status,template,order_status:core19,test
"the throw blanket was damaged in transit, the corner is crushed and it won't turn on. thanks",damaged_item,template,damaged_item:core21,train
"Hello, My package was supposed to arrive two weeks ago and it's still not here, no courier updates.",delivery_delay,template,delivery_delay:core0,train
"Hi, What stage is order 64784 at right now?",order_status,template,order_status:core26,train
"Hi, Can you tell me when order #31331 will ship!! If this isn't fixed I'm filing a chargeback with my bank. Thank you!",order_status,template,order_status:core14,train
"Hi there, It's been 3 days past the delivery estimate and the courier still hasn't delivered my duvet cover. It's not a big deal, just wanted to ask. Thanks.",delivery_delay,template,delivery_delay:core9,train
how do i cancel purchase 52906,cancellation,bitext,bitext:how do i cancel purchase order number,train
how do i check purchasae 68947 current status,order_status,bitext,bitext:how do i check purchasae order number current status,test
"To whom it may concern, The package is overdue by a week and the courier won't give me a new date. Thanks in advance.",delivery_delay,template,delivery_delay:core26,train
"Hey, I need to cancel order #99746, I no longer need the hair dryer. I expected better from your store. Thank you!",cancellation,template,cancellation:core5,train
"To whom it may concern, Half of the yoga mat was smashed when I opened the package. Please advise.",damaged_item,template,damaged_item:core18,train
"Hello team, Is the water bottle suitable for a beginner? I need an answer before Wednesday. Regards, Aisha",product_question,template,product_question:core13,train
how can I cancel order #20155?,cancellation,bitext,bitext:how can i cancel order order number,train
"Hey, The car seat cover arrived with missing pieces and a cracked casing.",damaged_item,template,damaged_item:core11,train
"Good morning, My suitcase arrived broken into pieces, the packaging was torn open too. No rush on this. Regards, Sam",damaged_item,template,damaged_item:core5,test
want help seeing in which cases can I requesr a refund,refund_request,bitext,bitext:want help seeing in which cases can i requesr a refund,train
how do refunds work Just curious.,refund_request,template,refund_request:short6,train
"To whom it may concern, My order arrived with the box soaked and the electric kettle inside no longer works. Absolutely ridiculous.",damaged_item,template,damaged_item:core14,train
"Good morning, I got the robot vacuum today but it's broken. I can send photos. I ordered it as a gift. Thanks.",damaged_item,template,damaged_item:core24,train
"Hi there, My package missed its delivery window and there's been no update since. Thanks in advance.",delivery_delay,template,delivery_delay:core8,val
"Hey, Has my payment for order #55523 gone through? The status hasn't changed.",order_status,template,order_status:core24,train
water bottle smashed in box,damaged_item,template,damaged_item:short6,train
half of the nihgt lamp was smashed when i opened the package. kind of annoyed at this point. thank you,damaged_item,template,damaged_item:core18,train
late delivery #86865,delivery_delay,template,delivery_delay:short8,train
Can the laptop stand be used outdoors? This is completely unacceptable!!,product_question,template,product_question:core7,train
I want to see in which cases can I request to be refunded,refund_request,bitext,bitext:i want to see in which cases can i request to be refunded,train
tracking number for 83556?,order_status,template,order_status:short2,train
"Hi, I placed an order an hour ago and need to cancel it. This is completely unacceptable!! Thanks.",cancellation,template,cancellation:core14,test
"Hi there, My package missed its delivery window and there's been no update since. Absolutely ridiculous. Please advise.",delivery_delay,template,delivery_delay:core8,val
"Hello team, The estimated delivery date has already passed and I still haven't received my toolset.",delivery_delay,template,delivery_delay:core1,train
"Good morning, Is the office chair you sell the latest model? My email is the one on the account. Thank you!",product_question,template,product_question:core17,train
"Hi, What is your refund policy for items that have been opened? I can send my receipt if needed. Thanks in advance.",refund_request,template,refund_request:core6,train
"hi, my package missed its delivery window and there's been no update since. worst customer service i have ever dealt with. regards, maria",delivery_delay,template,delivery_delay:core8,val
"Hi, How do I clean the picture frame? I shouldn't have to chase you for this.",product_question,template,product_question:core16,train
"Hello, I opened the box and my rice cooker already has a large scratch and dent on it. Cheers, Chen",damaged_item,template,damaged_item:core7,train
"The toolset I ordered has a broken part right out of the package. It's not a big deal, just wanted to ask. Thanks.",damaged_item,template,damaged_item:core12,test
"hello, my package missed its delivery window and there's been no update since. this is urgent, i need it for my son's birthday on thursday. thanks",delivery_delay,template,delivery_delay:core8,val
received a defective duvet cover I will be leaving a one-star review.,damaged_item,template,damaged_item:short7,train
"Hey, Where can I track my order? I can't find the link in my account. Just curious.",order_status,template,order_status:core19,test
"To whom it may concern, Please cancel order ORD-15496. I want someone to call me back TODAY. Cheers, Tom",cancellation,template,cancellation:core0,val
"How long do refunds usually take to process? Whenever you get a chance. Cheers, Priya",refund_request,template,refund_request:core11,train
need help checking the damn ETA of purchase #42717,order_status,bitext,bitext:need help checking the damn eta of purchase order number,train
"I have to see order #40968 current status, help me",order_status,bitext,bitext:i have to see order order number current status help me,train
There's no cancel button on my order page. How do I cancel order #10570? Please advise.,cancellation,template,cancellation:core10,train
"hello, can i get the headphones engraved or personalized?",product_question,template,product_question:core22,val
CAN YOU TELL ME WHEN ORDER 90912 WILL SHIP!! This is completely unacceptable!!,order_status,template,order_status:core14,train
"Hello, I was charged $101.30 but you only refunded part of it. I shouldn't have to chase you for this. Thank you!",refund_request,template,refund_request:core5,train
refund not received,refund_request,template,refund_request:short5,train
"To whom it may concern, Received order #85816 and the coffee maker is defective, it has a big crack down the side. Whenever you get a chance. Thank you!",damaged_item,template,damaged_item:core22,train
"To whom it may concern, There's no cancel button on my order page. How do I cancel order ORD-76203? It's not a big deal, just wanted to ask.",cancellation,template,cancellation:core10,train
"To whom it may concern, My refund for order #38150 says 'approved' but the money isn't in my account. Thank you!",refund_request,template,refund_request:core13,train
"Hello, The return was delivered back to you two weeks ago. Where is my refund of $182.03? Honestly I'm at my wits' end. Thank you!",refund_request,template,refund_request:core16,train
"To whom it may concern, Can the refund go to my original payment method? Whenever you get a chance.",refund_request,template,refund_request:core15,train
"Hi, How do I cancel an order I placed 3 days ago? Cheers, Priya",cancellation,template,cancellation:core3,train
I need assistancde cancelling order ORD-99192,cancellation,bitext,bitext:i need assistancde cancelling order order number,val
i want help seeing purchase #62171 curtent status,order_status,bitext,bitext:i want help seeing purchase order number curtent status,val
"hi there, half of the stand mixer was smased when i opened the package. no rush on this. thanks",damaged_item,template,damaged_item:core18,train
"What's happening with order ORD-96354? It's been sitting at 'order received' for a while now. Regards, Sam",order_status,template,order_status:core11,train
I'd like to cancel my rice cooker order before it ships!! I'm seriously considering never ordering from here again. Thank you!,cancellation,template,cancellation:core1,train
"To whom it may concern, Please cancel order #53344. Thanks in advance.",cancellation,template,cancellation:core0,val
"hi, my refund for orer 57823 says 'approved' but the money isn't in my account. cheers, jrdan",refund_request,template,refund_request:core13,train
"hello team, the coureir attempted delivery once and neevr came back, now it's been two weeks with no update. tank you",delivery_delay,template,delivery_delay:core13,test
"Hello team, Cancel my order please, I found it cheaper elsewhere. Thanks.",cancellation,template,cancellation:core4,train
"Good morning, I received a damaged item. My electric kettle won't function properly because of visible damage. Not happy about this at all. Thank you!",damaged_item,template,damaged_item:core13,test
I have to know if there is anything wrong with the refund Hope you're having a good day!,refund_request,bitext,bitext:i have to know if there is anything wrong with the refund,train
"Good morning, Could you send me the tracking number for order #96063? This is really frustrating. Cheers, Tom",order_status,template,order_status:core18,train
"What is your refund policy for items that have been opened? I ordered it as a gift. Regards, Fatima",refund_request,template,refund_request:core6,train
could ya help mw check ur reimbursement policy,refund_request,bitext,bitext:could ya help mw check ur reimbursement policy,val
"Hello, My kitchen scale arrived soaking wet and the box was falling apart, the item itself is stained. Cheers, Luca",damaged_item,template,damaged_item:core8,train
"Hi there, I ordered the wrong throw blanket by mistake, can you cancel it? Appreciate any info. Thanks.",cancellation,template,cancellation:core2,train
has my bluetooth speaker shipped,order_status,template,order_status:short3,test
"Hi, I received a damaged item. My stand mixer won't function properly because of visible damage. Thanks.",damaged_item,template,damaged_item:core13,test
"hi, the tracking number you sent me shws 'not found' on the carrier site. thanks",order_status,template,order_status:core23,train
"Hello team, My robot vacuum arrived dented and I'd like a replacement. Thanks in advance.",damaged_item,template,damaged_item:core17,train
My package is significantly overdue.,delivery_delay,template,delivery_delay:core17,train
kitchen scale arrived broken,damaged_item,template,damaged_item:short0,train
"Hi there, My package was supposed to arrive 6 days ago and it's still not here, no courier updates. Thanks in advance.",delivery_delay,template,delivery_delay:core0,train
"Hello team, This is the second delay notice I've received for order #31694. What's going on? The order is under my partner's name. Thanks.",delivery_delay,template,delivery_delay:core16,train
"I do not want this item, cancel order 19602",cancellation,bitext,bitext:i do not want this item cancel order order number,val
How do I clean the board game?,product_question,template,product_question:core16,train
"To whom it may concern, I was promised delivery days ago and it's still not here.",delivery_delay,template,delivery_delay:core6,train
bookshlf battery life,product_question,template,product_question:short7,train
"Hi there, I requested a cancellation for order #40293 but it still shows as active. I need this sorted out today. Regards, Sam",cancellation,template,cancellation:core17,val
order #31043 late,delivery_delay,template,delivery_delay:short3,train
"I opened the box and my desk lamp already has a large scratch and dent on it. Regards, Fatima",damaged_item,template,damaged_item:core7,train
"I purchased some product, cancel order #72070",cancellation,bitext,bitext:i purchased some product cancel order order number,val
can you help me to see the damn ETA of order ORD-18950? The order is under my partner's name.,order_status,bitext,bitext:can you help me to see the damn eta of order order number,train
winter jacket arrived broken,damaged_item,template,damaged_item:short0,train
"hi there, is the electric kettle compatible with android phones? thanks",product_question,template,product_question:core3,train
"Hello, The courier attempted delivery once and never came back, now it's been 3 days with no update. No rush on this. Please advise.",delivery_delay,template,delivery_delay:core13,test
"Hi, My package is significantly overdue. Please advise.",delivery_delay,template,delivery_delay:core17,train
"Hello, Could you send me the tracking number for order 60393? No hurry at all. Thanks in advance.",order_status,template,order_status:core18,train
"Good morning, The tracking number you sent me shows 'not found' on the carrier site. Please respond ASAP. Regards, Jordan",order_status,template,order_status:core23,train
help me to check the eta of the purchase #64165 This is completely unacceptable!!,order_status,bitext,bitext:help me to check the eta of the purchase order number,val
"Hi, I ordered the wrong toolset by mistake, can you cancel it?",cancellation,template,cancellation:core2,train
"hey, how do i clean the robot vacuum?",product_question,template,product_question:core16,train
"Hello, The stand mixer I purchased came with a snapped part, unusable as is. Thanks in advance.",damaged_item,template,damaged_item:core15,train
I paid for expedited shipping but my car seat cover is now later than standard delivery would've been. This is really frustrating. Please advise.,delivery_delay,template,delivery_delay:core12,train
"Hi, Is the bookshelf suitable for a beginner? Appreciate any info. Cheers, Maria",product_question,template,product_question:core13,train
"Hello team, My order 32687 is now over a week late. Can you tell me what's causing the delay?",delivery_delay,template,delivery_delay:core4,val
"Hello team, Is the sneakers you sell the latest model? Whenever you get a chance.",product_question,template,product_question:core17,train
my mirror is overdue,delivery_delay,template,delivery_delay:short1,test
"To whom it may concern, I OPENED THE BOX AND MY TOOLSET ALREADY HAS A LARGE SCRATCH AND DENT ON IT. This is the third time I've contacted you about this. Thanks.",damaged_item,template,damaged_item:core7,train
"To whom it may concern, You refunded me in store credit but I want the money back on my card. This is urgent, I need it for my son's birthday on Sunday. Thanks.",refund_request,template,refund_request:core19,test
where to obtain a refund of my money?,refund_request,bitext,bitext:where to obtain a refund of my money,train
late delivery ORD-60560,delivery_delay,template,delivery_delay:short8,train
"Hello, My package showed up today but the desk lamp inside is dented and doesn't work anymore.",damaged_item,template,damaged_item:core2,train
damaged smartwatch,damaged_item,template,damaged_item:short1,train
"Hi there, Is the bookshelf dishwasher safe? It's not a big deal, just wanted to ask. Please advise.",product_question,template,product_question:core8,train
"Hey, Is it too late to cancel order ORD-22680? It still says processing. Not happy about this at all.",cancellation,template,cancellation:core6,train
how could I check the current status of order #96760?,order_status,bitext,bitext:how could i check the current status of order order number,train
"Hi, My package was supposed to arrive a week ago and it's still not here, no courier updates. Appreciate any info. Thanks.",delivery_delay,template,delivery_delay:core0,train
water bottle in stock?,product_question,template,product_question:short4,train
Honestly I'm at my wits' end. where to check the restitution status?,refund_request,bitext,bitext:where to check the restitution status,train
"Hi, It's been 3 days past the delivery estimate and the courier still hasn't delivered my winter jacket. Please advise.",delivery_delay,template,delivery_delay:core9,train
"Hi there, The electric kettle I ordered has a broken part right out of the package. It's not a big deal, just wanted to ask. Please advise.",damaged_item,template,damaged_item:core12,test
"Hello, Is the running shoes you sell the latest model?",product_question,template,product_question:core17,train
how to see the ETA of order #45986?,order_status,bitext,bitext:how to see the eta of order order number,train
"Good morning, How do I set up my new kitchen scale? The manual isn't clear. Whenever you get a chance.",product_question,template,product_question:core9,test
"hi, please cancel the kitchen scale order, my address is wrong and i'll reorder. i need an asnwer before thursday. thanks",cancellation,template,cancellation:core16,train
"Hello, Please cancel my purchase of the night lamp and confirm by email. I ordered it as a gift.",cancellation,template,cancellation:core11,train
Is there a bigger size of the laptop stand? I ordered it as a gift. Thank you!,product_question,template,product_question:core15,train
"Good morning, Does the bluetooth speaker work with 220V outlets abroad? Let me know what you need from me. Thanks in advance.",product_question,template,product_question:core18,val
"Hi, How do I clean the monitor? It's not a big deal, just wanted to ask. Thanks in advance.",product_question,template,product_question:core16,train
need assistance to see the status of purchase 60277 I want someone to call me back TODAY.,order_status,bitext,bitext:need assistance to see the status of purchase order number,train
"Hello team, My order arrived with the box soaked and the backpack inside no longer works.",damaged_item,template,damaged_item:core14,train
"good morning, the box was fine but the phone case inside was broken!! i want someone to call me back tday",damaged_item,template,damaged_item:core16,train
It's been 10 days past the delivery estimate and the courier still hasn't delivered my bookshelf.,delivery_delay,template,delivery_delay:core9,train
"Hi there, CAN I GET THE STAND MIXER ENGRAVED OR PERSONALIZED? I will be leaving a one-star review. Thank you!",product_question,template,product_question:core22,val
parcel stuck in tranit a week,delivery_delay,template,delivery_delay:short6,train
desk lamp material?,product_question,template,product_question:short9,train
money back for bluetooth speaker,refund_request,template,refund_request:short8,train
i dont know how i can check the ETA of purchase #75323,order_status,bitext,bitext:i dont know how i can check the eta of purchase order number,train
"Hello team, My package missed its delivery window and there's been no update since. Whenever you get a chance. Cheers, Fatima",delivery_delay,template,delivery_delay:core8,val
What's the battery life on the wireless mouse? I ordered it as a gift. Thanks in advance.,product_question,template,product_question:core19,train
"Hello, My sneakers order has been in transit for 4 days, way longer than the delivery estimate. Thanks in advance.",delivery_delay,template,delivery_delay:core14,test
"Good morning, The delivery date keeps changing every time I check, it's now well past the original estimate. I shouldn't have to chase you for this. Thank you!",delivery_delay,template,delivery_delay:core10,train
"I purchased some damn product, help me cancel order #72031",cancellation,bitext,bitext:i purchased some damn product help me cancel order order number,val
"cancel my order please, i found it cheaper elsewhere. i can send my receipt if needed. please advise",cancellation,template,cancellation:core4,train
"Hi, The delivery for my winter jacket has been rescheduled multiple times without a clear reason. Thanks.",delivery_delay,template,delivery_delay:core18,test
still waiting on refund Whenever you get a chance.,refund_request,template,refund_request:short4,train
"to whom it may concern, what does 'label created' mean on my tracking? has it actually been picked up? no hurry at all. cheers, chen",order_status,template,order_status:core17,test
"Hello, My rice cooker order has been in transit for 6 days, way longer than the delivery estimate. Thanks.",delivery_delay,template,delivery_delay:core14,test
I need assistance seeing the ETA of order #70249,order_status,bitext,bitext:i need assistance seeing the eta of order order number,val
"Hello, Is my package still on track to arrive this week? I can't find any status update. I'm pretty disappointed, honestly. Thanks in advance.",order_status,template,order_status:core8,train
I have a question about canceling purchase 62383,cancellation,bitext,bitext:i have a question about canceling purchase order number,test
"Hello, My order ORD-87761 is now 4 days late. Can you tell me what's causing the delay? No rush on this.",delivery_delay,template,delivery_delay:core4,val
"want assistance seeing the fucking ETA of order ORD-22387 It's not a big deal, just wanted to ask.",order_status,bitext,bitext:want assistance seeing the fucking eta of order order number,train
i have tp see how long refunds take how to do it,refund_request,bitext,bitext:i have tp see how long refunds take how to do it,train
how to use office chair,product_question,template,product_question:short6,test
"Hello, Can the sneakers be used outdoors? No rush on this. Cheers, Fatima",product_question,template,product_question:core7,train
assistance to track purchase 51124,order_status,bitext,bitext:assistance to track purchase order number,test
"Hi, I'd like a refund for order #12456, the monitor isn't what I expected. Let me know what you need from me. Thanks.",refund_request,template,refund_request:core1,test
wanna locate purchase #69634 can i get some help,order_status,bitext,bitext:wanna locate purchase order number can i get some help,train
"Hi there, The courier attempted delivery once and never came back, now it's been a week with no update. Not happy about this at all.",delivery_delay,template,delivery_delay:core13,test
"Hi, I SENT THE WIRELESS MOUSE BACK LAST WEEK. HAS THE REFUND BEEN PROCESSED? My patience has run out.",refund_request,template,refund_request:core3,val
"Hi, You refunded me in store credit but I want the money back on my card. Thank you!",refund_request,template,refund_request:core19,test
when will I obtain a rebate of money?,refund_request,bitext,bitext:when will i obtain a rebate of money,val
"To whom it may concern, I ordered a picture frame 6 days ago and still don't have a tracking number. Is that normal? Thanks.",order_status,template,order_status:core3,train
"Good morning, The stand mixer I purchased came with a snapped part, unusable as is!! It's time-sensitive. Thanks.",damaged_item,template,damaged_item:core15,train
I've emailed twice and nobody has replied. kitchen scale arrived broken,damaged_item,template,damaged_item:short0,train
It's been stuck in customs for 10 days and is now past the delivery estimate. Not happy about this at all. Thanks in advance.,delivery_delay,template,delivery_delay:core25,train
"Hello team, Is the garden hose compatible with Android phones? I need an answer before Thursday. Regards, Chen",product_question,template,product_question:core3,train
"I ordered a headphones and when it arrived, the box was completely crushed and the item is broken. Just curious. Please advise.",damaged_item,template,damaged_item:core0,train
"Hey, Is the headphones compatible with Android phones? I'm pretty disappointed, honestly. Thanks.",product_question,template,product_question:core3,train
need assistance checking order 88964 current status,order_status,bitext,bitext:need assistance checking order order number current status,train
"to whom it may concern, i'm still waiting on order #16465 that was due 2 days ago. i ordered it as a gift. thanks",delivery_delay,template,delivery_delay:core19,train
"I was charged $149.72 but you only refunded part of it. My patience has run out. Cheers, Aisha",refund_request,template,refund_request:core5,train
"Hello, The shipment has been stuck at the same tracking checkpoint for 8 days now, past the delivery date. Regards, Alex",delivery_delay,template,delivery_delay:core5,val
cancel bfore shipping,cancellation,template,cancellation:short7,train
"Hi, Please cancel my purchase of the yoga mat and confirm by email. Cheers, Fatima",cancellation,template,cancellation:core11,train
"To whom it may concern, When is my phone case expected to arrive?",order_status,template,order_status:core25,train
I have a problem witrh cancelling purchase #21915,cancellation,bitext,bitext:i have a problem witrh cancelling purchase order number,train
"Hello, My package has said 'delayed in transit' for 4 days. Please advise.",delivery_delay,template,delivery_delay:core21,train
refund status? It's a gift for an event this weekend so I really need an answer now.,refund_request,template,refund_request:short3,val
"Hello, What material is the night lamp made of? I shouldn't have to chase you for this.",product_question,template,product_question:core5,train
problems with canceling purchase 92240,cancellation,bitext,bitext:problems with canceling purchase order number,test
"Hello, Please cancel the toolset order, my address is wrong and I'll reorder. The order is under my partner's name.",cancellation,template,cancellation:core16,train
"hi, my package was supposed to arrive 8 days ago and it's still not here, no courier updates. thnk you",delivery_delay,template,delivery_delay:core0,train
has my picture frame shipped,order_status,template,order_status:short3,test
"you refunded me in store crdeit but i want the money back on my card. i shouldn't have to chase you for this. cheers, maria",refund_request,template,refund_request:core19,test
i dont know how i can cancel order ORD-31632,cancellation,bitext,bitext:i dont know how i can cancel order order number,train
"I bought the same item twice, cancel order #23396",cancellation,bitext,bitext:i bought the same item twice cancel order order number,train
"Hello, The suitcase arrived with missing pieces and a cracked casing.",damaged_item,template,damaged_item:core11,train
"Hello team, Tracking says 'out for delivery' since yesterday but nothing has shown up. Just curious. Thanks in advance.",delivery_delay,template,delivery_delay:core3,train
"Good morning, Does the garden hose ship with a charger? No hurry at all. Regards, Chen",product_question,template,product_question:core11,train
can the air fryer be used outdoors? i've been waiting a long time for this. please advise,product_question,template,product_question:core7,train
"good morning, there's no cancel button on my order page. how do i cancel order 83892? thanks in advance",cancellation,template,cancellation:core10,train
I want help to check the ETA of order #29340,order_status,bitext,bitext:i want help to check the eta of order order number,train
No hurry at all. help me to check in what cases can i request a refund,refund_request,bitext,bitext:help me to check in what cases can i request a refund,train
"To whom it may concern, Do you sell replacement parts for the car seat cover? Just curious. Cheers, Tom",product_question,template,product_question:core14,train
need help cancelling order ORD-43092,cancellation,bitext,bitext:need help cancelling order order number,train
"To whom it may concern, Is the backpack available in other colors?",product_question,template,product_question:core1,train
"Good morning, Can I cancel order ORD-76105 if it has already shipped? Appreciate any info. Thank you!",cancellation,template,cancellation:core13,test
"Hello team, Is the hair dryer available in other colors? Absolutely ridiculous.",product_question,template,product_question:core1,train
i dont know how i could check purchase #92210 status,order_status,bitext,bitext:i dont know how i could check purchase order number status,train
What's the difference between the two office chair models on your site? Please advise.,product_question,template,product_question:core10,train
"Hi, I accidentally placed the same order twice. Please cancel one of them. Please advise.",cancellation,template,cancellation:core7,train
"Good morning, I got order ORD-72056 today and the camera tripod is completely shattered inside the packaging. Cheers, Chen",damaged_item,template,damaged_item:core10,train
"Good morning, The delivery for my kitchen scale has been rescheduled multiple times without a clear reason. Cheers, Fatima",delivery_delay,template,delivery_delay:core18,test
"Hello, I accidentally placed the same order twice. Please cancel one of them. Honestly I'm at my wits' end. Thank you!",cancellation,template,cancellation:core7,train
"Good morning, How long do refunds usually take to process? Regards, Alex",refund_request,template,refund_request:core11,train
"Good morning, When is my running shoes expected to arrive?",order_status,template,order_status:core25,train
"Good morning, How do I clean the board game? I'm pretty disappointed, honestly.",product_question,template,product_question:core16,train
"hi there, i accidentally placed the same order twice. please cancel one of them. honestly i'm at my wits' end. thanks",cancellation,template,cancellation:core7,train
my night lamp arrived scratched,damaged_item,template,damaged_item:short9,test
has my monitor shipped,order_status,template,order_status:short3,test
Does the office chair have a sleep or auto-off mode? Worst customer service I have ever dealt with.,product_question,template,product_question:core20,train
"Hello team, My order arrived with the box soaked and the blender inside no longer works. I've been waiting a long time for this.",damaged_item,template,damaged_item:core14,train
"hello, my kitchen sacle arrvied dented and i'd like a replacement. no rush on this. cheers, luca",damaged_item,template,damaged_item:core17,train
How do I clean the backpack? Thank you!,product_question,template,product_question:core16,train
cancel order,cancellation,bitext,bitext:cancel order,val
does the kitchen scale come in black,product_question,template,product_question:short3,train
is the car seat cover waterproof No hurry at all.,product_question,template,product_question:short1,val
headphones dimensions,product_question,template,product_question:short2,train
"Hello, The mechanical keyboard I ordered came with a large tear. It looks like it was damaged before packing. Thanks.",damaged_item,template,damaged_item:core3,val
"Hi, My refund for order 95610 says 'approved' but the money isn't in my account. Thank you!",refund_request,template,refund_request:core13,train
"Hi, I'm still waiting on order ORD-78126 that was due 6 days ago.",delivery_delay,template,delivery_delay:core19,train
need help to check the eta  of purchase #72888 I shouldn't have to chase you for this.,order_status,bitext,bitext:need help to check the eta of purchase order number,train
reecived a defective rice cooker,damaged_item,template,damaged_item:short7,train
"How long do refunds usually take to process? It's not a big deal, just wanted to ask. Regards, Priya",refund_request,template,refund_request:core11,train
"To whom it may concern, My new desk lamp has several parts physically broken off. It arrived like this. Please advise.",damaged_item,template,damaged_item:core6,val
Hope you're having a good day! wanna reeive restitutions of my money,refund_request,bitext,bitext:wanna reeive restitutions of my money,train
"To whom it may concern, I RECEIVED A DAMAGED ITEM. MY YOGA MAT WON'T FUNCTION PROPERLY BECAUSE OF VISIBLE DAMAGE!! This is the third time I've contacted you about this. Regards, Aisha",damaged_item,template,damaged_item:core13,test
"good morning, the courier attempted delivery once and never came back, now it's been 6 days with no update. i expected better from your store. thanks in advance",delivery_delay,template,delivery_delay:core13,test
is the headphones waterproof? thanks in advance,product_question,template,product_question:core21,train
Please cancel order 99092. I shouldn't have to chase you for this.,cancellation,template,cancellation:core0,val
need to check the rebate curent status how to do it,refund_request,bitext,bitext:need to check the rebate curent status how to do it,val
"Hey, What material is the sneakers made of? Just curious. Please advise.",product_question,template,product_question:core5,train
"I need to see order #40771 bloody status, can you help me?",order_status,bitext,bitext:i need to see order order number bloody status can you help me,train
"What's the difference between the two rice cooker models on your site? I'm pretty disappointed, honestly.",product_question,template,product_question:core10,train
"Cancel my order please, I found it cheaper elsewhere. Whenever you get a chance. Thanks.",cancellation,template,cancellation:core4,train
ihave bought some damn product cancel order #49618,cancellation,bitext,bitext:ihave bought some damn product cancel order order number,val
please cancel my order Honestly I'm at my wits' end.,cancellation,template,cancellation:short2,train
"Good morning, Can I get my money back for the electric kettle? It doesn't fit. I can send my receipt if needed. Cheers, Fatima",refund_request,template,refund_request:core4,train
"hello, my order ord-92190 was marked 'delayed' with no explanation and no new delivery date given",delivery_delay,template,delivery_delay:core11,test
"Hello team, I ordered a office chair and when it arrived, the box was completely crushed and the item is broken. Regards, Aisha",damaged_item,template,damaged_item:core0,train
where do I check the ETA of the purchase ORD-75410?,order_status,bitext,bitext:where do i check the eta of the purchase order number,train
"Hello team, The night lamp I bought is bent out of shape, definitely damaged during delivery.",damaged_item,template,damaged_item:core9,train
"Hello, My new phone case has several parts physically broken off. It arrived like this. This is urgent, I need it for my son's birthday on Tuesday.",damaged_item,template,damaged_item:core6,val
duvet cover in stock?,product_question,template,product_question:short4,train
"to whom it may concern, does the garden hose ship with a charger? thanks",product_question,template,product_question:core11,train
"Hi, The hair dryer was damaged in transit, the corner is crushed and it won't turn on. Kind of annoyed at this point.",damaged_item,template,damaged_item:core21,train
"Hi, What are the dimensions of the board game? Thanks in advance.",product_question,template,product_question:core2,test
"To whom it may concern, I ordered a laptop stand 10 days ago and still don't have a tracking number. Is that normal? Thanks in advance.",order_status,template,order_status:core3,train
I'm still waiting on order #80935 that was due 3 days ago!! This is completely unacceptable!! Thank you!,delivery_delay,template,delivery_delay:core19,train
"I purchased some items, help me cancel order #26728",cancellation,bitext,bitext:i purchased some items help me cancel order order number,train
I need help  to get a refund,refund_request,bitext,bitext:i need help to get a refund,val
"Hi there, Does the duvet cover ship with a charger!! I need this sorted out today.",product_question,template,product_question:core11,train
refund status? i can send my receipt if needed,refund_request,template,refund_request:short3,val
"To whom it may concern, I need to cancel order 99284, I no longer need the winter jacket!! It's time-sensitive. Please advise.",cancellation,template,cancellation:core5,train
need help to check order ORD-73656 current status I need an answer before Tuesday.,order_status,bitext,bitext:need help to check order order number current status,train
broken mechanical keyboard received,damaged_item,template,damaged_item:short3,train
"Hey, Does the sneakers need batteries or does it plug in? I can send my receipt if needed. Regards, Fatima",product_question,template,product_question:core6,test
i want my money back i need this resolved immediately,refund_request,template,refund_request:short2,test
"Hello team, Just checking in on order #21726. When will it ship?",order_status,template,order_status:core1,val
parcel stuck in transit over a week,delivery_delay,template,delivery_delay:short6,train
how can i demand refunds,refund_request,bitext,bitext:how can i demand refunds,train
"Hi, The wireless mouse I ordered arrived cracked. Clearly damaged in shipping!! It's a gift for an event this weekend so I really need an answer now. Thanks.",damaged_item,template,damaged_item:core1,train
where do I check if there are any news on the reimbursement?,refund_request,bitext,bitext:where do i check if there are any news on the reimbursement,val
How do I clean the office chair? Let me know what you need from me. Thanks.,product_question,template,product_question:core16,train
"Good morning, My yoga mat arrived dented and I'd like a replacement. Appreciate any info. Regards, Chen",damaged_item,template,damaged_item:core17,train
I would loike to obtain damn refunds of my money,refund_request,bitext,bitext:i would loike to obtain damn refunds of my money,val
i have paid $95 for these order help me receiving a refund,refund_request,bitext,bitext:i have paid currency symbolrefund amount for these order help me receiving a refund,train
"Hello team, I was told it would arrive by Thursday. It's now over a week past that. I expected better from your store. Please advise.",delivery_delay,template,delivery_delay:core23,train
laptop stand material?,product_question,template,product_question:short9,train
"To whom it may concern, Does the duvet cover come with a warranty? Whenever you get a chance. Thank you!",product_question,template,product_question:core0,val
I need assistance seeing your goddamn money back guarantee,refund_request,bitext,bitext:i need assistance seeing your goddamn money back guarantee,train
coffee maker battery life,product_question,template,product_question:short7,train
"hi there, please cancel my puchase of the wireless mouse and confirm by email. thanks",cancellation,template,cancellation:core11,train
"Received order ORD-77698 and the night lamp is defective, it has a big crack down the side. I need this resolved immediately. Thank you!",damaged_item,template,damaged_item:core22,train
"i sent the garden hose back last week. has the refund been processed? regards, priya",refund_request,template,refund_request:core3,val
"Hello, Can I cancel order ORD-60490 if it has already shipped? Thank you!",cancellation,template,cancellation:core13,test
"Hi, I got the hair dryer today but it's broken. I can send photos. Kind of annoyed at this point. Please advise.",damaged_item,template,damaged_item:core24,train
"Hello, Is it too late to cancel order 68103? It still says processing!! Please treat this as a priority, I'm travelling soon. Thanks in advance.",cancellation,template,cancellation:core6,train
cancel the board game,cancellation,template,cancellation:short9,train
"Hi there, Does the headphones come with a warranty? I need this sorted out today.",product_question,template,product_question:core0,val
seeing status of purchase ORD-32962,order_status,bitext,bitext:seeing status of purchase order number,test
cancel order 20506 pls,cancellation,template,cancellation:short8,train
"I paid $99 for an article, I need help to get a refund",refund_request,bitext,bitext:i paid currency symbolrefund amount for an article i need help to get a refund,test
"To whom it may concern, The mechanical keyboard I ordered arrived cracked. Clearly damaged in shipping. My patience has run out. Regards, Maria",damaged_item,template,damaged_item:core1,train
"Hello, Will the laptop stand be back in stock soon? I'm pretty disappointed, honestly.",product_question,template,product_question:core4,train
eta on order 27918,order_status,template,order_status:short7,train
"To whom it may concern, Do I get the shipping fee back if I return the headphones? I ordered it as a gift. Cheers, Chen",refund_request,template,refund_request:core17,test
"Hello, Why is my delivery taking so long? It was supposed to arrive last week. Please advise.",delivery_delay,template,delivery_delay:core2,train
Is the sneakers dishwasher safe? Thanks.,product_question,template,product_question:core8,train
car seat cover in stock?,product_question,template,product_question:short4,train
"I ordered the wrong desk lamp by mistake, can you cancel it?",cancellation,template,cancellation:core2,train
"hello team, how do i set up my new hair dryer? the mnaual isn't clear. no hurry at all. cheers, fatima",product_question,template,product_question:core9,test
"I need to cancel order ORD-72402 I'm pretty disappointed, honestly.",cancellation,bitext,bitext:i need to cancel order order number,train
"Good morning, I haven't gotten any email updates since I placed my order. Can you check where it is? This is really frustrating.",order_status,template,order_status:core7,val
"Hi, Is my package still on track to arrive this week? I can't find any status update. Thanks.",order_status,template,order_status:core8,train
how to request an reimbursement of money,refund_request,bitext,bitext:how to request an reimbursement of money,test
"Hello team, Can you stop my order from shipping? I want to cancel it. It's not a big deal, just wanted to ask. Thanks in advance.",cancellation,template,cancellation:core8,train
tracking number for #11146?,order_status,template,order_status:short2,train
"Hello, I want a full refund for order #45465. Regards, Tom",refund_request,template,refund_request:core7,train
"Hello team, IT'S BEEN 5 DAYS PAST THE DELIVERY ESTIMATE AND THE COURIER STILL HASN'T DELIVERED MY WATER BOTTLE. This is the third time I've contacted you about this.",delivery_delay,template,delivery_delay:core9,train
"Hi there, I want to cancel the tent from my order but keep the rest. No rush on this. Regards, Chen",cancellation,template,cancellation:core9,train
"Hello, Tracking says 'out for delivery' since yesterday but nothing has shown up. I'm usually home in the afternoons. Thanks.",delivery_delay,template,delivery_delay:core3,train
"Hello team, Can the refund go to my original payment method? Regards, Luca",refund_request,template,refund_request:core15,train
"Hey, The shipment has been stuck at the same tracking checkpoint for 6 days now, past the delivery date. This is urgent, I need it for my son's birthday on Friday. Please advise.",delivery_delay,template,delivery_delay:core5,val
"Hey, What's the difference between the two board game models on your site? Cheers, Fatima",product_question,template,product_question:core10,train
does the backpack come in black,product_question,template,product_question:short3,train
"hi there, cancel my order please, i found it cheaper elsewhere. regards, aisha",cancellation,template,cancellation:core4,train
"Hello team, My hair dryer order has been in transit for 10 days, way longer than the delivery estimate. I'm seriously considering never ordering from here again. Thanks.",delivery_delay,template,delivery_delay:core14,test
"Hey, The delivery for my duvet cover has been rescheduled multiple times without a clear reason. Thanks.",delivery_delay,template,delivery_delay:core18,test
"The shipment has been stuck at the same tracking checkpoint for 10 days now, past the delivery date. Honestly I'm at my wits' end. Regards, Jordan",delivery_delay,template,delivery_delay:core5,val
"Hey, My package showed up today but the backpack inside is dented and doesn't work anymore. I expected better from your store. Cheers, Tom",damaged_item,template,damaged_item:core2,train
"To whom it may concern, Is the picture frame you sell the latest model? Not happy about this at all. Regards, Priya",product_question,template,product_question:core17,train
i need help seeing order ORD-76093 current status Hope you're having a good day!,order_status,bitext,bitext:i need help seeing order order number current status,test
I am trying to cancel order #45697,cancellation,bitext,bitext:i am trying to cancel order order number,train
"Good morning, I'm still waiting on order 83706 that was due 4 days ago. Cheers, Priya",delivery_delay,template,delivery_delay:core19,train
"to whom it may concern, i want to confirm my sneakers order actually went through and is being processed. the order is under my partner's name. regards, aisha",order_status,template,order_status:core12,train
"Hi, Why is my delivery taking so long? It was supposed to arrive last week. I'm pretty disappointed, honestly. Regards, Maria",delivery_delay,template,delivery_delay:core2,train
"I would like to request a damn refund of money Please treat this as a priority, I'm travelling soon.",refund_request,bitext,bitext:i would like to request a damn refund of money,val
"Hey, Is my package still on track to arrive this week? I can't find any status update. Whenever you get a chance.",order_status,template,order_status:core8,train
"Hi there, Is the desk lamp compatible with a standard US outlet? I can send my receipt if needed. Thanks.",product_question,template,product_question:core3,train
broken air fryer received Please respond ASAP.,damaged_item,template,damaged_item:short3,train
"Hi, I'd like to cancel my pre-order for the water bottle. I'm pretty disappointed, honestly. Cheers, Chen",cancellation,template,cancellation:core15,val
"Good morning, Can I get my money back for the night lamp? It doesn't fit.",refund_request,template,refund_request:core4,train
"hello, i changed my mind about the office chair. can i return it and get a refund? no hurry at all",refund_request,template,refund_request:core12,val
"Good morning, I got order #49401 today and the suitcase is completely shattered inside the packaging. Let me know what you need from me. Regards, Luca",damaged_item,template,damaged_item:core10,train
"To whom it may concern, Does the garden hose ship with a charger? I'm pretty disappointed, honestly.",product_question,template,product_question:core11,train
"Good morning, There's no cancel button on my order page. How do I cancel order #86270? I shouldn't have to chase you for this. Cheers, Luca",cancellation,template,cancellation:core10,train
I want to cancel the coffee maker from my order but keep the rest. Not happy about this at all. Thanks in advance.,cancellation,template,cancellation:core9,train
"hey, do you sell replacement parts for the board game? i've been waiting a long time for this. please advise",product_question,template,product_question:core14,train
I'm still waiting on order #92501 that was due over a week ago. No hurry at all. Thank you!,delivery_delay,template,delivery_delay:core19,train
ened help with cancelling purchase #76307 Appreciate any info.,cancellation,bitext,bitext:ened help with cancelling purchase order number,train
What material is the throw blanket made of? Thanks in advance.,product_question,template,product_question:core5,train
"good morning, please cancel order ord-49392. please advise",cancellation,template,cancellation:core0,val
"Hello team, My winter jacket order has been in transit for 2 days, way longer than the delivery estimate. Regards, Chen",delivery_delay,template,delivery_delay:core14,test
It's been two weeks past the delivery estimate and the courier still hasn't delivered my backpack. No rush on this. Thanks.,delivery_delay,template,delivery_delay:core9,train
"Good morning, Can I get the running shoes engraved or personalized? Please advise.",product_question,template,product_question:core22,val
Can I get the mirror engraved or personalized? Thanks in advance.,product_question,template,product_question:core22,val
"to whom it may concern, the electric kettle i ordered has a broken part rihgt out of the package. my ptience has run out. thanks in advance",damaged_item,template,damaged_item:core12,test
"Good morning, When will my refund of $198.53 show up on my card? Regards, Priya",refund_request,template,refund_request:core2,train
"Hi there, Does the night lamp work with 220V outlets abroad? I've been waiting a long time for this. Please advise.",product_question,template,product_question:core18,val
"Hello team, What is your refund policy for items that have been opened? Thank you!",refund_request,template,refund_request:core6,train
i expect a restitution of $412 was it processed already,refund_request,bitext,bitext:i expect a restitution of currency symbolrefund amount was it processed already,train
You refunded me in store credit but I want the money back on my card. Let me know what you need from me.,refund_request,template,refund_request:core19,test
"hi, the electric kettle i ordreed arrived cracked. clearly damaged in shipping. whenever you get a chance. thank you",damaged_item,template,damaged_item:core1,train
"Good morning, The return was delivered back to you 3 days ago. Where is my refund of $259.91?",refund_request,template,refund_request:core16,train
"Good morning, Can the refund go to my original payment method? Please treat this as a priority, I'm travelling soon. Thanks in advance.",refund_request,template,refund_request:core15,train
"Hey, What's the battery life on the electric kettle? Thank you!",product_question,template,product_question:core19,train
i try to chrck the current status of order #66881,order_status,bitext,bitext:i try to chrck the current status of order order number,train
"Hello, I changed my mind, please cancel my order before it's sent.",cancellation,template,cancellation:core12,test
"Hi there, MY ORDER ARRIVED WITH THE BOX SOAKED AND THE MECHANICAL KEYBOARD INSIDE NO LONGER WORKS. I've emailed twice and nobody has replied. Thanks in advance.",damaged_item,template,damaged_item:core14,train
I need help canceling order 13248 This is completely unacceptable!!,cancellation,bitext,bitext:i need help canceling order order number,train
The carrier keeps saying 'delivery exception' and my bluetooth speaker is now late. Thank you!,delivery_delay,template,delivery_delay:core22,train
"Hi, My new mechanical keyboard has several parts physically broken off. It arrived like this. Please advise.",damaged_item,template,damaged_item:core6,val
"To whom it may concern, My order ORD-92569 is now 2 days late. Can you tell me what's causing the delay?",delivery_delay,template,delivery_delay:core4,val
bord game is dented,damaged_item,template,damaged_item:short8,val
bluetooth speaker warranty? Worst customer service I have ever dealt with.,product_question,template,product_question:short0,val
canecl the hair dryer,cancellation,template,cancellation:short9,train
"good morning, my backpack order has been in transit for 6 days, way lnoger than the delivery estimate. thank you",delivery_delay,template,delivery_delay:core14,test
could you help me receiving compensations of my money? I'm seriously considering never ordering from here again.,refund_request,bitext,bitext:could you help me receiving compensations of my money,train
I want someone to call me back TODAY. locating purchase #26750,order_status,bitext,bitext:locating purchase order number,val
broken winter jacket recieved,damaged_item,template,damaged_item:short3,train
My order arrived with the box soaked and the running shoes inside no longer works. I ordered it as a gift.,damaged_item,template,damaged_item:core14,train
is the laptop stand you sell the latest model? not happy about this at all,product_question,template,product_question:core17,train
"Do you sell replacement parts for the phone case? Whenever you get a chance. Cheers, Maria",product_question,template,product_question:core14,train
"Hi there, What is your refund policy for items that have been opened? Please respond ASAP. Cheers, Priya",refund_request,template,refund_request:core6,train
what's the battery life on the suitcase? no rush on this. please advise,product_question,template,product_question:core19,train
still waiting on refund My email is the one on the account.,refund_request,template,refund_request:short4,train
bookshelf in stock?,product_question,template,product_question:short4,train
"Hello, Tracking says 'out for delivery' since yesterday but nothing has shown up. This is completely unacceptable!!",delivery_delay,template,delivery_delay:core3,train
"Hey, I want a full refund for order 64610. My email is the one on the account. Thank you!",refund_request,template,refund_request:core7,train
"Tracking says 'out for delivery' since yesterday but nothing has shown up. Regards, Maria",delivery_delay,template,delivery_delay:core3,train
I would like to ask for compensations,refund_request,bitext,bitext:i would like to ask for compensations,train
"Good morning, The delivery date keeps changing every time I check, it's now well past the original estimate. Regards, Alex",delivery_delay,template,delivery_delay:core10,train
"Hello team, I'm not satisfied with the office chair and would like my money back. I need this resolved immediately. Cheers, Chen",refund_request,template,refund_request:core14,train
is throw blanket compatible with a MacBook,product_question,template,product_question:short8,train
Appreciate any info. wanna check order 56955 status,order_status,bitext,bitext:wanna check order order number status,train
"Hi there, It's been stuck in customs for 3 days and is now past the delivery estimate. This is completely unacceptable!! Regards, Luca",delivery_delay,template,delivery_delay:core25,train
"Hi there, Is the night lamp suitable for a beginner? Regards, Alex",product_question,template,product_question:core13,train
"Hello, The phone case I ordered came with a large tear. It looks like it was damaged before packing. Thanks.",damaged_item,template,damaged_item:core3,val
"Can I get my money back for the desk lamp? It doesn't fit. Appreciate any info. Cheers, Maria",refund_request,template,refund_request:core4,train
received a defective throw blanket,damaged_item,template,damaged_item:short7,train
"Good morning, I'd like an ETA for my blender, please. Thanks.",order_status,template,order_status:core22,train
"Hello team, My order page says 'in transit'. Which carrier is delivering it? This is really frustrating. Please advise.",order_status,template,order_status:core20,train
i wqant assistance checking purchase #58655 status,order_status,bitext,bitext:i wqant assistance checking purchase order number status,train
"To whom it may concern, My order page says 'in transit'. Which carrier is delivering it? No hurry at all.",order_status,template,order_status:core20,train
wanna chec order ORD-91018 status I'm seriously considering never ordering from here again.,order_status,bitext,bitext:wanna chec order order number status,train
what do i have to do to locate purchase ORD-21959,order_status,bitext,bitext:what do i have to do to locate purchase order number,train
"Hey, Has my payment for order #63721 gone through? The status hasn't changed. Thanks in advance.",order_status,template,order_status:core24,train
Hope you're having a good day! need help to cancel purchase #29342,cancellation,bitext,bitext:need help to cancel purchase order number,train
order ORD-79655 late,delivery_delay,template,delivery_delay:short3,train
"My rice cooker arrived broken into pieces, the packaging was torn open too. No hurry at all. Please advise.",damaged_item,template,damaged_item:core5,test
"Good morning, Cancel my order please, I found it cheaper elsewhere. Thank you!",cancellation,template,cancellation:core4,train
Is the toolset available in other colors? Appreciate any info. Thank you!,product_question,template,product_question:core1,train
cancel purchase732201349959,cancellation,bitext,bitext:cancel purchase0,train
i ordered it as a gift. canel coffee mker order,cancellation,template,cancellation:short4,train
i dont know what to do to cancel purchase 66333,cancellation,bitext,bitext:i dont know what to do to cancel purchase order number,val
"To whom it may concern, I ordered a tent and when it arrived, the box was completely crushed and the item is broken. If this isn't fixed I'm filing a chargeback with my bank. Thanks.",damaged_item,template,damaged_item:core0,train
"see the eta of the purchase #25220 I'm pretty disappointed, honestly.",order_status,bitext,bitext:see the eta of the purchase order number,train
is kitchen scale compatible with Windows 11,product_question,template,product_question:short8,train
how to see the rebate current status?,refund_request,bitext,bitext:how to see the rebate current status,test
"Hello, My package was supposed to arrive 6 days ago and it's still not here, no courier updates. Please advise.",delivery_delay,template,delivery_delay:core0,train
When is my car seat cover expected to arrive? Thanks in advance.,order_status,template,order_status:core25,train
order 92568 arrived damaged,damaged_item,template,damaged_item:short5,train
laptop stand arrived broken,damaged_item,template,damaged_item:short0,train
"Hello team, Does the backpack ship with a charger?",product_question,template,product_question:core11,train
"To whom it may concern, My desk lamp arrived dented and I'd like a replacement. Hope you're having a good day!",damaged_item,template,damaged_item:core17,train
picture frame material?,product_question,template,product_question:short9,train
help me to check the ETA of the order #82199,order_status,bitext,bitext:help me to check the eta of the order order number,train
order 75478 late,delivery_delay,template,delivery_delay:short3,train
"Hey, Do you sell replacement parts for the hair dryer? Thanks.",product_question,template,product_question:core14,train
"Hello, This is the second delay notice I've received for order 95309. What's going on? Please advise.",delivery_delay,template,delivery_delay:core16,train
"hello, the shiment has been stuck at the same tracking checkpoint for 6 days now, past the delivery date. regards, luca",delivery_delay,template,delivery_delay:core5,val
"Hello, This is the second delay notice I've received for order #59332. What's going on? I'm pretty disappointed, honestly. Thank you!",delivery_delay,template,delivery_delay:core16,train
I will be leaving a one-star review. lcate order 98652,order_status,bitext,bitext:lcate order order number,test
"Hello team, THERE'S NO CANCEL BUTTON ON MY ORDER PAGE. HOW DO I CANCEL ORDER ORD-96046!! If this isn't fixed I'm filing a chargeback with my bank. Thank you!",cancellation,template,cancellation:core10,train
can you help me check the ETA of the purchase #95918?,order_status,bitext,bitext:can you help me check the eta of the purchase order number,train
"Hello team, I'd like an ETA for my office chair, please. I ordered it as a gift.",order_status,template,order_status:core22,train
assistance seeing how long reimbursements usually take,refund_request,bitext,bitext:assistance seeing how long reimbursements usually take,train
"The carrier keeps saying 'delivery exception' and my backpack is now late. Cheers, Alex",delivery_delay,template,delivery_delay:core22,train
order 16985 arrived damaged,damaged_item,template,damaged_item:short5,train
"Hello team, The coffee maker I bought is bent out of shape, definitely damaged during delivery.",damaged_item,template,damaged_item:core9,train
I got the throw blanket today but it's broken. I can send photos. I expected better from your store.,damaged_item,template,damaged_item:core24,train
"Hi, The return was delivered back to you 2 days ago. Where is my refund of $198.05? Appreciate any info.",refund_request,template,refund_request:core16,train
"To whom it may concern, Will the smartwatch be back in stock soon? Let me know what you need from me. Cheers, Maria",product_question,template,product_question:core4,train
"The headphones I ordered arrived cracked. Clearly damaged in shipping. Cheers, Fatima",damaged_item,template,damaged_item:core1,train
"Good morning, My order arrived with the box soaked and the robot vacuum inside no longer works. Hope you're having a good day! Please advise.",damaged_item,template,damaged_item:core14,train
assistance seeing in what situations can I request a refund,refund_request,bitext,bitext:assistance seeing in what situations can i request a refund,train
"hi there, my tent was due on tueday and it never showed up. i ordered it as a gift. please advise",delivery_delay,template,delivery_delay:core20,train
where do I receive a compensation?,refund_request,bitext,bitext:where do i receive a compensation,test
"Hello team, The package is overdue by two weeks and the courier won't give me a new date. Just curious. Thanks.",delivery_delay,template,delivery_delay:core26,train
"Hi there, It's been stuck in customs for 8 days and is now past the delivery estimate. My email is the one on the account. Thank you!",delivery_delay,template,delivery_delay:core25,train
my order is 3 days late,delivery_delay,template,delivery_delay:short9,train
"Hello, Does the sneakers have a sleep or auto-off mode? Regards, Chen",product_question,template,product_question:core20,train
order #24436 late,delivery_delay,template,delivery_delay:short3,train
robot vacuum is dented,damaged_item,template,damaged_item:short8,val
"to whom it may concern, the glass on my throw banket was shattered in the box. can i get a replacement or refund? i will be leaving a one-star review",damaged_item,template,damaged_item:core19,val
"To whom it may concern, Does the winter jacket ship with a charger? The order is under my partner's name. Cheers, Fatima",product_question,template,product_question:core11,train
received a defective backpack,damaged_item,template,damaged_item:short7,train
"to whom it may concern, my orer confirmation says it shipped but the tracking link isn't working. what's the curent status? this is the third time i've contacted you aobut this",order_status,template,order_status:core4,train
hwere to see the ETA of the order #18511,order_status,bitext,bitext:hwere to see the eta of the order order number,test
"Hi, I'd like a refund for order #21205, the yoga mat isn't what I expected. Hope you're having a good day! Please advise.",refund_request,template,refund_request:core1,test
return and refund water bottle,refund_request,template,refund_request:short7,train
"Hello, I opened the box and my picture frame already has a large scratch and dent on it.",damaged_item,template,damaged_item:core7,train
my sneakers is overdue,delivery_delay,template,delivery_delay:short1,test
I expected better from your store. I'm waiting for a rebate of $260 was it processed,refund_request,bitext,bitext:im waiting for a rebate of currency symbolrefund amount was it processed,train
need assistance to cancel orer #74789,cancellation,bitext,bitext:need assistance to cancel orer order number,train
"To whom it may concern, What stage is order 92611 at right now? Please advise.",order_status,template,order_status:core26,train
Can you stop my order from shipping? I want to cancel it!! This is completely unacceptable!!,cancellation,template,cancellation:core8,train
assistnace cancelling order 96673,cancellation,bitext,bitext:assistnace cancelling order order number,test
"Good morning, It's been 3 days past the delivery estimate and the courier still hasn't delivered my mirror. Thank you!",delivery_delay,template,delivery_delay:core9,train
"Hello team, I returned the running shoes 3 days ago and still haven't received my refund. I shouldn't have to chase you for this.",refund_request,template,refund_request:core0,val
"Hi, Does the robot vacuum have a sleep or auto-off mode? No rush on this.",product_question,template,product_question:core20,train
"Hey, Can you give me an update on my order status? I haven't received a shipping confirmation for my air fryer yet. No hurry at all. Thank you!",order_status,template,order_status:core2,train
"Hi, What's the battery life on the desk lamp?",product_question,template,product_question:core19,train
"To whom it may concern, I returned the picture frame 4 days ago and still haven't received my refund. Thanks.",refund_request,template,refund_request:core0,val
"I would like to cancel purchase 19071, I need help",cancellation,bitext,bitext:i would like to cancel purchase order number i need help,train
"to whom it may concern, could you send me the tacking number for order #38004? just curious. regards, maria",order_status,template,order_status:core18,train
my oredr is 4 days late,delivery_delay,template,delivery_delay:short9,train
i have to check if there are any news on the restitution Not happy about this at all.,refund_request,bitext,bitext:i have to check if there are any news on the restitution,train
is the mirror waterproof,product_question,template,product_question:short1,val
can ya help me to see the ETA of order ORD-88282 I expected better from your store.,order_status,bitext,bitext:can ya help me to see the eta of order order number,train
"The air fryer isn't as described on the website, I'd like to return it for a refund. I ordered it as a gift. Thanks.",refund_request,template,refund_request:core8,train
"Hi, I was charged twice for order #70280, please refund the duplicate charge. Cheers, Fatima",refund_request,template,refund_request:core10,train
tracking number for ORD-87784?,order_status,template,order_status:short2,train
"Good morning, My air fryer order has been in transit for 3 days, way longer than the delivery estimate. Hope you're having a good day! Thank you!",delivery_delay,template,delivery_delay:core14,test
"to whom it may concern, will the toolset be back in stock soon!! it's time-sensitive. thank you",product_question,template,product_question:core4,train
I am waiting for a reimbursement of 136 dollars,refund_request,bitext,bitext:i am waiting for a reimbursement of refund amount dollars,test
"good morning, my wter bottle order has been in transit for two weeks, way longer than the delivery estimate. whenever you get a chance. regards, tom",delivery_delay,template,delivery_delay:core14,test
does the monitor come in black,product_question,template,product_question:short3,train
"Hey, I was promised delivery days ago and it's still not here!! This is urgent, I need it for my son's birthday on Friday. Cheers, Tom",delivery_delay,template,delivery_delay:core6,train
"Does the tent have a sleep or auto-off mode!! This is completely unacceptable!! Regards, Maria",product_question,template,product_question:core20,train
could you help me canceling purchase 25860?,cancellation,bitext,bitext:could you help me canceling purchase order number,train
What material is the car seat cover made of? This is really frustrating. Please advise.,product_question,template,product_question:core5,train
no tracking info yet let me know what you need from me,order_status,template,order_status:short5,train
I do not know how to ask for a restitution of my money,refund_request,bitext,bitext:i do not know how to ask for a restitution of my money,train
"Hi, This is the second delay notice I've received for order #28248. What's going on? Thanks in advance.",delivery_delay,template,delivery_delay:core16,train
"Hello team, I'd like a refund for the desk lamp, I don't need it anymore.",refund_request,template,refund_request:core18,train
"Hey, Is the camera tripod compatible with an iPhone 15? Cheers, Luca",product_question,template,product_question:core3,train
"hey, i'd like to cancel my office chair order before it ships. appreciate any info. regards, aisha",cancellation,template,cancellation:core1,train
i want assistance to check how long refunds usually take,refund_request,bitext,bitext:i want assistance to check how long refunds usually take,train
"Hello, The carrier keeps saying 'delivery exception' and my air fryer is now late. This is urgent, I need it for my son's birthday on Wednesday. Cheers, Sam",delivery_delay,template,delivery_delay:core22,train
"Good morning, The wireless mouse I ordered came with a large tear. It looks like it was damaged before packing!! I've emailed twice and nobody has replied. Regards, Chen",damaged_item,template,damaged_item:core3,val
I am trying to check my compensation current status,refund_request,bitext,bitext:i am trying to check my compensation current status,val
seeing reimbursement status,refund_request,bitext,bitext:seeing reimbursement status,val
"Hello team, Can you stop my order from shipping? I want to cancel it!! I will be leaving a one-star review. Cheers, Sam",cancellation,template,cancellation:core8,train
"Hi there, My refund for order #34790 says 'approved' but the money isn't in my account. Appreciate any info. Thanks in advance.",refund_request,template,refund_request:core13,train
"Good morning, I ordered a night lamp and when it arrived, the box was completely crushed and the item is broken. Kind of annoyed at this point. Please advise.",damaged_item,template,damaged_item:core0,train
help to see in which cases can I ask for refunds,refund_request,bitext,bitext:help to see in which cases can i ask for refunds,train
electric kettle size giude,product_question,template,product_question:short5,train
"Please cancel the garden hose order, my address is wrong and I'll reorder. Please advise.",cancellation,template,cancellation:core16,train
"Hello, Do you sell replacement parts for the tent? No rush on this. Thanks in advance.",product_question,template,product_question:core14,train
my monitor arrived scratched,damaged_item,template,damaged_item:short9,test
"Hello, What material is the winter jacket made of? I need this resolved immediately. Cheers, Sam",product_question,template,product_question:core5,train
how to check the ETA of the order #61807,order_status,bitext,bitext:how to check the eta of the order order number,train
how do I cancel purchae ORD-54236? Hope you're having a good day!,cancellation,bitext,bitext:how do i cancel purchae order number,train
I'm trying to check in which cases can i ask for a refund,refund_request,bitext,bitext:im trying to check in which cases can i ask for a refund,test
"hi, i haven't gotten any email updates since i placed my order. can you check where it is? i'm usually home in the afternoons",order_status,template,order_status:core7,val
"Hi there, This is the second delay notice I've received for order ORD-57070. What's going on? I'm pretty disappointed, honestly. Please advise.",delivery_delay,template,delivery_delay:core16,train
I have problems with cancelling order #64948,cancellation,bitext,bitext:i have problems with cancelling order order number,train
"Hello team, Does the bookshelf need batteries or does it plug in? Hope you're having a good day! Thanks.",product_question,template,product_question:core6,test
"To whom it may concern, How much weight can the bluetooth speaker hold? Please advise.",product_question,template,product_question:core12,val
"hi, it's been stuck in customs for 5 days and is now past the delivery estimate. thanks",delivery_delay,template,delivery_delay:core25,train
"Hello team, What are the dimensions of the smartwatch? If this isn't fixed I'm filing a chargeback with my bank.",product_question,template,product_question:core2,test
"Hey, The shipment has been stuck at the same tracking checkpoint for 10 days now, past the delivery date.",delivery_delay,template,delivery_delay:core5,val
"Hello team, This is the second delay notice I've received for order #21584. What's going on!! I need this resolved immediately. Thanks.",delivery_delay,template,delivery_delay:core16,train
"I have paid $162 for this article, how to obtain a rebate?",refund_request,bitext,bitext:i have paid currency symbolrefund amount for this article how to obtain a rebate,train
"To whom it may concern, My monitor arrived dented and I'd like a replacement.",damaged_item,template,damaged_item:core17,train
"Hey, It's been stuck in customs for a week and is now past the delivery estimate. It's not a big deal, just wanted to ask. Thanks.",delivery_delay,template,delivery_delay:core25,train
I'm waiting for a reimbursement of 281 dollars,refund_request,bitext,bitext:im waiting for a reimbursement of refund amount dollars,train
i have to see the status of order 73736 can ya helo me,order_status,bitext,bitext:i have to see the status of order order number can ya helo me,train
My refund for order #77597 says 'approved' but the money isn't in my account. Please advise.,refund_request,template,refund_request:core13,train
"Hi, What's happening with order #41610? It's been sitting at 'order received' for a while now. Thank you!",order_status,template,order_status:core11,train
"To whom it may concern, I changed my mind about the rice cooker. Can I return it and get a refund? The order is under my partner's name. Thanks.",refund_request,template,refund_request:core12,val
"Hey, How much weight can the air fryer hold? I can send my receipt if needed. Cheers, Sam",product_question,template,product_question:core12,val
"hi, my package is significantly overdue. whenever you get a chance",delivery_delay,template,delivery_delay:core17,train
"I no longer want order ORD-69692, how do I cancel it?",cancellation,bitext,bitext:i no longer want order order number how do i cancel it,train
My email is the one on the account. help me see in what cases can I reuest my money back,refund_request,bitext,bitext:help me see in what cases can i reuest my money back,train
I'm usually home in the afternoons. I want to see the status of order ORD-98895,order_status,bitext,bitext:i want to see the status of order order number,train
"Hey, My refund for order ORD-44021 says 'approved' but the money isn't in my account. I will be leaving a one-star review.",refund_request,template,refund_request:core13,train
does the hair dryer come in black,product_question,template,product_question:short3,train
problem with canceling order #34164,cancellation,bitext,bitext:problem with canceling order order number,train
"good morning, does the mirror need batteries or does it plug in? whenever you get a chance. cheers, tom",product_question,template,product_question:core6,test
"hey, just wondering if my mechanical keyboard order has left the warehouse yet. i ordered it as a gift. please advise",order_status,template,order_status:core6,test
"Hey, Why is my delivery taking so long? It was supposed to arrive last week. Cheers, Priya",delivery_delay,template,delivery_delay:core2,train
"I bought some product, I want to cancel order ORD-81810",cancellation,bitext,bitext:i bought some product i want to cancel order order number,train
"Hi there, Do I get the shipping fee back if I return the headphones? Regards, Tom",refund_request,template,refund_request:core17,test
can you help me see the current status of order 29369?,order_status,bitext,bitext:can you help me see the current status of order order number,train
"Hi there, Can I get my money back for the kitchen scale? It doesn't fit. This is really frustrating. Cheers, Fatima",refund_request,template,refund_request:core4,train
"Hey, The laptop stand I ordered arrived cracked. Clearly damaged in shipping. Thanks.",damaged_item,template,damaged_item:core1,train
i need help to cancel purchase 80010,cancellation,bitext,bitext:i need help to cancel purchase order number,val
help checking in what situations can I ask to be refunded,refund_request,bitext,bitext:help checking in what situations can i ask to be refunded,test
"Good morning, Why is my delivery taking so long? It was supposed to arrive last week. The order is under my partner's name.",delivery_delay,template,delivery_delay:core2,train
I shouldn't have to chase you for this. where culd i cancel order ORD-45774,cancellation,bitext,bitext:where culd i cancel order order number,test
I expected better from your store. delivery delayed,delivery_delay,template,delivery_delay:short2,train
"Hey, The board game I purchased came with a snapped part, unusable as is. Thanks in advance.",damaged_item,template,damaged_item:core15,train
Half of the rice cooker was smashed when I opened the package. Honestly I'm at my wits' end.,damaged_item,template,damaged_item:core18,train
"To whom it may concern, Please cancel my purchase of the coffee maker and confirm by email. Thanks in advance.",cancellation,template,cancellation:core11,train
assistance obtaining a refund,refund_request,bitext,bitext:assistance obtaining a refund,train
need assistance to cancel order #31319,cancellation,bitext,bitext:need assistance to cancel order order number,train
I expect a refund of $358,refund_request,bitext,bitext:i expect a refund of currency symbolrefund amount,train
"Hello team, My toolset was due on Monday and it never showed up.",delivery_delay,template,delivery_delay:core20,train
can you help me tracking order #88696?,order_status,bitext,bitext:can you help me tracking order order number,val
I do not want purchase ORD-97153,cancellation,bitext,bitext:i do not want purchase order number,train
"Hi, It's been stuck in customs for 5 days and is now past the delivery estimate. Not happy about this at all. Please advise.",delivery_delay,template,delivery_delay:core25,train
"I expect a compensation of 55 dollars, was it processed",refund_request,bitext,bitext:i expect a compensation of refund amount dollars was it processed,train
"The phone case was damaged in transit, the corner is crushed and it won't turn on.",damaged_item,template,damaged_item:core21,train
"Hi, My package is significantly overdue. I'm seriously considering never ordering from here again.",delivery_delay,template,delivery_delay:core17,train
can you show me the current status of order 49862? No hurry at all.,order_status,bitext,bitext:can you show me the current status of order order number,train
"Hi, Just wondering if my headphones order has left the warehouse yet. Cheers, Tom",order_status,template,order_status:core6,test
"I want to check your regund policy, help me",refund_request,bitext,bitext:i want to check your regund policy help me,val
can you help me checking your reimbursement policy? Whenever you get a chance.,refund_request,bitext,bitext:can you help me checking your reimbursement policy,val
"Hey, I want to cancel the phone case from my order but keep the rest. It's not a big deal, just wanted to ask. Thank you!",cancellation,template,cancellation:core9,train
I need to check in which cases can I request reimbursements,refund_request,bitext,bitext:i need to check in which cases can i request reimbursements,train
"Hello team, I requested a cancellation for order #27821 but it still shows as active. Let me know what you need from me. Thank you!",cancellation,template,cancellation:core17,val
"Hi there, What are the dimensions of the toolset? I've been waiting a long time for this.",product_question,template,product_question:core2,test
"Hi, Is the blender available in other colors?",product_question,template,product_question:core1,train
"Hey, Received order ORD-68036 and the laptop stand is defective, it has a big crack down the side.",damaged_item,template,damaged_item:core22,train
I want assistance canceling purchase #98039,cancellation,bitext,bitext:i want assistance canceling purchase order number,train
I do not know how I could request compensations of money,refund_request,bitext,bitext:i do not know how i could request compensations of money,train
"To whom it may concern, I opened the box and my office chair already has a large scratch and dent on it. Thanks.",damaged_item,template,damaged_item:core7,train
"Hi, What's the battery life on the monitor? Please advise.",product_question,template,product_question:core19,train
"Good morning, How much weight can the air fryer hold? The order is under my partner's name. Thank you!",product_question,template,product_question:core12,val
assistance to check the ETA of the purchase ORD-20345,order_status,bitext,bitext:assistance to check the eta of the purchase order number,train
get money back,refund_request,bitext,bitext:get money back,train
assistance to check in what cases can I ask to be refunded I ordered it as a gift.,refund_request,bitext,bitext:assistance to check in what cases can i ask to be refunded,train
"Good morning, Can I cancel order #59444 if it has already shipped? Thanks in advance.",cancellation,template,cancellation:core13,test
I need assistance to check my restitution status,refund_request,bitext,bitext:i need assistance to check my restitution status,train
"Hello, Does the sneakers have a sleep or auto-off mode? Regards, Luca",product_question,template,product_question:core20,train
"I got order ORD-86956 today and the monitor is completely shattered inside the packaging. Regards, Jordan",damaged_item,template,damaged_item:core10,train
"Hello, Does the throw blanket have a sleep or auto-off mode? This is the third time I've contacted you about this. Regards, Priya",product_question,template,product_question:core20,train
I need help seeing your money back guarantee Let me know what you need from me.,refund_request,bitext,bitext:i need help seeing your money back guarantee,train
"Hey, Is my package still on track to arrive this week? I can't find any status update. I ordered it as a gift. Thanks.",order_status,template,order_status:core8,train
"Hello team, Does the desk lamp need batteries or does it plug in? Kind of annoyed at this point. Thanks in advance.",product_question,template,product_question:core6,test
What is your refund policy for items that have been opened? This is really frustrating. Thanks.,refund_request,template,refund_request:core6,train
I was charged $41.49 but you only refunded part of it.,refund_request,template,refund_request:core5,train
is the hair dryer waterproof,product_question,template,product_question:short1,val
The air fryer I ordered has a broken part right out of the package. The order is under my partner's name.,damaged_item,template,damaged_item:core12,test
"Hello, The throw blanket isn't as described on the website, I'd like to return it for a refund.",refund_request,template,refund_request:core8,train
"Hi there, I'd like a refund for the laptop stand, I don't need it anymore. Cheers, Luca",refund_request,template,refund_request:core18,train
"Hello team, The courier attempted delivery once and never came back, now it's been 10 days with no update. Please advise.",delivery_delay,template,delivery_delay:core13,test
"Hey, My order arrived with the box soaked and the air fryer inside no longer works. Thanks.",damaged_item,template,damaged_item:core14,train
"hi there, the backpack leaked everywhere inside the box, it's ruined. it's a gift for an event this weekend so i really need an answer now. thanks in advance",damaged_item,template,damaged_item:core23,train
"Hello team, Delivery was supposed to happen already but tracking still shows it in a different city!! This is urgent, I need it for my son's birthday on Thursday. Please advise.",delivery_delay,template,delivery_delay:core15,test
"Hi, The laptop stand I purchased came with a snapped part, unusable as is. Thanks.",damaged_item,template,damaged_item:core15,train
cancel the winter jacket,cancellation,template,cancellation:short9,train
"Good morning, My hair dryer arrived soaking wet and the box was falling apart, the item itself is stained. I'm seriously considering never ordering from here again. Thanks.",damaged_item,template,damaged_item:core8,train
"To whom it may concern, I was told it would arrive by Friday. It's now 2 days past that. Thanks in advance.",delivery_delay,template,delivery_delay:core23,train
"hello team, my pakcage has said 'delayed in transit' for 10 days. regards, maria",delivery_delay,template,delivery_delay:core21,train
I have got to see how long refunds take Whenever you get a chance.,refund_request,bitext,bitext:i have got to see how long refunds take,val
the coffee maker arrived with missing pices and a cracked casing. no rush on this. thanks in advance,damaged_item,template,damaged_item:core11,train
I have got to cancel purchase #40495 No hurry at all.,cancellation,bitext,bitext:i have got to cancel purchase order number,train
Kind of annoyed at this point. order #25195 status,order_status,template,order_status:short1,train
broken smartwatch received,damaged_item,template,damaged_item:short3,train
I don't know how I can camcel purchase #80702,cancellation,bitext,bitext:i dont know how i can camcel purchase order number,test
I have to cancel order ORD-85456,cancellation,bitext,bitext:i have to cancel order order number,train
"Hello team, I was charged $411.17 but you only refunded part of it. This is the third time I've contacted you about this.",refund_request,template,refund_request:core5,train
"Hi there, What is your refund policy for items that have been opened? I ordered it as a gift. Please advise.",refund_request,template,refund_request:core6,train
"To whom it may concern, My order ORD-12469 is now a week late. Can you tell me what's causing the delay? Please advise.",delivery_delay,template,delivery_delay:core4,val
Does the wireless mouse work with 220V outlets abroad? I'm usually home in the afternoons. Thanks.,product_question,template,product_question:core18,val
No rush on this. can you help me demand a reimbursement of money?,refund_request,bitext,bitext:can you help me demand a reimbursement of money,train
toolset material?,product_question,template,product_question:short9,train
"Good morning, Is order 63961 still on schedule for delivery?",order_status,template,order_status:core21,train
"Hey, Is the desk lamp waterproof? It's not a big deal, just wanted to ask.",product_question,template,product_question:core21,train
"Hey, I got the night lamp today but it's broken. I can send photos. I ordered it as a gift. Thank you!",damaged_item,template,damaged_item:core24,train
money back for garden hose,refund_request,template,refund_request:short8,train
"hi there, my order arrived with the box soaked and the headphones inside no longer works. whenver you get a chance. thanks in advance",damaged_item,template,damaged_item:core14,train
"Hey, I ordered a laptop stand and when it arrived, the box was completely crushed and the item is broken. Thanks.",damaged_item,template,damaged_item:core0,train
where can i check the ETA of the order #57516 I can send my receipt if needed.,order_status,bitext,bitext:where can i check the eta of the order order number,val
"Hello team, The tracking number you sent me shows 'not found' on the carrier site.",order_status,template,order_status:core23,train
"To whom it may concern, Why is my delivery taking so long? It was supposed to arrive last week. Honestly I'm at my wits' end. Thank you!",delivery_delay,template,delivery_delay:core2,train
"Hello team, I was told it would arrive by Tuesday. It's now 6 days past that.",delivery_delay,template,delivery_delay:core23,train
"good morning, my trow blanket arrived broken into pieces, the packaging was torn open too. please traet this as a priority, i'm trvelling soon. cheers, pirya",damaged_item,template,damaged_item:core5,test
need assistance withcanceling purchase 48829,cancellation,bitext,bitext:need assistance withcanceling purchase order number,test
late delivery ord-46991,delivery_delay,template,delivery_delay:short8,train
i want help seeing the goddamn ETA of purchase #61629,order_status,bitext,bitext:i want help seeing the goddamn eta of purchase order number,val
"Hello team, What's happening with order ORD-61768? It's been sitting at 'order received' for a while now. Thanks.",order_status,template,order_status:core11,train
"Hi there, My refund for order 62665 says 'approved' but the money isn't in my account. Please advise.",refund_request,template,refund_request:core13,train
Can the refund go to my original payment method? Thanks in advance.,refund_request,template,refund_request:core15,train
"good morning, my duvet cover came scratched all over and one part is snapped. i need this resolved immediately. thank you",damaged_item,template,damaged_item:core20,val
I have a probllem with canceling order #19038,cancellation,bitext,bitext:i have a probllem with canceling order order number,test
Does the suitcase need batteries or does it plug in? Let me know what you need from me.,product_question,template,product_question:core6,test
"good morning, is the tent you sell the latest model? tahnks in advnce",product_question,template,product_question:core17,train
"Hey, My robot vacuum arrived soaking wet and the box was falling apart, the item itself is stained. Please respond ASAP. Thanks.",damaged_item,template,damaged_item:core8,train
can you help me seeing the status of order 21053?,order_status,bitext,bitext:can you help me seeing the status of order order number,train
"To whom it may concern, I received my order but the laptop stand is cracked right out of the box. Thanks.",damaged_item,template,damaged_item:core4,test
No hurry at all. I want to cancel order #15482,cancellation,bitext,bitext:i want to cancel order order number,train
"Good morning, My package is significantly overdue. Let me know what you need from me. Cheers, Maria",delivery_delay,template,delivery_delay:core17,train
"I'd like to know the status of order 82080, please. Thanks.",order_status,template,order_status:core5,val
how can i see the status of purchase 84420,order_status,bitext,bitext:how can i see the status of purchase order number,test
"Hi, Is the suitcase you sell the latest model? Thank you!",product_question,template,product_question:core17,train
"hello team, my order arrived with the box soaked and the throw blanket inside no loner works. thank you",damaged_item,template,damaged_item:core14,train
"Hello, Is it too late to cancel order 99866? It still says processing.",cancellation,template,cancellation:core6,train
"Hi there, I placed my order 4 days ago and it still says processing. Can you check on it? Hope you're having a good day!",order_status,template,order_status:core0,train
"Hi there, Can you stop my order from shipping? I want to cancel it. Thank you!",cancellation,template,cancellation:core8,train
"hello, i placed an oder an hour ago and need to cancel it. please advise",cancellation,template,cancellation:core14,test
i have to locate purchase #25389 i need assistance Appreciate any info.,order_status,bitext,bitext:i have to locate purchase order number i need assistance,test
"My picture frame arrived soaking wet and the box was falling apart, the item itself is stained. Thanks.",damaged_item,template,damaged_item:core8,train
"Hi there, I sent the office chair back last week. Has the refund been processed? Thanks in advance.",refund_request,template,refund_request:core3,val
suitcase smashed in box,damaged_item,template,damaged_item:short6,train
Is it too late to cancel order #35863? It still says processing. It's a gift for an event this weekend so I really need an answer now. Please advise.,cancellation,template,cancellation:core6,train
Delivery keeps getting pushed back on the tracking page for my garden hose order. Please advise.,delivery_delay,template,delivery_delay:core7,val
"still not delivered, past due date No rush on this.",delivery_delay,template,delivery_delay:short5,train
my office chair arrived scratched,damaged_item,template,damaged_item:short9,test
how to check the status of purchase #70375?,order_status,bitext,bitext:how to check the status of purchase order number,train
"Hi, Can the bluetooth speaker be used outdoors?",product_question,template,product_question:core7,train
blender arrived broken,damaged_item,template,damaged_item:short0,train
"I can no longer afford order #14165, cancel it",cancellation,bitext,bitext:i can no longer afford order order number cancel it,train
see restitution current status,refund_request,bitext,bitext:see restitution current status,train
Can I cancel order #88339 if it has already shipped?,cancellation,template,cancellation:core13,test
"What material is the laptop stand made of? Regards, Jordan",product_question,template,product_question:core5,train
I'd like to cancel my smartwatch order before it ships. Appreciate any info.,cancellation,template,cancellation:core1,train
parcel stuck in transit over a week I shouldn't have to chase you for this.,delivery_delay,template,delivery_delay:short6,train
"Good morning, The bluetooth speaker leaked everywhere inside the box, it's ruined. Thanks.",damaged_item,template,damaged_item:core23,train
"Hello, Tracking says 'out for delivery' since yesterday but nothing has shown up. Cheers, Aisha",delivery_delay,template,delivery_delay:core3,train
bluetooth speaker size guide,product_question,template,product_question:short5,train
help me cancel purchase #29536,cancellation,bitext,bitext:help me cancel purchase order number,test
I need help with cancelling order #74042,cancellation,bitext,bitext:i need help with cancelling order order number,test
"Hi, The smartwatch I ordered came with a large tear. It looks like it was damaged before packing!! I want someone to call me back TODAY.",damaged_item,template,damaged_item:core3,val
How do I set up my new mirror? The manual isn't clear. Thank you!,product_question,template,product_question:core9,test
"hi, i want to confirm my office chir order actually went through and is being processed. i'm usually home in the afternoons. thanks",order_status,template,order_status:core12,train
My order 75382 was marked 'delayed' with no explanation and no new delivery date given. Thanks.,delivery_delay,template,delivery_delay:core11,test
"Good morning, Please cancel order #38225!! I'm seriously considering never ordering from here again.",cancellation,template,cancellation:core0,val
"Hi, Can you give me an update on my order status? I haven't received a shipping confirmation for my yoga mat yet.",order_status,template,order_status:core2,train
I'm waiting for a refund of 344 dollars,refund_request,bitext,bitext:im waiting for a refund of refund amount dollars,train
"Please treat this as a priority, I'm travelling soon. I have to see order ORD-16731 status, I need assistance",order_status,bitext,bitext:i have to see order order number status i need assistance,train
My refund for order #41729 says 'approved' but the money isn't in my account. Thanks in advance.,refund_request,template,refund_request:core13,train
"To whom it may concern, What are the dimensions of the air fryer? Thanks.",product_question,template,product_question:core2,test
"To whom it may concern, Please cancel order #34286. Regards, Jordan",cancellation,template,cancellation:core0,val
"Hey, Can the refund go to my original payment method? Please advise.",refund_request,template,refund_request:core15,train
order #60183 late I'm usually home in the afternoons.,delivery_delay,template,delivery_delay:short3,train
"Hey, I returned the rice cooker over a week ago and still haven't received my refund. I can send my receipt if needed. Thanks in advance.",refund_request,template,refund_request:core0,val
want assistance cancelling order 98777,cancellation,bitext,bitext:want assistance cancelling order order number,train
cancel the coffee maker,cancellation,template,cancellation:short9,train
"Hi, I was charged twice for order #91322, please refund the duplicate charge. Please respond ASAP. Please advise.",refund_request,template,refund_request:core10,train
I do not know how I ca cancel order 25814,cancellation,bitext,bitext:i do not know how i ca cancel order order number,train
"Hey, My order 91943 was marked 'delayed' with no explanation and no new delivery date given. Thanks.",delivery_delay,template,delivery_delay:core11,test
This is completely unacceptable!! i dont know what i need to do to receive a rebate,refund_request,bitext,bitext:i dont know what i need to do to receive a rebate,train
"hi, the laptop stand i ordered came with a large tear. it looks like it was damaged before packing. the order is under my partner's name. please advise",damaged_item,template,damaged_item:core3,val
Is my package still on track to arrive this week? I can't find any status update. Whenever you get a chance.,order_status,template,order_status:core8,train
will the picture frame be back in stock soon? please advise,product_question,template,product_question:core4,train
"Good morning, I'm not satisfied with the water bottle and would like my money back.",refund_request,template,refund_request:core14,train
how to use kitchen scale,product_question,template,product_question:short6,test
the smartwatch i ordered came with a large tear. it looks like it was damaged beore packing. thanks in advance,damaged_item,template,damaged_item:core3,val
is it possible to check my damn rebate current status?,refund_request,bitext,bitext:is it possible to check my damn rebate current status,train
"Hey, My package showed up today but the throw blanket inside is dented and doesn't work anymore. I'm usually home in the afternoons. Cheers, Chen",damaged_item,template,damaged_item:core2,train
"Hello team, Is the winter jacket available in other colors? Regards, Jordan",product_question,template,product_question:core1,train
"How do I set up my new board game? The manual isn't clear. Regards, Luca",product_question,template,product_question:core9,test
i nee help to cancel order #80798,cancellation,bitext,bitext:i nee help to cancel order order number,train
electric kettle material?,product_question,template,product_question:short9,train
"To whom it may concern, The courier attempted delivery once and never came back, now it's been 3 days with no update.",delivery_delay,template,delivery_delay:core13,test
I cannot see order #99143 damn current status,order_status,bitext,bitext:i cannot see order order number damn current status,train
headhpones smashed in box kind of annoyed at this point,damaged_item,template,damaged_item:short6,train
"Good morning, I want to cancel the stand mixer from my order but keep the rest. Thank you!",cancellation,template,cancellation:core9,train
received a defective duvet cover,damaged_item,template,damaged_item:short7,train
wanna locate order ORD-98647 how can i do it Please respond ASAP.,order_status,bitext,bitext:wanna locate order order number how can i do it,train
refund for order #19040,refund_request,template,refund_request:short0,train
"To whom it may concern, The delivery date keeps changing every time I check, it's now well past the original estimate. The order is under my partner's name. Cheers, Sam",delivery_delay,template,delivery_delay:core10,train
How much weight can the phone case hold? I need this sorted out today. Please advise.,product_question,template,product_question:core12,val
help me check the status of my reimbursement,refund_request,bitext,bitext:help me check the status of my reimbursement,train
"i need help trackng order #42077 It's not a big deal, just wanted to ask.",order_status,bitext,bitext:i need help trackng order order number,train
"I want to check my restitution status, I need help",refund_request,bitext,bitext:i want to check my restitution status i need help,train
"Hello, Can you stop my order from shipping? I want to cancel it. I've been waiting a long time for this.",cancellation,template,cancellation:core8,train
"I received my order but the tent is cracked right out of the box. Regards, Chen",damaged_item,template,damaged_item:core4,test
help seeing purchase ORD-88317 current status,order_status,bitext,bitext:help seeing purchase order number current status,train
"Hello, Can you stop my order from shipping? I want to cancel it. My email is the one on the account. Regards, Aisha",cancellation,template,cancellation:core8,train
has my air fryer shipped I need an answer before Saturday.,order_status,template,order_status:short3,test
"to whom it may concern, do i get the sipping fee back if i return the toolset? just curious. cheers, chen",refund_request,template,refund_request:core17,test
"Hi there, My package missed its delivery window and there's been no update since. Let me know what you need from me. Please advise.",delivery_delay,template,delivery_delay:core8,val
"Hello team, How do I set up my new smartwatch? The manual isn't clear. Thank you!",product_question,template,product_question:core9,test
"Hello, Is it too late to cancel order #87544? It still says processing. Cheers, Chen",cancellation,template,cancellation:core6,train
"Hey, The shipment has been stuck at the same tracking checkpoint for 4 days now, past the delivery date. Regards, Fatima",delivery_delay,template,delivery_delay:core5,val
want assistance checking the eta of order 29142,order_status,bitext,bitext:want assistance checking the eta of order order number,test
"Hey, I was promised delivery days ago and it's still not here. Appreciate any info. Thanks.",delivery_delay,template,delivery_delay:core6,train
"Hello, I haven't gotten any email updates since I placed my order. Can you check where it is? Thank you!",order_status,template,order_status:core7,val
"hello, is order ord-19321 still on scheudle for delivery? thank you",order_status,template,order_status:core21,train
cancel stand mixer order,cancellation,template,cancellation:short4,train
"To whom it may concern, My new bookshelf has several parts physically broken off. It arrived like this. Regards, Jordan",damaged_item,template,damaged_item:core6,val
"To whom it may concern, HOW MUCH WEIGHT CAN THE DESK LAMP HOLD? I want someone to call me back TODAY. Thank you!",product_question,template,product_question:core12,val
I want help to see the ETA of the purchase #27275,order_status,bitext,bitext:i want help to see the eta of the purchase order number,train
"coffee maker arrived broken It's not a big deal, just wanted to ask.",damaged_item,template,damaged_item:short0,train
"Good morning, Can you tell me when order #92564 will ship? Thanks in advance.",order_status,template,order_status:core14,train
"Hello team, The electric kettle I ordered has a broken part right out of the package.",damaged_item,template,damaged_item:core12,test
does the headphones come in black,product_question,template,product_question:short3,train
"Hi, My running shoes arrived broken into pieces, the packaging was torn open too. I ordered it as a gift.",damaged_item,template,damaged_item:core5,test
"To whom it may concern, I want to confirm my picture frame order actually went through and is being processed. Appreciate any info. Cheers, Fatima",order_status,template,order_status:core12,train
"Hi, My order is late. It was supposed to be here already. I can send my receipt if needed. Thank you!",delivery_delay,template,delivery_delay:core24,train
"Hello team, Can someone tell me if my hair dryer has been packed yet? No updates on the site. I can send my receipt if needed. Regards, Luca",order_status,template,order_status:core9,val
Does the blender need batteries or does it plug in? I'm seriously considering never ordering from here again. Thanks.,product_question,template,product_question:core6,test
"Hello team, Is the water bottle you sell the latest model? Thanks in advance.",product_question,template,product_question:core17,train
"Hi, How do I cancel an order I placed 2 days ago? Thanks.",cancellation,template,cancellation:core3,train
show me in which cases can I request to be refunded,refund_request,bitext,bitext:show me in which cases can i request to be refunded,val
"Will the kitchen scale be back in stock soon? This is urgent, I need it for my son's birthday on Monday. Thanks in advance.",product_question,template,product_question:core4,train
"Hey, What's the difference between the two desk lamp models on your site?",product_question,template,product_question:core10,train
could uhelp me cancelin order 55870,cancellation,bitext,bitext:could uhelp me cancelin order order number,train
"I have got to cancel purchase #99353, help me",cancellation,bitext,bitext:i have got to cancel purchase order number help me,train
"Good morning, My water bottle came scratched all over and one part is snapped. It's a gift for an event this weekend so I really need an answer now. Thank you!",damaged_item,template,damaged_item:core20,val
"Hey, Delivery keeps getting pushed back on the tracking page for my electric kettle order. Appreciate any info. Please advise.",delivery_delay,template,delivery_delay:core7,val
"My package is significantly overdue. Regards, Luca",delivery_delay,template,delivery_delay:core17,train
delivery was supposed to happen already but tracking still shows it in a different city. please advise,delivery_delay,template,delivery_delay:core15,test
how to see if there is anything new on my compensation,refund_request,bitext,bitext:how to see if there is anything new on my compensation,train
eta fo order #18819,order_status,bitext,bitext:eta fo order order number,train
"Hello team, I'd like an ETA for my blender, please. Thanks in advance.",order_status,template,order_status:core22,train
"Hello, I'd like an ETA for my bookshelf, please. I need this resolved immediately. Thanks in advance.",order_status,template,order_status:core22,train
"Hey, My package is significantly overdue!! I've emailed twice and nobody has replied. Cheers, Jordan",delivery_delay,template,delivery_delay:core17,train
Is my package still on track to arrive this week? I can't find any status update. Kind of annoyed at this point. Thanks in advance.,order_status,template,order_status:core8,train
assistance cancelling order #97026 I shouldn't have to chase you for this.,cancellation,bitext,bitext:assistance cancelling order order number,train
I want help to see the fucking ETA of the order #53694,order_status,bitext,bitext:i want help to see the fucking eta of the order order number,test
mirror dimensions,product_question,template,product_question:short2,train
"Hello team, I requested a cancellation for order ORD-41633 but it still shows as active. Hope you're having a good day! Thank you!",cancellation,template,cancellation:core17,val
"Hi there, Please cancel order ORD-90747. I've been waiting a long time for this.",cancellation,template,cancellation:core0,val
where could I cancel purchase #82512?,cancellation,bitext,bitext:where could i cancel purchase order number,train
need assistance to check the status of order #69609,order_status,bitext,bitext:need assistance to check the status of order order number,test
"hello, what are the dimensions of the board game?",product_question,template,product_question:core2,test
"I'd like to know the status of order 55017, please!! Please respond ASAP. Thanks in advance.",order_status,template,order_status:core5,val
"What are the dimensions of the hair dryer? Cheers, Sam",product_question,template,product_question:core2,test
received a defective desk lamp,damaged_item,template,damaged_item:short7,train
where can i see the current status of purchase #76648,order_status,bitext,bitext:where can i see the current status of purchase order number,train
where could i check order #47409 fucking curent status,order_status,bitext,bitext:where could i check order order number fucking curent status,val
is smartwatch compatible with Windows 11,product_question,template,product_question:short8,train
I do not know how I could receive an reimbursement of money,refund_request,bitext,bitext:i do not know how i could receive an reimbursement of money,train
throw blanket material?,product_question,template,product_question:short9,train
"Hey, My order arrived with the box soaked and the night lamp inside no longer works. Kind of annoyed at this point. Please advise.",damaged_item,template,damaged_item:core14,train
"I was charged twice for order ORD-37479, please refund the duplicate charge. Honestly I'm at my wits' end. Thanks.",refund_request,template,refund_request:core10,train
I need an answer before Tuesday. where can I check the current status of my rebate?,refund_request,bitext,bitext:where can i check the current status of my rebate,train
"Hello team, What material is the hair dryer made of? Thanks in advance.",product_question,template,product_question:core5,train
"Hey, My order #97433 is now 6 days late. Can you tell me what's causing the delay? Regards, Maria",delivery_delay,template,delivery_delay:core4,val
"Hi, I ordered a duvet cover 8 days ago and still don't have a tracking number. Is that normal? I've been waiting a long time for this. Thank you!",order_status,template,order_status:core3,train
"Hey, The robot vacuum isn't as described on the website, I'd like to return it for a refund. Please treat this as a priority, I'm travelling soon.",refund_request,template,refund_request:core8,train
"Hello team, MY BLUETOOTH SPEAKER ARRIVED SOAKING WET AND THE BOX WAS FALLING APART, THE ITEM ITSELF IS STAINED!! If this isn't fixed I'm filing a chargeback with my bank. Thank you!",damaged_item,template,damaged_item:core8,train
is the bookshelf waterproof,product_question,template,product_question:short1,val
"Hello, Tracking says 'out for delivery' since yesterday but nothing has shown up. Not happy about this at all. Regards, Aisha",delivery_delay,template,delivery_delay:core3,train
I was promised delivery days ago and it's still not here. I expected better from your store. Thanks.,delivery_delay,template,delivery_delay:core6,train
How do I cancel an order I placed a week ago?,cancellation,template,cancellation:core3,train
wireless mouse is dented,damaged_item,template,damaged_item:short8,val
is my oder cnfirmed,order_status,template,order_status:short8,train
How do I cancel an order I placed 3 days ago? Thanks.,cancellation,template,cancellation:core3,train
is it possible to check order #27987 current status?,order_status,bitext,bitext:is it possible to check order order number current status,train
i want assistance cancelling order #92397,cancellation,bitext,bitext:i want assistance cancelling order order number,train
"Hey, I want to cancel the yoga mat from my order but keep the rest. I expected better from your store. Thanks.",cancellation,template,cancellation:core9,train
II need to see your reimbursement policy,refund_request,bitext,bitext:ii need to see your reimbursement policy,train
can I see order #78955 current status?,order_status,bitext,bitext:can i see order order number current status,train
"Does the headphones come with a warranty? Regards, Sam",product_question,template,product_question:core0,val
nee to locate purchase #73532 help me,order_status,bitext,bitext:nee to locate purchase order number help me,train
"Hey, Delivery was supposed to happen already but tracking still shows it in a different city. Thanks in advance.",delivery_delay,template,delivery_delay:core15,test
I do not know how to see the status of purchase #41779,order_status,bitext,bitext:i do not know how to see the status of purchase order number,test
The throw blanket arrived with missing pieces and a cracked casing. Hope you're having a good day!,damaged_item,template,damaged_item:core11,train
please cancel my order Kind of annoyed at this point.,cancellation,template,cancellation:short2,train
"I have to check purchase 46458 status, I need help",order_status,bitext,bitext:i have to check purchase order number status i need help,train
"hi there, the estimated delivery date has already passed and i sitll haven't received my toolset. i ordered it as a gift. please advise",delivery_delay,template,delivery_delay:core1,train
"Good morning, I'm still waiting on order #89587 that was due 2 days ago. I need this resolved immediately. Thank you!",delivery_delay,template,delivery_delay:core19,train
order 17937 arrived damaged,damaged_item,template,damaged_item:short5,train
the delivery for my desk lamp has been rescheduled multpile times without a clear reason. appreciate any info. tahnks in advance,delivery_delay,template,delivery_delay:core18,test
Is the desk lamp you sell the latest model? Thanks.,product_question,template,product_question:core17,train
"Good morning, Does the mechanical keyboard come with a warranty? I've been waiting a long time for this. Please advise.",product_question,template,product_question:core0,val
"Hello team, I got the electric kettle today but it's broken. I can send photos.",damaged_item,template,damaged_item:core24,train
broken throw blanket received no hurry at all,damaged_item,template,damaged_item:short3,train
"Hey, I got the mechanical keyboard today but it's broken. I can send photos. Thanks.",damaged_item,template,damaged_item:core24,train
return and refund yoga mat,refund_request,template,refund_request:short7,train
"To whom it may concern, Does the office chair have a sleep or auto-off mode? Cheers, Maria",product_question,template,product_question:core20,train
"To whom it may concern, The glass on my coffee maker was shattered in the box. Can I get a replacement or refund? I expected better from your store. Thanks.",damaged_item,template,damaged_item:core19,val
Please respond ASAP. can ya show me the status of order #30308,order_status,bitext,bitext:can ya show me the status of order order number,train
How much weight can the mechanical keyboard hold!! I will be leaving a one-star review. Thanks.,product_question,template,product_question:core12,val
"Hey, Cancel my order please, I found it cheaper elsewhere. I can send my receipt if needed. Thank you!",cancellation,template,cancellation:core4,train
"To whom it may concern, The air fryer was damaged in transit, the corner is crushed and it won't turn on. Cheers, Maria",damaged_item,template,damaged_item:core21,train
"I have to see your refund policy, will you help me?",refund_request,bitext,bitext:i have to see your refund policy will you help me,train
problems with cnceling purchase 30028,cancellation,bitext,bitext:problems with cnceling purchase order number,train
my order is 8 days late whenever you get a chance,delivery_delay,template,delivery_delay:short9,train
"Hi, Is the mirror you sell the latest model? This is completely unacceptable!! Regards, Tom",product_question,template,product_question:core17,train
What are the dimensions of the rice cooker? Thanks.,product_question,template,product_question:core2,test
could I check the goddamn status of the refund?,refund_request,bitext,bitext:could i check the goddamn status of the refund,train
"Hi, Is there a bigger size of the picture frame? Kind of annoyed at this point. Thanks.",product_question,template,product_question:core15,train
"Good morning, When is my laptop stand expected to arrive? My email is the one on the account. Thanks.",order_status,template,order_status:core25,train
"To whom it may concern, The carrier keeps saying 'delivery exception' and my blender is now late.",delivery_delay,template,delivery_delay:core22,train
"To whom it may concern, My refund for order 87748 says 'approved' but the money isn't in my account. This is really frustrating. Thanks in advance.",refund_request,template,refund_request:core13,train
"How do I set up my new blender? The manual isn't clear. Regards, Chen",product_question,template,product_question:core9,test
"Hi there, I was told it would arrive by Wednesday. It's now a week past that. This is really frustrating. Cheers, Chen",delivery_delay,template,delivery_delay:core23,train
have a question about canceling order ORD-77889,cancellation,bitext,bitext:have a question about canceling order order number,train
"Hey, What are the dimensions of the running shoes? I can send my receipt if needed. Regards, Chen",product_question,template,product_question:core2,test
"hey, i'd like a refund for order ord-40852, the garden hose isn't what i expected. please advise",refund_request,template,refund_request:core1,test
where to ask for a rebate of money,refund_request,bitext,bitext:where to ask for a rebate of money,train
"I bought some articles, help me to cancel order 93748",cancellation,bitext,bitext:i bought some articles help me to cancel order order number,test
need help seeing purchase ORD-34486 current status,order_status,bitext,bitext:need help seeing purchase order number current status,train
"To whom it may concern, Is my package still on track to arrive this week? I can't find any status update. I shouldn't have to chase you for this. Regards, Tom",order_status,template,order_status:core8,train
"Hi there, My refund for order #72492 says 'approved' but the money isn't in my account. Cheers, Tom",refund_request,template,refund_request:core13,train
"Hi there, This is the second delay notice I've received for order #73015. What's going on? My email is the one on the account. Cheers, Chen",delivery_delay,template,delivery_delay:core16,train
I cannot see purchase ORD-26912 goddamn current status,order_status,bitext,bitext:i cannot see purchase order number goddamn current status,train
mechanical keyboard is dented,damaged_item,template,damaged_item:short8,val
"To whom it may concern, My order is late. It was supposed to be here already. Thanks in advance.",delivery_delay,template,delivery_delay:core24,train
I don't want purchase #34050,cancellation,bitext,bitext:i dont want purchase order number,train
"Good morning, Is the board game you sell the latest model? Thanks.",product_question,template,product_question:core17,train
winter jacket dimensions,product_question,template,product_question:short2,train
still waiting on reufnd,refund_request,template,refund_request:short4,train
assistance checking the status of purchase #82070,order_status,bitext,bitext:assistance checking the status of purchase order number,val
"Hey, I WANT TO CANCEL THE CAR SEAT COVER FROM MY ORDER BUT KEEP THE REST. Worst customer service I have ever dealt with. Thanks.",cancellation,template,cancellation:core9,train
I'm still waiting on order #60391 that was due two weeks ago. This is completely unacceptable!! Thank you!,delivery_delay,template,delivery_delay:core19,train
"Hello team, How do I clean the night lamp? It's time-sensitive. Thank you!",product_question,template,product_question:core16,train
"good morning, is it too late to cancel order ord-30966? it still says processing. not happy about this at all. thank you",cancellation,template,cancellation:core6,train
anything new on the refund,refund_request,bitext,bitext:anything new on the refund,train
"To whom it may concern, I opened the box and my blender already has a large scratch and dent on it. It's not a big deal, just wanted to ask. Cheers, Priya",damaged_item,template,damaged_item:core7,train
Let me know what you need from me. i need help seeing the goddamn eta of purchae 93584,order_status,bitext,bitext:i need help seeing the goddamn eta of purchae order number,train
how do I see the ETA of the order #47501?,order_status,bitext,bitext:how do i see the eta of the order order number,train
"Good morning, What material is the suitcase made of? Cheers, Chen",product_question,template,product_question:core5,train
is picture frame compatible with my old model Let me know what you need from me.,product_question,template,product_question:short8,train
can I check in which situations can I request refunds? I ordered it as a gift.,refund_request,bitext,bitext:can i check in which situations can i request refunds,train
want assistance to see order #38074 syatus,order_status,bitext,bitext:want assistance to see order order number syatus,val
"Hello team, I placed my order a week ago and it still says processing. Can you check on it? Thanks in advance.",order_status,template,order_status:core0,train
refund for order 70015,refund_request,template,refund_request:short0,train
there's no cancel button on my orer page. how do i cancel order #79671? i'm usually home in the afternoons. tahnks,cancellation,template,cancellation:core10,train
"Hey, How do I cancel an order I placed 10 days ago? Thanks.",cancellation,template,cancellation:core3,train
"I got the water bottle today but it's broken. I can send photos. It's not a big deal, just wanted to ask.",damaged_item,template,damaged_item:core24,train
want help to see ur reimbursement policy,refund_request,bitext,bitext:want help to see ur reimbursement policy,test
"Hey, Can you stop my order from shipping? I want to cancel it.",cancellation,template,cancellation:core8,train
"Hey, The estimated delivery date has already passed and I still haven't received my suitcase. No hurry at all.",delivery_delay,template,delivery_delay:core1,train
"To whom it may concern, I placed an order an hour ago and need to cancel it. Regards, Maria",cancellation,template,cancellation:core14,test
refund for order ord-48565,refund_request,template,refund_request:short0,train
tracking number for 25450?,order_status,template,order_status:short2,train
"Hello team, The return was delivered back to you 10 days ago. Where is my refund of $258.14? Thanks in advance.",refund_request,template,refund_request:core16,train
"Hi there, I got the monitor today but it's broken. I can send photos. Thank you!",damaged_item,template,damaged_item:core24,train
how long until i get my money back I'm usually home in the afternoons.,refund_request,bitext,bitext:how long until i get my money back,train
"Good morning, My package is significantly overdue. Regards, Luca",delivery_delay,template,delivery_delay:core17,train
"Hello, I'd like to cancel my pre-order for the office chair. I've been waiting a long time for this. Regards, Jordan",cancellation,template,cancellation:core15,val
"hey, the mirror i purchased came with a snapped part, unusable as is. thank you",damaged_item,template,damaged_item:core15,train
"To whom it may concern, Delivery keeps getting pushed back on the tracking page for my rice cooker order. It's not a big deal, just wanted to ask. Regards, Maria",delivery_delay,template,delivery_delay:core7,val
"Good morning, DELIVERY KEEPS GETTING PUSHED BACK ON THE TRACKING PAGE FOR MY PICTURE FRAME ORDER. Absolutely ridiculous. Thanks.",delivery_delay,template,delivery_delay:core7,val
"To whom it may concern, My dashboard shows the order as 'pending'. Is that expected? Thanks.",order_status,template,order_status:core10,val
"hi, there's no cancel button on my order page. how do i cancel order #30638? not happy about this at all. thanks",cancellation,template,cancellation:core10,train
"To whom it may concern, How do I set up my new throw blanket? The manual isn't clear.",product_question,template,product_question:core9,test
"Hi there, My package is significantly overdue. Thank you!",delivery_delay,template,delivery_delay:core17,train
I need assistance trackng purchase #15938,order_status,bitext,bitext:i need assistance trackng purchase order number,train
"Hi there, I returned the mechanical keyboard two weeks ago and still haven't received my refund. Let me know what you need from me. Thank you!",refund_request,template,refund_request:core0,val
"Hey, Is order #92349 still on schedule for delivery? Cheers, Tom",order_status,template,order_status:core21,train
"To whom it may concern, My order arrived with the box soaked and the running shoes inside no longer works.",damaged_item,template,damaged_item:core14,train
"I placed an order an hour ago and need to cancel it. Cheers, Priya",cancellation,template,cancellation:core14,test
want help seeing the eta of  purchase #64387,order_status,bitext,bitext:want help seeing the eta of purchase order number,test
damaged headphones,damaged_item,template,damaged_item:short1,train
"My bookshelf arrived broken into pieces, the packaging was torn open too. Thanks in advance.",damaged_item,template,damaged_item:core5,test
cancel order 82512,cancellation,bitext,bitext:cancel order order number,train
desk lamp size guide,product_question,template,product_question:short5,train
I want a full refund for order #42435. Thanks.,refund_request,template,refund_request:core7,train
can ya show me in what cases can i ask for a reimbursement,refund_request,bitext,bitext:can ya show me in what cases can i ask for a reimbursement,train
"To whom it may concern, What stage is order ORD-34761 at right now? I'm pretty disappointed, honestly. Thanks.",order_status,template,order_status:core26,train
tracking number for 15925?,order_status,template,order_status:short2,train
"Hello team, I was told it would arrive by Wednesday. It's now 10 days past that. My email is the one on the account. Please advise.",delivery_delay,template,delivery_delay:core23,train
"Good morning, Is the stand mixer available in other colors? Just curious. Thanks.",product_question,template,product_question:core1,train
i do not know how i could casncel order ORD-23970,cancellation,bitext,bitext:i do not know how i could casncel order order number,train
"Good morning, Is the laptop stand dishwasher safe? My email is the one on the account. Thanks.",product_question,template,product_question:core8,train
"I ordered a blender and when it arrived, the box was completely crushed and the item is broken. I can send my receipt if needed. Thanks.",damaged_item,template,damaged_item:core0,train
where could I see if there is anything new on my refund?,refund_request,bitext,bitext:where could i see if there is anything new on my refund,train
"Good morning, I returned the blender over a week ago and still haven't received my refund. This is the third time I've contacted you about this.",refund_request,template,refund_request:core0,val
is three a bigger size of the toolset? just curious. thanks,product_question,template,product_question:core15,train
"Hey, There's no cancel button on my order page. How do I cancel order 67922?",cancellation,template,cancellation:core10,train
I can't afford purchase #28726,cancellation,bitext,bitext:i cant afford purchase order number,train
I can't see if there is anything new on the refund,refund_request,bitext,bitext:i cant see if there is anything new on the refund,train
"Hello team, I received my order but the wireless mouse is cracked right out of the box. Not happy about this at all. Cheers, Priya",damaged_item,template,damaged_item:core4,test
"Hey, I was told it would arrive by Tuesday. It's now two weeks past that. It's not a big deal, just wanted to ask.",delivery_delay,template,delivery_delay:core23,train
My order confirmation says it shipped but the tracking link isn't working. What's the current status? This is completely unacceptable!! Thank you!,order_status,template,order_status:core4,train
"Hey, I'd like an ETA for my picture frame, please. No rush on this. Thanks.",order_status,template,order_status:core22,train
"Hi there, Do you sell replacement parts for the night lamp?",product_question,template,product_question:core14,train
"Good morning, Half of the blender was smashed when I opened the package. Whenever you get a chance. Thank you!",damaged_item,template,damaged_item:core18,train
"Hi there, I changed my mind, please cancel my order before it's sent. Kind of annoyed at this point. Thanks.",cancellation,template,cancellation:core12,test
"Good morning, Received order #46530 and the kitchen scale is defective, it has a big crack down the side. The order is under my partner's name. Thanks in advance.",damaged_item,template,damaged_item:core22,train
"Hi there, My duvet cover was due on Friday and it never showed up!! This is urgent, I need it for my son's birthday on Friday. Thanks.",delivery_delay,template,delivery_delay:core20,train
"Hi, The shipment has been stuck at the same tracking checkpoint for 5 days now, past the delivery date. Thanks.",delivery_delay,template,delivery_delay:core5,val
I have to check in what situations can I request a refund Honestly I'm at my wits' end.,refund_request,bitext,bitext:i have to check in what situations can i request a refund,train
"Hi there, How much weight can the smartwatch hold? No hurry at all.",product_question,template,product_question:core12,val
"hi there, the courier attempted delivery once and neevr came back, now it's been a week with no upate",delivery_delay,template,delivery_delay:core13,test
"I want a full refund for order ORD-73186. It's not a big deal, just wanted to ask. Please advise.",refund_request,template,refund_request:core7,train
"Hey, I was charged $339.55 but you only refunded part of it. Regards, Maria",refund_request,template,refund_request:core5,train
"Hey, My office chair order has been in transit for 5 days, way longer than the delivery estimate. I shouldn't have to chase you for this. Thanks.",delivery_delay,template,delivery_delay:core14,test
"I can't pay for this item, cancel order ORD-77000 I'm pretty disappointed, honestly.",cancellation,bitext,bitext:i cant pay for this item cancel order order number,train
"Good morning, Can I cancel order 23200 if it has already shipped? Please advise.",cancellation,template,cancellation:core13,test
"I bought some item, cancel purchase ORD-44099",cancellation,bitext,bitext:i bought some item cancel purchase order number,test
want help to check the fucking TEA of the order ORD-27294 I want someone to call me back TODAY.,order_status,bitext,bitext:want help to check the fucking tea of the order order number,train
"Hello team, Just checking in on order #58397. When will it ship? It's not a big deal, just wanted to ask.",order_status,template,order_status:core1,val
"Hey, I got the winter jacket today but it's broken. I can send photos. Thanks in advance.",damaged_item,template,damaged_item:core24,train
i want assistance to track order ORD-70686,order_status,bitext,bitext:i want assistance to track order order number,train
How do I set up my new stand mixer? The manual isn't clear. I need an answer before Sunday.,product_question,template,product_question:core9,test
How do I clean the camera tripod?,product_question,template,product_question:core16,train
"Hello team, Does the toolset have a sleep or auto-off mode?",product_question,template,product_question:core20,train
"hey, the shipment has been stuck at the same tracking checkpoint for 4 days now, past the delivery date. my email is the one on the account. cheers, prya",delivery_delay,template,delivery_delay:core5,val
My package has said 'delayed in transit' for 5 days.,delivery_delay,template,delivery_delay:core21,train
"good morning, i accidentally placed the same order twice. please cancel one of them. regards, sam",cancellation,template,cancellation:core7,train
"Does the bluetooth speaker have a sleep or auto-off mode? Just curious. Cheers, Alex",product_question,template,product_question:core20,train
"Hello team, I was charged twice for order ORD-57948, please refund the duplicate charge. Regards, Maria",refund_request,template,refund_request:core10,train
need assistance cancelling purchase 50306 The order is under my partner's name.,cancellation,bitext,bitext:need assistance cancelling purchase order number,val
"Hey, My package is significantly overdue. Not happy about this at all.",delivery_delay,template,delivery_delay:core17,train
"Hello team, The package is overdue by over a week and the courier won't give me a new date. Please advise.",delivery_delay,template,delivery_delay:core26,train
I need to see in what cases can I ask to be reimbursed,refund_request,bitext,bitext:i need to see in what cases can i ask to be reimbursed,val
"hi there, what is your refund policy for items that have been opened?",refund_request,template,refund_request:core6,train
my oredr is 3 days late,delivery_delay,template,delivery_delay:short9,train
"Hello team, What's the battery life on the hair dryer? Thanks in advance.",product_question,template,product_question:core19,train
"hey, there's no cancel button on my order page. how do i cancel order 27826? this is really frustrating. thank you",cancellation,template,cancellation:core10,train
I'd like to see if there is anything new on the refund,refund_request,bitext,bitext:id like to see if there is anything new on the refund,train
"Hey, I want to cancel the toolset from my order but keep the rest. Please advise.",cancellation,template,cancellation:core9,train
why is my dlivery so late,delivery_delay,template,delivery_delay:short7,train
"Hey, What's happening with order ORD-28939? It's been sitting at 'order received' for a while now. Hope you're having a good day! Cheers, Alex",order_status,template,order_status:core11,train
"Hello team, I want to cancel the kitchen scale from my order but keep the rest.",cancellation,template,cancellation:core9,train
how to use winter jacket,product_question,template,product_question:short6,test
prcel stuck in transit 4 days,delivery_delay,template,delivery_delay:short6,train
I want to cancel the duvet cover from my order but keep the rest. I've been waiting a long time for this. Thanks.,cancellation,template,cancellation:core9,train
does the throw blanket come in black Appreciate any info.,product_question,template,product_question:short3,train
is it possible to cancel purchase 38080 ?,cancellation,bitext,bitext:is it possible to cancel purchase order number,train
"Hey, My dashboard shows the order as 'pending'. Is that expected? Thank you!",order_status,template,order_status:core10,val
cancel the air fryer,cancellation,template,cancellation:short9,train
"Hi, I ordered a laptop stand 2 days ago and still don't have a tracking number. Is that normal? I've emailed twice and nobody has replied. Regards, Sam",order_status,template,order_status:core3,train
refund for order ORD-73135,refund_request,template,refund_request:short0,train
"Hey, The estimated delivery date has already passed and I still haven't received my coffee maker. Regards, Fatima",delivery_delay,template,delivery_delay:core1,train
"Hi, Will the car seat cover be back in stock soon? I need this sorted out today. Thanks.",product_question,template,product_question:core4,train
"to whom it may concern, the pone case was damaged in transit, the corner is crushed and it won't turn on. no rush on this. cheers, sam",damaged_item,template,damaged_item:core21,train
"Hi there, There's no cancel button on my order page. How do I cancel order 16991!! It's a gift for an event this weekend so I really need an answer now. Please advise.",cancellation,template,cancellation:core10,train
"Hello team, The kitchen scale I bought is bent out of shape, definitely damaged during delivery. Cheers, Maria",damaged_item,template,damaged_item:core9,train
My package missed its delivery window and there's been no update since. This is really frustrating.,delivery_delay,template,delivery_delay:core8,val
backpack smashed in box,damaged_item,template,damaged_item:short6,train
"To whom it may concern, My garden hose was due on Monday and it never showed up. This is really frustrating. Regards, Jordan",delivery_delay,template,delivery_delay:core20,train
picture frame warranty?,product_question,template,product_question:short0,val
I requested a cancellation for order 48467 but it still shows as active.,cancellation,template,cancellation:core17,val
I'm waiting for a rebate of $272,refund_request,bitext,bitext:im waiting for a rebate of currency symbolrefund amount,train
check the current status of purchase 59060,order_status,bitext,bitext:check the current status of purchase order number,train
I do not know what I need to do to obtain my money back,refund_request,bitext,bitext:i do not know what i need to do to obtain my money back,train
"The suitcase leaked everywhere inside the box, it's ruined. Appreciate any info. Please advise.",damaged_item,template,damaged_item:core23,train
"to whom it may concern, the eelctric kettle i bught is bent out of shape, definitely damaged during delivery. i will be leaving a one-star review. thanks",damaged_item,template,damaged_item:core9,train
want help demanding a rebate of my money,refund_request,bitext,bitext:want help demanding a rebate of my money,val
i do not know how to cancel purchasw ORD-94080,cancellation,bitext,bitext:i do not know how to cancel purchasw order number,test
"Hi there, Just checking in on order ORD-66419. When will it ship? Whenever you get a chance.",order_status,template,order_status:core1,val
"Is the board game available in other colors? Regards, Alex",product_question,template,product_question:core1,train
"To whom it may concern, Just wondering if my air fryer order has left the warehouse yet.",order_status,template,order_status:core6,test
how to check the current status of order 96057?,order_status,bitext,bitext:how to check the current status of order order number,train
Could you send me the tracking number for order ORD-21802? I'm usually home in the afternoons.,order_status,template,order_status:core18,train
My order confirmation says it shipped but the tracking link isn't working. What's the current status?,order_status,template,order_status:core4,train
"hi there, my order 20972 is now 3 days late. can you tell me what's causing the delay? hope you're having a good day! plese advise",delivery_delay,template,delivery_delay:core4,val
"Hello, My new stand mixer has several parts physically broken off. It arrived like this. The order is under my partner's name. Thanks in advance.",damaged_item,template,damaged_item:core6,val
received a defective night lamp,damaged_item,template,damaged_item:short7,train
does the suitcase come in black,product_question,template,product_question:short3,train
"Hey, My dashboard shows the order as 'pending'. Is that expected? Cheers, Sam",order_status,template,order_status:core10,val
I donot know how to check order 28202 status,order_status,bitext,bitext:i donot know how to check order order number status,train
my smartwatch is overdue,delivery_delay,template,delivery_delay:short1,test
"to whom it may concern, i want to conirm my niht lamp order actually went through and is being processed. thank you",order_status,template,order_status:core12,train
"Hello, Do you sell replacement parts for the wireless mouse? I shouldn't have to chase you for this. Thanks in advance.",product_question,template,product_question:core14,train
picture frame smashed in box,damaged_item,template,damaged_item:short6,train
I have got to obtain a reimbursement,refund_request,bitext,bitext:i have got to obtain a reimbursement,train
My package showed up today but the stand mixer inside is dented and doesn't work anymore. Just curious. Thanks in advance.,damaged_item,template,damaged_item:core2,train
can you help me check the status of my compensation?,refund_request,bitext,bitext:can you help me check the status of my compensation,train
"hi there, my laptop stand arrived broken into pieces, the packaging was torn open too. just curious. regards, jordan",damaged_item,template,damaged_item:core5,test
status of my smartwatch order,order_status,template,order_status:short4,train
"Hello team, My package missed its delivery window and there's been no update since. This is the third time I've contacted you about this. Thanks in advance.",delivery_delay,template,delivery_delay:core8,val
I'm waiting for a reimbjrsement of $401,refund_request,bitext,bitext:im waiting for a reimbjrsement of currency symbolrefund amount,train
"Good morning, I'd like to know the status of order 71481, please. Appreciate any info. Thanks.",order_status,template,order_status:core5,val
"Hello, Can you stop my order from shipping? I want to cancel it. Thanks.",cancellation,template,cancellation:core8,train
"Hi, The carrier keeps saying 'delivery exception' and my night lamp is now late. Regards, Sam",delivery_delay,template,delivery_delay:core22,train
"I want to see my compensation status, I need help",refund_request,bitext,bitext:i want to see my compensation status i need help,train
showing me order #98338 status,order_status,bitext,bitext:showing me order order number status,test
I do not know how I can see the current status of the refund,refund_request,bitext,bitext:i do not know how i can see the current status of the refund,val
"To whom it may concern, My robot vacuum arrived dented and I'd like a replacement!! Please respond ASAP. Thank you!",damaged_item,template,damaged_item:core17,train
where to obtain a restitution of money,refund_request,bitext,bitext:where to obtain a restitution of money,train
"My coffee maker arrived broken into pieces, the packaging was torn open too. I've been waiting a long time for this. Regards, Fatima",damaged_item,template,damaged_item:core5,test
"Hey, What does 'label created' mean on my tracking? Has it actually been picked up? Kind of annoyed at this point. Cheers, Sam",order_status,template,order_status:core17,test
"Hello, The return was delivered back to you 4 days ago. Where is my refund of $97.47? My email is the one on the account.",refund_request,template,refund_request:core16,train
"To whom it may concern, Does the throw blanket come with a warranty? Just curious. Cheers, Fatima",product_question,template,product_question:core0,val
when will i get a restitutiom of money Please respond ASAP.,refund_request,bitext,bitext:when will i get a restitutiom of money,test
need help with cancelling purchase #23356,cancellation,bitext,bitext:need help with cancelling purchase order number,train
is the car seat cover waterproof,product_question,template,product_question:short1,val
order ord-16629 status i expected better from your store,order_status,template,order_status:short1,train
"Hello, The carrier keeps saying 'delivery exception' and my air fryer is now late. Hope you're having a good day! Thanks in advance.",delivery_delay,template,delivery_delay:core22,train
robot vacuum dimensions,product_question,template,product_question:short2,train
"Hey, I received my order but the bookshelf is cracked right out of the box. Please advise.",damaged_item,template,damaged_item:core4,test
i paid $282 for this order want help getting an rebate,refund_request,bitext,bitext:i paid currency symbolrefund amount for this order want help getting an rebate,train
wanna see ur money back plicy,refund_request,bitext,bitext:wanna see ur money back plicy,val
has my mirror shipped,order_status,template,order_status:short3,test
"My sneakers arrived broken into pieces, the packaging was torn open too. Kind of annoyed at this point. Please advise.",damaged_item,template,damaged_item:core5,test
"Hi there, It's been 10 days past the delivery estimate and the courier still hasn't delivered my coffee maker. Thanks.",delivery_delay,template,delivery_delay:core9,train
i dont know how to check purchase #10336 status,order_status,bitext,bitext:i dont know how to check purchase order number status,train
"Hi there, Is the camera tripod you sell the latest model? Please advise.",product_question,template,product_question:core17,train
order ORD-55969 late,delivery_delay,template,delivery_delay:short3,train
i cannot pay for my last item cancel order #61049,cancellation,bitext,bitext:i cannot pay for my last item cancel order order number,val
I want to check the ETA of purchase #78614,order_status,bitext,bitext:i want to check the eta of purchase order number,train
my bluetooth speaker arrived scratched,damaged_item,template,damaged_item:short9,test
I need assistance cancelling order #27361,cancellation,bitext,bitext:i need assistance cancelling order order number,train
"Good morning, Is the duvet cover suitable for a beginner? Thanks in advance.",product_question,template,product_question:core13,train
The return was delivered back to you 8 days ago. Where is my refund of $331.38? My email is the one on the account. Please advise.,refund_request,template,refund_request:core16,train
Kind of annoyed at this point. what do I ned to do to cancel order 84668?,cancellation,bitext,bitext:what do i ned to do to cancel order order number,train
"Hi there, My refund for order ORD-77956 says 'approved' but the money isn't in my account. Thanks in advance.",refund_request,template,refund_request:core13,train
i do not know how i can obtain compensations of my money,refund_request,bitext,bitext:i do not know how i can obtain compensations of my money,test
item daamged in shipping,damaged_item,template,damaged_item:short2,train
"I have to see the ETA of the order ORD-64476, help me",order_status,bitext,bitext:i have to see the eta of the order order number help me,train
"Hi, I'm not satisfied with the picture frame and would like my money back. No hurry at all. Cheers, Jordan",refund_request,template,refund_request:core14,train
"To whom it may concern, I got order ORD-59433 today and the hair dryer is completely shattered inside the packaging.",damaged_item,template,damaged_item:core10,train
"hi, when is my laptop stnd expected to arrive?",order_status,template,order_status:core25,train
"Hey, What material is the night lamp made of?",product_question,template,product_question:core5,train
"Hi, The estimated delivery date has already passed and I still haven't received my stand mixer. Regards, Luca",delivery_delay,template,delivery_delay:core1,train
"Hi there, The camera tripod I ordered came with a large tear. It looks like it was damaged before packing!! I need this sorted out today.",damaged_item,template,damaged_item:core3,val
hair dryer arrived broken i'm usually home in the afternoons,damaged_item,template,damaged_item:short0,train
"Hi there, Is the camera tripod waterproof? Thank you!",product_question,template,product_question:core21,train
need assistance cancelling order 85674,cancellation,bitext,bitext:need assistance cancelling order order number,train
"good morning, is the winter jacekt available in other colors?",product_question,template,product_question:core1,train
"Hi, It's been stuck in customs for 4 days and is now past the delivery estimate. Cheers, Alex",delivery_delay,template,delivery_delay:core25,train
yoga mat smashed in box,damaged_item,template,damaged_item:short6,train
My package is significantly overdue. Just curious. Thanks.,delivery_delay,template,delivery_delay:core17,train
"Good morning, I need to cancel order ORD-37390, I no longer need the headphones. Regards, Tom",cancellation,template,cancellation:core5,train
i have to see order #44995 current status i need help I ordered it as a gift.,order_status,bitext,bitext:i have to see order order number current status i need help,train
"The electric kettle leaked everywhere inside the box, it's ruined. I'm usually home in the afternoons.",damaged_item,template,damaged_item:core23,train
I'm waiting for an refund of $462 has it been processed,refund_request,bitext,bitext:im waiting for an refund of currency symbolrefund amount has it been processed,train
"To whom it may concern, I ordered the wrong phone case by mistake, can you cancel it? Thanks.",cancellation,template,cancellation:core2,train
"Hello team, Can I cancel order 31472 if it has already shipped? This is really frustrating. Please advise.",cancellation,template,cancellation:core13,test
"Hi there, Could you send me the tracking number for order ORD-76296? Appreciate any info.",order_status,template,order_status:core18,train
can you help me cancelling order #62923?,cancellation,bitext,bitext:can you help me cancelling order order number,train
I do not know what to do tro cancel order #27146,cancellation,bitext,bitext:i do not know what to do tro cancel order order number,train
"Hi there, The camera tripod leaked everywhere inside the box, it's ruined. Please advise.",damaged_item,template,damaged_item:core23,train
"hello, i'd like to cancel my pre-order for the mirror. kind of annoyed at this point. thanks",cancellation,template,cancellation:core15,val
"hi there, i received a damaed item. my toolset won't function properly because of vsible damage. please advise",damaged_item,template,damaged_item:core13,test
"Hello, Does the car seat cover work with 220V outlets abroad? Honestly I'm at my wits' end. Cheers, Luca",product_question,template,product_question:core18,val
"Hi there, I'd like to cancel my board game order before it ships. Please advise.",cancellation,template,cancellation:core1,train
trackorder #15720,order_status,bitext,bitext:trackorder order number,train
can you help me to ask for a reimbursement of my money?,refund_request,bitext,bitext:can you help me to ask for a reimbursement of my money,train
how do refunds work appreciate any info,refund_request,template,refund_request:short6,train
my mechanical keboard is overdue,delivery_delay,template,delivery_delay:short1,test
"Hello team, The monitor I bought is bent out of shape, definitely damaged during delivery. Cheers, Tom",damaged_item,template,damaged_item:core9,train
"Hi there, Is the air fryer compatible with Android phones? Cheers, Alex",product_question,template,product_question:core3,train
"Hey, I was promised delivery days ago and it's still not here. Thank you!",delivery_delay,template,delivery_delay:core6,train
"Hi there, My refund for order ORD-21074 says 'approved' but the money isn't in my account. No hurry at all. Regards, Fatima",refund_request,template,refund_request:core13,train
Tracking says 'out for delivery' since yesterday but nothing has shown up. My email is the one on the account. Please advise.,delivery_delay,template,delivery_delay:core3,train
headphones material?,product_question,template,product_question:short9,train
"Hi, I opened the box and my yoga mat already has a large scratch and dent on it. Cheers, Fatima",damaged_item,template,damaged_item:core7,train
"To whom it may concern, The box was fine but the bluetooth speaker inside was broken. Hope you're having a good day! Thanks in advance.",damaged_item,template,damaged_item:core16,train
"Good morning, The garden hose leaked everywhere inside the box, it's ruined. Regards, Priya",damaged_item,template,damaged_item:core23,train
my picture frame is overdue,delivery_delay,template,delivery_delay:short1,test
"Hello team, The glass on my smartwatch was shattered in the box. Can I get a replacement or refund? I will be leaving a one-star review.",damaged_item,template,damaged_item:core19,val
order ord-37773 late,delivery_delay,template,delivery_delay:short3,train
kitchen scale battery life,product_question,template,product_question:short7,train
i cannot check the compensation current status,refund_request,bitext,bitext:i cannot check the compensation current status,test
camceling order #97782,cancellation,bitext,bitext:camceling order order number,train
When will my refund of $216.94 show up on my card? No hurry at all. Thanks.,refund_request,template,refund_request:core2,train
"I can't afford order ORD-61116, I need help to cancel it",cancellation,bitext,bitext:i cant afford order order number i need help to cancel it,train
How much weight can the stand mixer hold!! It's time-sensitive.,product_question,template,product_question:core12,val
"Hi, The tent I ordered arrived cracked. Clearly damaged in shipping. Whenever you get a chance.",damaged_item,template,damaged_item:core1,train
"Good morning, I received a damaged item. My phone case won't function properly because of visible damage. Worst customer service I have ever dealt with. Thanks in advance.",damaged_item,template,damaged_item:core13,test
"hello team, does the sneakers have a sleep or auto-off mode? this is urgent, i need it for my son's birthday on saturday. thank you",product_question,template,product_question:core20,train
"Hi there, The air fryer isn't as described on the website, I'd like to return it for a refund. I can send my receipt if needed.",refund_request,template,refund_request:core8,train
I want to ask for rebates,refund_request,bitext,bitext:i want to ask for rebates,train
i do not knwo how to cancel order 87128,cancellation,bitext,bitext:i do not knwo how to cancel order order number,train
My new desk lamp has several parts physically broken off. It arrived like this. I expected better from your store. Thanks.,damaged_item,template,damaged_item:core6,val
"Good morning, The sneakers I purchased came with a snapped part, unusable as is.",damaged_item,template,damaged_item:core15,train
I want assistance to see the ETA of the order #55890,order_status,bitext,bitext:i want assistance to see the eta of the order order number,train
"Hi there, I got order 76337 today and the headphones is completely shattered inside the packaging.",damaged_item,template,damaged_item:core10,train
I can't aford order ORD-55508,cancellation,bitext,bitext:i cant aford order order number,train
"Hi there, My order ORD-75736 is now 2 days late. Can you tell me what's causing the delay? Thanks.",delivery_delay,template,delivery_delay:core4,val
I have to check in which cases can I request my money back I'm usually home in the afternoons.,refund_request,bitext,bitext:i have to check in which cases can i request my money back,train
The tracking number you sent me shows 'not found' on the carrier site. Thanks.,order_status,template,order_status:core23,train
how can i check if there are any news on my refund This is completely unacceptable!!,refund_request,bitext,bitext:how can i check if there are any news on my refund,train
"Hello team, Is the car seat cover you sell the latest model?",product_question,template,product_question:core17,train
order #48992 status,order_status,template,order_status:short1,train
"Hello team, The courier attempted delivery once and never came back, now it's been over a week with no update. Please respond ASAP.",delivery_delay,template,delivery_delay:core13,test
refnud for order 23429,refund_request,template,refund_request:short0,train
"Hi, My backpack was due on Tuesday and it never showed up. No hurry at all.",delivery_delay,template,delivery_delay:core20,train
help to check the ETA of purchase 95814,order_status,bitext,bitext:help to check the eta of purchase order number,test
Absolutely ridiculous. I do not know how to see your money back guarantee,refund_request,bitext,bitext:i do not know how to see your money back guarantee,train
"Hi there, What material is the blender made of?",product_question,template,product_question:core5,train
I want help to see in which cases can I ask for refunds,refund_request,bitext,bitext:i want help to see in which cases can i ask for refunds,val
show me in what situations can I request refunds,refund_request,bitext,bitext:show me in what situations can i request refunds,train
"Hey, Is the wireless mouse waterproof?",product_question,template,product_question:core21,train
"My refund for order #92745 says 'approved' but the money isn't in my account. I'm pretty disappointed, honestly.",refund_request,template,refund_request:core13,train
money back for sneakers,refund_request,template,refund_request:short8,train
how do refunds work,refund_request,template,refund_request:short6,train
"Good morning, I accidentally placed the same order twice. Please cancel one of them. Thanks in advance.",cancellation,template,cancellation:core7,train
"want assistance getting a rebate Please treat this as a priority, I'm travelling soon.",refund_request,bitext,bitext:want assistance getting a rebate,train
"Hi, My headphones arrived soaking wet and the box was falling apart, the item itself is stained. I need this resolved immediately. Thanks in advance.",damaged_item,template,damaged_item:core8,train
"hey, i chnged my mind about the duvet cover. can i return it and get a refund? not happy about this at all",refund_request,template,refund_request:core12,val
where to know if there is anything new on the rebate,refund_request,bitext,bitext:where to know if there is anything new on the rebate,train
"Hello, Will the phone case be back in stock soon? Cheers, Alex",product_question,template,product_question:core4,train
"Good morning, When will my refund of $174.06 show up on my card? Thank you!",refund_request,template,refund_request:core2,train
"Good morning, The glass on my headphones was shattered in the box. Can I get a replacement or refund? Thank you!",damaged_item,template,damaged_item:core19,val
want assistance canceling order ORD-30676 My email is the one on the account.,cancellation,bitext,bitext:want assistance canceling order order number,train
"Delivery keeps getting pushed back on the tracking page for my smartwatch order!! Please treat this as a priority, I'm travelling soon. Please advise.",delivery_delay,template,delivery_delay:core7,val
"To whom it may concern, The duvet cover I ordered came with a large tear. It looks like it was damaged before packing. I've been waiting a long time for this. Cheers, Aisha",damaged_item,template,damaged_item:core3,val
"Hey, I placed my order 6 days ago and it still says processing. Can you check on it? This is really frustrating. Thanks in advance.",order_status,template,order_status:core0,train
"What's the difference between the two mirror models on your site? Whenever you get a chance. Cheers, Priya",product_question,template,product_question:core10,train
were could i locate purchase #71385 This is completely unacceptable!!,order_status,bitext,bitext:were could i locate purchase order number,train
"To whom it may concern, My air fryer came scratched all over and one part is snapped.",damaged_item,template,damaged_item:core20,val
"Hello team, Has my payment for order #40595 gone through? The status hasn't changed. Thanks in advance.",order_status,template,order_status:core24,train
"To whom it may concern, My package has said 'delayed in transit' for 10 days. Let me know what you need from me. Thank you!",delivery_delay,template,delivery_delay:core21,train
"Hi there, The monitor I bought is bent out of shape, definitely damaged during delivery. Please advise.",damaged_item,template,damaged_item:core9,train
wireless mouse smashed in box,damaged_item,template,damaged_item:short6,train
"Hi there, I sent the monitor back last week. Has the refund been processed? Thanks in advance.",refund_request,template,refund_request:core3,val
MY ORDER ARRIVED WITH THE BOX SOAKED AND THE BOARD GAME INSIDE NO LONGER WORKS. This is the third time I've contacted you about this. Thanks in advance.,damaged_item,template,damaged_item:core14,train
"Hi, Please cancel the water bottle order, my address is wrong and I'll reorder. It's time-sensitive. Thanks.",cancellation,template,cancellation:core16,train
"Hi there, I was told it would arrive by Monday. It's now 8 days past that. No hurry at all. Thank you!",delivery_delay,template,delivery_delay:core23,train
"To whom it may concern, What's happening with order #80785? It's been sitting at 'order received' for a while now. No rush on this. Please advise.",order_status,template,order_status:core11,train
where can I see the fucking status of order ORD-52143?,order_status,bitext,bitext:where can i see the fucking status of order order number,train
refund to original card This is really frustrating.,refund_request,template,refund_request:short9,train
"Hi there, How much weight can the stand mixer hold? I shouldn't have to chase you for this. Cheers, Luca",product_question,template,product_question:core12,val
"Hi, My picture frame arrived soaking wet and the box was falling apart, the item itself is stained. Regards, Chen",damaged_item,template,damaged_item:core8,train
"Hey, It's been two weeks past the delivery estimate and the courier still hasn't delivered my air fryer.",delivery_delay,template,delivery_delay:core9,train
can i check under which circumstances can i request a refund,refund_request,bitext,bitext:can i check under which circumstances can i request a refund,val
Appreciate any info. suitcase battery life,product_question,template,product_question:short7,train
"hello team, when is my smartwatch expected to arrive? the order is under my partner's name. thanks in advance",order_status,template,order_status:core25,train
"To whom it may concern, I paid for expedited shipping but my picture frame is now later than standard delivery would've been. Thank you!",delivery_delay,template,delivery_delay:core12,train
"Hey, I changed my mind about the mirror. Can I return it and get a refund? Thank you!",refund_request,template,refund_request:core12,val
Delivery keeps getting pushed back on the tracking page for my desk lamp order. Thank you!,delivery_delay,template,delivery_delay:core7,val
"Hello team, My order confirmation says it shipped but the tracking link isn't working. What's the current status?",order_status,template,order_status:core4,train
"Good morning, I received my order but the monitor is cracked right out of the box. Regards, Jordan",damaged_item,template,damaged_item:core4,test
order 00123842current status,order_status,bitext,bitext:order 0current status,val
"The shipment has been stuck at the same tracking checkpoint for a week now, past the delivery date. No hurry at all. Regards, Chen",delivery_delay,template,delivery_delay:core5,val
"Hello team, I changed my mind about the car seat cover. Can I return it and get a refund? I've been waiting a long time for this. Cheers, Luca",refund_request,template,refund_request:core12,val
orer #80890 status,order_status,template,order_status:short1,train
"To whom it may concern, Is the water bottle you sell the latest model? Appreciate any info. Regards, Priya",product_question,template,product_question:core17,train
Is there a bigger size of the desk lamp? No rush on this.,product_question,template,product_question:core15,train
"Hey, My running shoes arrived dented and I'd like a replacement. I'm usually home in the afternoons. Cheers, Maria",damaged_item,template,damaged_item:core17,train
i cannot pay for puchase ORD-45992 how could i cancel it,cancellation,bitext,bitext:i cannot pay for puchase order number how could i cancel it,train
"Hey, Is it too late to cancel order #44265? It still says processing. Kind of annoyed at this point.",cancellation,template,cancellation:core6,train
"Hey, I ordered a mirror and when it arrived, the box was completely crushed and the item is broken. Whenever you get a chance.",damaged_item,template,damaged_item:core0,train
I have to see in what cases can I ask for a reimbursement It's time-sensitive.,refund_request,bitext,bitext:i have to see in what cases can i ask for a reimbursement,train
"Hi there, I received my order but the duvet cover is cracked right out of the box. It's time-sensitive.",damaged_item,template,damaged_item:core4,test
"hello team, i haven't gotten any email updates snice i placed my order. can you check where it is? i expected beter from your store. thank you",order_status,template,order_status:core7,val
where do I see the ETA of purchase #70236?,order_status,bitext,bitext:where do i see the eta of purchase order number,train
I try to see the ETA of the purchase ORD-55268,order_status,bitext,bitext:i try to see the eta of the purchase order number,val
"I got the night lamp today but it's broken. I can send photos. Kind of annoyed at this point. Cheers, Priya",damaged_item,template,damaged_item:core24,train
i obught some item help me canceling order 44237,cancellation,bitext,bitext:i obught some item help me canceling order order number,train
I try to check in what cases can I request to be reimbursed,refund_request,bitext,bitext:i try to check in what cases can i request to be reimbursed,train
"Hi there, The carrier keeps saying 'delivery exception' and my kitchen scale is now late. No rush on this. Thank you!",delivery_delay,template,delivery_delay:core22,train
"Hi there, The box was fine but the yoga mat inside was broken. Regards, Sam",damaged_item,template,damaged_item:core16,train
suitcase warranty?,product_question,template,product_question:short0,val
received a defective dvuet cover,damaged_item,template,damaged_item:short7,train
i need help cancelling order #83579,cancellation,bitext,bitext:i need help cancelling order order number,val
"To whom it may concern, I need to cancel order ORD-73619, I no longer need the electric kettle. I'm usually home in the afternoons. Thanks in advance.",cancellation,template,cancellation:core5,train
"Hi, Received order #66912 and the phone case is defective, it has a big crack down the side. Let me know what you need from me. Thanks.",damaged_item,template,damaged_item:core22,train
I ordered it as a gift. I can't see if there is anything new on the compensation,refund_request,bitext,bitext:i cant see if there is anything new on the compensation,train
"I'd like a refund for the mechanical keyboard, I don't need it anymore. Kind of annoyed at this point.",refund_request,template,refund_request:core18,train
The delivery for my electric kettle has been rescheduled multiple times without a clear reason. Thanks.,delivery_delay,template,delivery_delay:core18,test
help locating purchase #40539,order_status,bitext,bitext:help locating purchase order number,train
help me tracking order #33040,order_status,bitext,bitext:help me tracking order order number,test
"The throw blanket I purchased came with a snapped part, unusable as is. Not happy about this at all. Thanks in advance.",damaged_item,template,damaged_item:core15,train
"to whom it may concern, how do i clean the phone case? cheers, aisha",product_question,template,product_question:core16,train
"Hello, I'd like to know the status of order #29583, please. Please advise.",order_status,template,order_status:core5,val
"Good morning, How do I clean the backpack? Please treat this as a priority, I'm travelling soon. Thank you!",product_question,template,product_question:core16,train
robot vacuum material?,product_question,template,product_question:short9,train
"Hello team, My toolset came scratched all over and one part is snapped. I expected better from your store. Thank you!",damaged_item,template,damaged_item:core20,val
"Hello team, The duvet cover was damaged in transit, the corner is crushed and it won't turn on. Appreciate any info. Thank you!",damaged_item,template,damaged_item:core21,train
"What stage is order #16280 at right now? Regards, Luca",order_status,template,order_status:core26,train
"good morning, it's been stuck in cstoms for 2 days and is now past the delivery estimate. cheers, aisha",delivery_delay,template,delivery_delay:core25,train
"I'd like an ETA for my night lamp, please. I need an answer before Wednesday. Thank you!",order_status,template,order_status:core22,train
how can I see purchase #90931 current status?,order_status,bitext,bitext:how can i see purchase order number current status,train
"Hello, I was promised delivery days ago and it's still not here. Kind of annoyed at this point.",delivery_delay,template,delivery_delay:core6,train
I try to see in what cases can I ask for my damn money back If this isn't fixed I'm filing a chargeback with my bank.,refund_request,bitext,bitext:i try to see in what cases can i ask for my damn money back,train
"Hello team, I need to cancel order #97281, I no longer need the garden hose. Thank you!",cancellation,template,cancellation:core5,train
"Does the coffee maker come with a warranty? Let me know what you need from me. Cheers, Chen",product_question,template,product_question:core0,val
"Hi, This is the second delay notice I've received for order #81928. What's going on? I shouldn't have to chase you for this. Thanks in advance.",delivery_delay,template,delivery_delay:core16,train
I need help to see your refund policy This is really frustrating.,refund_request,bitext,bitext:i need help to see your refund policy,train
"Good morning, The delivery date keeps changing every time I check, it's now well past the original estimate. I've been waiting a long time for this. Thanks in advance.",delivery_delay,template,delivery_delay:core10,train
Is the monitor compatible with an iPhone 15?,product_question,template,product_question:core3,train
where to see order #49251 current status?,order_status,bitext,bitext:where to see order order number current status,train
"hi, this is the second delay notice i've received for order 88312. what's going on? thank you",delivery_delay,template,delivery_delay:core16,train
"Hello, I'd like to cancel my picture frame order before it ships. Regards, Chen",cancellation,template,cancellation:core1,train
broken tent received,damaged_item,template,damaged_item:short3,train
"To whom it may concern, The package is overdue by 2 days and the courier won't give me a new date. No hurry at all.",delivery_delay,template,delivery_delay:core26,train
I need help seeing how long reimbursements take,refund_request,bitext,bitext:i need help seeing how long reimbursements take,train
"Good morning, The tracking number you sent me shows 'not found' on the carrier site. Please advise.",order_status,template,order_status:core23,train
Can I cancel order ORD-38900 if it has already shipped? Appreciate any info.,cancellation,template,cancellation:core13,test
"Hello team, I changed my mind about the suitcase. Can I return it and get a refund? Please advise.",refund_request,template,refund_request:core12,val
"Hello, My package missed its delivery window and there's been no update since. Not happy about this at all.",delivery_delay,template,delivery_delay:core8,val
"I want to see your money back guarantee, how can I do it?",refund_request,bitext,bitext:i want to see your money back guarantee how can i do it,test
"To whom it may concern, I received a damaged item. My coffee maker won't function properly because of visible damage. Thanks in advance.",damaged_item,template,damaged_item:core13,test
help me cancelling purchase ORD-37869 My email is the one on the account.,cancellation,bitext,bitext:help me cancelling purchase order number,train
"Hey, What are the dimensions of the backpack? Regards, Priya",product_question,template,product_question:core2,test
"Hello team, I'd like an ETA for my picture frame, please. Kind of annoyed at this point.",order_status,template,order_status:core22,train
"Hello team, The return email said the refund takes 5 days but it's been a week. Let me know what you need from me.",refund_request,template,refund_request:core9,test
"hi, why is my delivery taking so long? it was supposed to arive last week. just curious",delivery_delay,template,delivery_delay:core2,train
"Hi there, I haven't gotten any email updates since I placed my order. Can you check where it is? Regards, Priya",order_status,template,order_status:core7,val
"To whom it may concern, Will the hair dryer be back in stock soon? Just curious. Cheers, Luca",product_question,template,product_question:core4,train
i hasve to see the ETA of order #61964 how can i do it,order_status,bitext,bitext:i hasve to see the eta of order order number how can i do it,val
"Hello team, How do I cancel an order I placed 10 days ago? Just curious. Please advise.",cancellation,template,cancellation:core3,train
duvet cover size guide,product_question,template,product_question:short5,train
help me  see the eta of the purchase 10800,order_status,bitext,bitext:help me see the eta of the purchase order number,train
"To whom it may concern, The delivery date keeps changing every time I check, it's now well past the original estimate. I can send my receipt if needed. Please advise.",delivery_delay,template,delivery_delay:core10,train
"I want to see the status of order ORD-78903, I need help",order_status,bitext,bitext:i want to see the status of order order number i need help,train
cancel robot vcuum odrer,cancellation,template,cancellation:short4,train
cancel order 86998 pls,cancellation,template,cancellation:short8,train
is running shoes compatible with a MacBook,product_question,template,product_question:short8,train
"Hello, Will the monitor be back in stock soon? Cheers, Chen",product_question,template,product_question:core4,train
"hi there, there's no cancel button on my order page. how do i cancel order ord-93913?",cancellation,template,cancellation:core10,train
broken bluetooth speaker received,damaged_item,template,damaged_item:short3,train
"Good morning, I'd like a refund for order #95648, the smartwatch isn't what I expected. Not happy about this at all.",refund_request,template,refund_request:core1,test
"Good morning, I ordered the wrong kitchen scale by mistake, can you cancel it? Kind of annoyed at this point.",cancellation,template,cancellation:core2,train
"To whom it may concern, What's the battery life on the coffee maker?",product_question,template,product_question:core19,train
"Hi, Can the desk lamp be used outdoors? Thanks.",product_question,template,product_question:core7,train
where could I see purchase #75911 status?,order_status,bitext,bitext:where could i see purchase order number status,train
I have to check the goddamn current status of order ORD-84991,order_status,bitext,bitext:i have to check the goddamn current status of order order number,train
"Good morning, Is the backpack waterproof? The order is under my partner's name. Thanks in advance.",product_question,template,product_question:core21,train
help checking your money back policy I've been waiting a long time for this.,refund_request,bitext,bitext:help checking your money back policy,train
"Hello, I placed an order an hour ago and need to cancel it. Thanks.",cancellation,template,cancellation:core14,test
"Good morning, Is the picture frame waterproof? Thanks in advance.",product_question,template,product_question:core21,train
Is the duvet cover dishwasher safe!! I need this sorted out today. Please advise.,product_question,template,product_question:core8,train
No hurry at all. i want help to check the ETA of the oder ORD-41252,order_status,bitext,bitext:i want help to check the eta of the oder order number,train
"hi, my package has said 'delayed in transit' for 8 days!! it's time-sensitive. thank you",delivery_delay,template,delivery_delay:core21,train
"Hi, I changed my mind, please cancel my order before it's sent. I ordered it as a gift. Regards, Tom",cancellation,template,cancellation:core12,test
"Hello team, Delivery keeps getting pushed back on the tracking page for my tent order. I'm usually home in the afternoons. Thanks.",delivery_delay,template,delivery_delay:core7,val
"Hey, I'd like to cancel my picture frame order before it ships. Regards, Alex",cancellation,template,cancellation:core1,train
my suitcase came cracked Not happy about this at all.,damaged_item,template,damaged_item:short4,train
"Hi there, Does the air fryer need batteries or does it plug in? I ordered it as a gift. Thanks.",product_question,template,product_question:core6,test
"delivery delayed It's not a big deal, just wanted to ask.",delivery_delay,template,delivery_delay:short2,train
"Hi, I was charged twice for order #72916, please refund the duplicate charge.",refund_request,template,refund_request:core10,train
see purchase #71797 current status,order_status,bitext,bitext:see purchase order number current status,train
"Hello, What are the dimensions of the toolset?",product_question,template,product_question:core2,test
help  with cancelling order 96511,cancellation,bitext,bitext:help with cancelling order order number,test
"to whom it may concern, it's been 10 days past the delivery estimate and the courier still hasn't delivered my yoga mat",delivery_delay,template,delivery_delay:core9,train
mirror in stock?,product_question,template,product_question:short4,train
winter jacket in stock?,product_question,template,product_question:short4,train
asistance cancelling purchase #10464,cancellation,bitext,bitext:asistance cancelling purchase order number,train
I've been waiting a long time for this. can you show me in which situations can I ask for refunds?,refund_request,bitext,bitext:can you show me in which situations can i ask for refunds,test
wann locate order #84395,order_status,bitext,bitext:wann locate order order number,train
is it possible to ask for an rebate of my money,refund_request,bitext,bitext:is it possible to ask for an rebate of my money,train
I can't pay for purchase ORD-35144,cancellation,bitext,bitext:i cant pay for purchase order number,train
"Hello team, My blender came scratched all over and one part is snapped. I ordered it as a gift. Regards, Sam",damaged_item,template,damaged_item:core20,val
"Hello team, Can I get my money back for the stand mixer? It doesn't fit. Kind of annoyed at this point. Thanks in advance.",refund_request,template,refund_request:core4,train
I have got to see the ETA of purchase ORD-91691,order_status,bitext,bitext:i have got to see the eta of purchase order number,train
I haven't gotten any email updates since I placed my order. Can you check where it is? Hope you're having a good day!,order_status,template,order_status:core7,val
Is the suitcase suitable for a beginner? Thanks in advance.,product_question,template,product_question:core13,train
I want a full refund for order ORD-96912.,refund_request,template,refund_request:core7,train
My order confirmation says it shipped but the tracking link isn't working. What's the current status? Thanks.,order_status,template,order_status:core4,train
"Hi there, The return email said the refund takes 5 days but it's been 4 days. Thank you!",refund_request,template,refund_request:core9,test
"Hello team, I'm still waiting on order #93318 that was due 3 days ago!! This is completely unacceptable!!",delivery_delay,template,delivery_delay:core19,train
"Hello, Does the picture frame need batteries or does it plug in!! Please treat this as a priority, I'm travelling soon. Thanks in advance.",product_question,template,product_question:core6,test
"hi there, does the throw blanket need batteries or does it plug in? cheers, sam",product_question,template,product_question:core6,test
I want assistance demanding rebates of my money,refund_request,bitext,bitext:i want assistance demanding rebates of my money,train
question about canceling purchase #17665,cancellation,bitext,bitext:question about canceling purchase order number,train
"To whom it may concern, Delivery was supposed to happen already but tracking still shows it in a different city. Thanks.",delivery_delay,template,delivery_delay:core15,test
Please respond ASAP. I have to see the ETA of the purchase 31241,order_status,bitext,bitext:i have to see the eta of the purchase order number,val
assistance to track the rebate,refund_request,bitext,bitext:assistance to track the rebate,train
"To whom it may concern, MY ELECTRIC KETTLE ARRIVED SOAKING WET AND THE BOX WAS FALLING APART, THE ITEM ITSELF IS STAINED. My patience has run out. Thanks in advance.",damaged_item,template,damaged_item:core8,train
"To whom it may concern, How do I cancel an order I placed 2 days ago? I'm usually home in the afternoons. Cheers, Jordan",cancellation,template,cancellation:core3,train
i need assistance tracking purchase ORD-21919,order_status,bitext,bitext:i need assistance tracking purchase order number,val
is kitchen scale compatible with Android phones,product_question,template,product_question:short8,train
"Hello team, My package missed its delivery window and there's been no update since. Thanks in advance.",delivery_delay,template,delivery_delay:core8,val
"Hey, My package was supposed to arrive 6 days ago and it's still not here, no courier updates. This is the third time I've contacted you about this. Thanks.",delivery_delay,template,delivery_delay:core0,train
"hlelo team, is the electric kettle waterproof? i need this sorted out tday",product_question,template,product_question:core21,train
"hi, i sent the stand mixer back last week. has the refund been processed? please advise",refund_request,template,refund_request:core3,val
"Please cancel my purchase of the mechanical keyboard and confirm by email. It's not a big deal, just wanted to ask. Thanks in advance.",cancellation,template,cancellation:core11,train
is the air fryer waterroof i want someone to call me back today,product_question,template,product_question:short1,val
"Hey, Is the kitchen scale dishwasher safe? Thanks in advance.",product_question,template,product_question:core8,train
assistance canceling order ORD-21003,cancellation,bitext,bitext:assistance canceling order order number,train
"To whom it may concern, It's been stuck in customs for over a week and is now past the delivery estimate. I shouldn't have to chase you for this. Thanks.",delivery_delay,template,delivery_delay:core25,train
"to whom it may concern, my mirror order has been in transit for 5 days, way longer than the delivery estimate",delivery_delay,template,delivery_delay:core14,test
have problems wth canceling purchase 69087,cancellation,bitext,bitext:have problems wth canceling purchase order number,train
"Hello team, What is your refund policy for items that have been opened? The order is under my partner's name.",refund_request,template,refund_request:core6,train
late delivery #40266,delivery_delay,template,delivery_delay:short8,train
"Hi there, I haven't gotten any email updates since I placed my order. Can you check where it is? This is the third time I've contacted you about this.",order_status,template,order_status:core7,val
"Hi there, The tracking number you sent me shows 'not found' on the carrier site!! I need an answer before Friday. Cheers, Jordan",order_status,template,order_status:core23,train
Is the monitor suitable for a beginner? Kind of annoyed at this point.,product_question,template,product_question:core13,train
need help with canceling order #59797,cancellation,bitext,bitext:need help with canceling order order number,test
"Hi, I received my order but the throw blanket is cracked right out of the box. Honestly I'm at my wits' end. Thank you!",damaged_item,template,damaged_item:core4,test
how to use wireless mouse,product_question,template,product_question:short6,test
"To whom it may concern, Is the mirror dishwasher safe? No rush on this.",product_question,template,product_question:core8,train
"Good morning, I was charged $140.43 but you only refunded part of it. No hurry at all. Please advise.",refund_request,template,refund_request:core5,train
i cannot poay for purchase 80236,cancellation,bitext,bitext:i cannot poay for purchase order number,val
can ya help me to see the ETA of purchase #39817,order_status,bitext,bitext:can ya help me to see the eta of purchase order number,train
"Hello team, The tent I bought is bent out of shape, definitely damaged during delivery. No hurry at all. Please advise.",damaged_item,template,damaged_item:core9,train
"Hello team, Does the rice cooker ship with a charger? Appreciate any info. Thanks.",product_question,template,product_question:core11,train
"Hello, The coffee maker I bought is bent out of shape, definitely damaged during delivery. I shouldn't have to chase you for this. Regards, Maria",damaged_item,template,damaged_item:core9,train
i need assistance to check the status of order 14561,order_status,bitext,bitext:i need assistance to check the status of order order number,train
"I no longer want purchase 29887, can you cancel it?",cancellation,bitext,bitext:i no longer want purchase order number can you cancel it,test
"To whom it may concern, I ordered the wrong kitchen scale by mistake, can you cancel it? Appreciate any info. Cheers, Fatima",cancellation,template,cancellation:core2,train
my running shoes arrived scratched I've been waiting a long time for this.,damaged_item,template,damaged_item:short9,test
"hey, why is my delivery taking so long? it was supposed to arrive last week!! it's a gift for an event this weekend so i really need an answer now. cheers, sam",delivery_delay,template,delivery_delay:core2,train
My package showed up today but the mirror inside is dented and doesn't work anymore. No hurry at all. Thanks in advance.,damaged_item,template,damaged_item:core2,train
I need to see the ETA of purchase00123842,order_status,bitext,bitext:i need to see the eta of purchase0,test
"hi, my camera tripod arrived broken into pieces, the pakaging was torn open too. thanks",damaged_item,template,damaged_item:core5,test
The rice cooker I ordered came with a large tear. It looks like it was damaged before packing. Not happy about this at all. Thanks.,damaged_item,template,damaged_item:core3,val
I need to ask for a rebate of my money No rush on this.,refund_request,bitext,bitext:i need to ask for a rebate of my money,train
I'm still waiting on order ORD-42455 that was due a week ago. Thank you!,delivery_delay,template,delivery_delay:core19,train
"I have got to see the current status of my refund, help me",refund_request,bitext,bitext:i have got to see the current status of my refund help me,train
can you help me locating order #71141?,order_status,bitext,bitext:can you help me locating order order number,train
would you give me information about cancelling orders?,cancellation,bitext,bitext:would you give me information about cancelling orders,train
"Hi, HALF OF THE GARDEN HOSE WAS SMASHED WHEN I OPENED THE PACKAGE. My patience has run out. Cheers, Aisha",damaged_item,template,damaged_item:core18,train
"Hello, My package showed up today but the winter jacket inside is dented and doesn't work anymore. I'm usually home in the afternoons.",damaged_item,template,damaged_item:core2,train
my order is 6 days late,delivery_delay,template,delivery_delay:short9,train
"To whom it may concern, The delivery for my headphones has been rescheduled multiple times without a clear reason.",delivery_delay,template,delivery_delay:core18,test
"Hi, Is there a bigger size of the air fryer? Please advise.",product_question,template,product_question:core15,train
"Hello team, Tracking says 'out for delivery' since yesterday but nothing has shown up!! I need this resolved immediately. Thank you!",delivery_delay,template,delivery_delay:core3,train
"To whom it may concern, Does the garden hose have a sleep or auto-off mode? The order is under my partner's name. Please advise.",product_question,template,product_question:core20,train
The blender I ordered came with a large tear. It looks like it was damaged before packing. Thank you!,damaged_item,template,damaged_item:core3,val
half of the bluetooth speaker was smashed when i opened the package. thank you,damaged_item,template,damaged_item:core18,train
my coffee maker is overdue,delivery_delay,template,delivery_delay:short1,test
i want my money back,refund_request,template,refund_request:short2,test
Is it too late to cancel order 25013? It still says processing. Thanks.,cancellation,template,cancellation:core6,train
This is the third time I've contacted you about this. help me to cancel order  16057,cancellation,bitext,bitext:help me to cancel order order number,train
help seeing in what cases can i request refunds,refund_request,bitext,bitext:help seeing in what cases can i request refunds,train
"Hey, Please cancel order #87316. Please advise.",cancellation,template,cancellation:core0,val
return and refund night lamp,refund_request,template,refund_request:short7,train
"Hi, It's been stuck in customs for 8 days and is now past the delivery estimate. Let me know what you need from me. Thanks in advance.",delivery_delay,template,delivery_delay:core25,train
"Hi, There's no cancel button on my order page. How do I cancel order #71946? Regards, Luca",cancellation,template,cancellation:core10,train
"Hi, My package has said 'delayed in transit' for a week. Regards, Chen",delivery_delay,template,delivery_delay:core21,train
order ord-62997 arrived damaged,damaged_item,template,damaged_item:short5,train
"Good morning, What stage is order #70128 at right now?",order_status,template,order_status:core26,train
"Hello, Is the picture frame suitable for a beginner?",product_question,template,product_question:core13,train
I do not know what to do to obtain a rebate,refund_request,bitext,bitext:i do not know what to do to obtain a rebate,train
help checking in which situations can I ask to be reimbursed,refund_request,bitext,bitext:help checking in which situations can i ask to be reimbursed,train
"Hello, The courier attempted delivery once and never came back, now it's been over a week with no update. My email is the one on the account.",delivery_delay,template,delivery_delay:core13,test
"Hello, Is the winter jacket dishwasher safe? I need this resolved immediately. Cheers, Luca",product_question,template,product_question:core8,train
"To whom it may concern, Does the robot vacuum come with a warranty? Please advise.",product_question,template,product_question:core0,val
order 62098 late,delivery_delay,template,delivery_delay:short3,train
"I ordered a running shoes and when it arrived, the box was completely crushed and the item is broken. Please advise.",damaged_item,template,damaged_item:core0,train
"Hi, Just wondering if my kitchen scale order has left the warehouse yet. I can send my receipt if needed. Thanks.",order_status,template,order_status:core6,test
could I track my damn reimbursement?,refund_request,bitext,bitext:could i track my damn reimbursement,train
"Hi there, CAN YOU TELL ME WHEN ORDER 38618 WILL SHIP? My patience has run out. Regards, Sam",order_status,template,order_status:core14,train
"Hello team, Is the night lamp compatible with an iPhone 15? I need this sorted out today. Please advise.",product_question,template,product_question:core3,train
check current status of purchase #83048,order_status,bitext,bitext:check current status of purchase order number,train
"To whom it may concern, What's the battery life on the headphones? Thank you!",product_question,template,product_question:core19,train
board game arrived broken,damaged_item,template,damaged_item:short0,train
"Hello, Please cancel order #89861. This is the third time I've contacted you about this.",cancellation,template,cancellation:core0,val
"I have paid $154 for this item, how to get my money back?",refund_request,bitext,bitext:i have paid currency symbolrefund amount for this item how to get my money back,test
"Hello team, Please cancel my purchase of the duvet cover and confirm by email. Please advise.",cancellation,template,cancellation:core11,train
i dont khow how to cancel order #15014,cancellation,bitext,bitext:i dont khow how to cancel order order number,val
cancel robot vacuum orer i can send my receipt if neeedd,cancellation,template,cancellation:short4,train
"Hi, Delivery keeps getting pushed back on the tracking page for my bluetooth speaker order. Whenever you get a chance.",delivery_delay,template,delivery_delay:core7,val
"Hello, The shipment has been stuck at the same tracking checkpoint for 10 days now, past the delivery date. Cheers, Alex",delivery_delay,template,delivery_delay:core5,val
I'm trying to see the current status of order #63578,order_status,bitext,bitext:im trying to see the current status of order order number,train
"Hello, My order arrived with the box soaked and the stand mixer inside no longer works.",damaged_item,template,damaged_item:core14,train
"Hi there, I ordered the wrong stand mixer by mistake, can you cancel it? Thanks in advance.",cancellation,template,cancellation:core2,train
"Hi there, My order confirmation says it shipped but the tracking link isn't working. What's the current status?",order_status,template,order_status:core4,train
"Good morning, This is the second delay notice I've received for order 60894. What's going on? Regards, Priya",delivery_delay,template,delivery_delay:core16,train
"Hi there, Delivery keeps getting pushed back on the tracking page for my throw blanket order. Thanks.",delivery_delay,template,delivery_delay:core7,val
I want help to cancle purchase #55309,cancellation,bitext,bitext:i want help to cancle purchase order number,train
I am trying to see the status of purchase 18812,order_status,bitext,bitext:i am trying to see the status of purchase order number,test
DO YOU SELL REPLACEMENT PARTS FOR THE COFFEE MAKER? Absolutely ridiculous. Thanks in advance.,product_question,template,product_question:core14,train
"Hey, My desk lamp was due on Monday and it never showed up.",delivery_delay,template,delivery_delay:core20,train
yoga mat is dented,damaged_item,template,damaged_item:short8,val
"Hi, The return was delivered back to you 2 days ago. Where is my refund of $131.35? The order is under my partner's name. Thanks in advance.",refund_request,template,refund_request:core16,train
"Hi there, Can the throw blanket be used outdoors?",product_question,template,product_question:core7,train
late delivery 80495 Let me know what you need from me.,delivery_delay,template,delivery_delay:short8,train
canyou help me get a compensation?,refund_request,bitext,bitext:canyou help me get a compensation,train
"hi, the deivery for my hair dryer has been rescheduled multpile times without a clear reason. thank you",delivery_delay,template,delivery_delay:core18,test
"Hi there, The winter jacket I ordered arrived cracked. Clearly damaged in shipping. Regards, Tom",damaged_item,template,damaged_item:core1,train
"Hi, I'd like to cancel my pre-order for the coffee maker. Thank you!",cancellation,template,cancellation:core15,val
"Hey, The courier attempted delivery once and never came back, now it's been a week with no update. No hurry at all. Please advise.",delivery_delay,template,delivery_delay:core13,test
"Hi, I'd like an ETA for my board game, please. It's time-sensitive.",order_status,template,order_status:core22,train
"I changed my mind, please cancel my order before it's sent. Please advise.",cancellation,template,cancellation:core12,test
"Hey, It's been stuck in customs for two weeks and is now past the delivery estimate. Let me know what you need from me. Regards, Tom",delivery_delay,template,delivery_delay:core25,train
i have got to locate purchase #67240 help me,order_status,bitext,bitext:i have got to locate purchase order number help me,train
"Hello team, Cancel my order please, I found it cheaper elsewhere.",cancellation,template,cancellation:core4,train
"I can no longer afford purchase ORD-81121, cancel it",cancellation,bitext,bitext:i can no longer afford purchase order number cancel it,val
"To whom it may concern, My electric kettle arrived soaking wet and the box was falling apart, the item itself is stained. This is really frustrating. Thank you!",damaged_item,template,damaged_item:core8,train
parcel stuck in transit two weeks this is completely unacceptable,delivery_delay,template,delivery_delay:short6,train
broken rice cooker received,damaged_item,template,damaged_item:short3,train
"hi, it's been a week past the delivery estimate and the courier sill hasn't delivered my car seat cover. if this isn't fixed i'm fiing a chargeback with my bank",delivery_delay,template,delivery_delay:core9,train
I placed my order over a week ago and it still says processing. Can you check on it? Whenever you get a chance. Thank you!,order_status,template,order_status:core0,train
how do I receive reimbursements of my mopney?,refund_request,bitext,bitext:how do i receive reimbursements of my mopney,train
I need help cancelling oredr #67154,cancellation,bitext,bitext:i need help cancelling oredr order number,train
"Hello team, My office chair arrived dented and I'd like a replacement. Thanks in advance.",damaged_item,template,damaged_item:core17,train
what do I need to do to ask for a compensation of money?,refund_request,bitext,bitext:what do i need to do to ask for a compensation of money,train
"Hello team, It's been stuck in customs for 3 days and is now past the delivery estimate. I need an answer before Monday.",delivery_delay,template,delivery_delay:core25,train
"hello, the return was delivered back to you 6 days ago. where is my refund of $321.32? the oder is under my partner's name. thanks in advance",refund_request,template,refund_request:core16,train
"hello, how do i set up my new yoga mat? the manual isn't clear. let me know what you need from me. please avise",product_question,template,product_question:core9,test
refund to oriinal card,refund_request,template,refund_request:short9,train
where to see purchase ORD-58237 status?,order_status,bitext,bitext:where to see purchase order number status,val
"Hi there, Will the running shoes be back in stock soon? Thanks.",product_question,template,product_question:core4,train
is mirror compatible with a standard us outlet absolutely ridiculous,product_question,template,product_question:short8,train
"Hello team, I'd like to know the status of order #90145, please. Please advise.",order_status,template,order_status:core5,val
"hey, the shipment has been stuck at the same tracking checkpoint for 10 days now, past the delivery date. whenever you get a chance. thank you",delivery_delay,template,delivery_delay:core5,val
how could I see if there are any updates on my refund?,refund_request,bitext,bitext:how could i see if there are any updates on my refund,train
"To whom it may concern, I need to cancel order #48749, I no longer need the camera tripod!! If this isn't fixed I'm filing a chargeback with my bank. Cheers, Maria",cancellation,template,cancellation:core5,train
"I ordered a yoga mat and when it arrived, the box was completely crushed and the item is broken. Regards, Aisha",damaged_item,template,damaged_item:core0,train
"still not delivered, past due date",delivery_delay,template,delivery_delay:short5,train
Whenever you get a chance. i can no longer pay for purchase #70068,cancellation,bitext,bitext:i can no longer pay for purchase order number,test
"Please cancel order ORD-91379. I'm pretty disappointed, honestly. Please advise.",cancellation,template,cancellation:core0,val
"My air fryer order has been in transit for 8 days, way longer than the delivery estimate. I expected better from your store. Cheers, Maria",delivery_delay,template,delivery_delay:core14,test
"Hey, I got the backpack today but it's broken. I can send photos.",damaged_item,template,damaged_item:core24,train
"good morning, does the backpack work with 220v outlets abroad? my patience has run out",product_question,template,product_question:core18,val
there's no cancel button on my order page. how do i cancel order ord-83766? if this isn't fixed i'm filing a chargeback with my bank. thank you,cancellation,template,cancellation:core10,train
"To whom it may concern, I want to cancel the car seat cover from my order but keep the rest. I've emailed twice and nobody has replied. Thanks.",cancellation,template,cancellation:core9,train
is running shoes compatible with a standard US outlet I will be leaving a one-star review.,product_question,template,product_question:short8,train
"I changed my mind, please cancel my order before it's sent. Thanks.",cancellation,template,cancellation:core12,test
"To whom it may concern, Is it too late to cancel order ORD-28941? It still says processing. Not happy about this at all.",cancellation,template,cancellation:core6,train
"hey, is the air fryer waterproof? this is really frustrating",product_question,template,product_question:core21,train
i dont know how to see the eta of order #94497,order_status,bitext,bitext:i dont know how to see the eta of order order number,train
I need assistance tocancel order 82768 I expected better from your store.,cancellation,bitext,bitext:i need assistance tocancel order order number,train
"how to cancel order it's not a big deal, just wanted to ask",cancellation,template,cancellation:short3,train
"hey, could you check the curent status of order 32360? i haven't heard anything since checkout. regards, chen",order_status,template,order_status:core13,train
I requested a cancellation for order ORD-52178 but it still shows as active. Thanks in advance.,cancellation,template,cancellation:core17,val
"Hello team, How do I set up my new hair dryer? The manual isn't clear. It's not a big deal, just wanted to ask. Regards, Priya",product_question,template,product_question:core9,test
"To whom it may concern, It's been 2 days past the delivery estimate and the courier still hasn't delivered my air fryer. Thank you!",delivery_delay,template,delivery_delay:core9,train
i have to check the ETA of order732201349959 i need help,order_status,bitext,bitext:i have to check the eta of order0 i need help,train
help me seeing your money back guarantee,refund_request,bitext,bitext:help me seeing your money back guarantee,train
"Hi, My order ORD-76833 is now 2 days late. Can you tell me what's causing the delay? Regards, Aisha",delivery_delay,template,delivery_delay:core4,val
It's been stuck in customs for 10 days and is now past the delivery estimate. I'm usually home in the afternoons.,delivery_delay,template,delivery_delay:core25,train
"Hey, What material is the office chair made of? Thank you!",product_question,template,product_question:core5,train
"The office chair I ordered arrived cracked. Clearly damaged in shipping. Whenever you get a chance. Cheers, Jordan",damaged_item,template,damaged_item:core1,train
prfoblems with cancelling order #23446,cancellation,bitext,bitext:prfoblems with cancelling order order number,train
"Hello, I was told it would arrive by Sunday. It's now 5 days past that. It's time-sensitive. Thank you!",delivery_delay,template,delivery_delay:core23,train
"Hi, THIS IS THE SECOND DELAY NOTICE I'VE RECEIVED FOR ORDER ORD-24249. WHAT'S GOING ON? This is the third time I've contacted you about this. Cheers, Maria",delivery_delay,template,delivery_delay:core16,train
help me check in which cases can i ask ofr reimbursements,refund_request,bitext,bitext:help me check in which cases can i ask ofr reimbursements,test
"Good morning, Can I get my money back for the mechanical keyboard? It doesn't fit. I need an answer before Friday. Regards, Priya",refund_request,template,refund_request:core4,train
"Good morning, My order #57248 is now 6 days late. Can you tell me what's causing the delay? Thank you!",delivery_delay,template,delivery_delay:core4,val
"Good morning, Delivery keeps getting pushed back on the tracking page for my garden hose order. This is really frustrating.",delivery_delay,template,delivery_delay:core7,val
"Delivery was supposed to happen already but tracking still shows it in a different city. Cheers, Aisha",delivery_delay,template,delivery_delay:core15,test
"Good morning, My refund for order 97158 says 'approved' but the money isn't in my account. No hurry at all. Cheers, Tom",refund_request,template,refund_request:core13,train
"Good morning, Is there a bigger size of the sneakers? I expected better from your store.",product_question,template,product_question:core15,train
"To whom it may concern, My order 73501 is now 10 days late. Can you tell me what's causing the delay? Thanks in advance.",delivery_delay,template,delivery_delay:core4,val
"Good morning, Delivery was supposed to happen already but tracking still shows it in a different city. It's not a big deal, just wanted to ask.",delivery_delay,template,delivery_delay:core15,test
"hi, this is the second dlay noice i've received for order ord-86715. what's going on? it's time-sensitive. please advise",delivery_delay,template,delivery_delay:core16,train
"I bought some bloody articles, cancel order ORD-70931",cancellation,bitext,bitext:i bought some bloody articles cancel order order number,val
"hello team, my bluetooth speaker order has been in transit for 4 days, way longer than the delivery estimate!! this is urgent, i need it for my son's birthday on thursday. cheers, alex",delivery_delay,template,delivery_delay:core14,test
"Good morning, I want to confirm my monitor order actually went through and is being processed. It's a gift for an event this weekend so I really need an answer now.",order_status,template,order_status:core12,train
this is the sceond dleay notice i've received for order #35492. what's going on? i ordered it as a gift. pelase advise,delivery_delay,template,delivery_delay:core16,train
"Just curious. I ordered some products, how to cancel purchase #64496?",cancellation,bitext,bitext:i ordered some products how to cancel purchase order number,train
I need assistance seeing purchase 13783 bloody status,order_status,bitext,bitext:i need assistance seeing purchase order number bloody status,train
Does the electric kettle ship with a charger? No rush on this.,product_question,template,product_question:core11,train
"The shipment has been stuck at the same tracking checkpoint for 4 days now, past the delivery date.",delivery_delay,template,delivery_delay:core5,val
"Hey, Is the phone case suitable for a beginner? Let me know what you need from me. Thanks.",product_question,template,product_question:core13,train
late delivery #23051,delivery_delay,template,delivery_delay:short8,train
package late,delivery_delay,template,delivery_delay:short0,train
"to whom it may concern, i placed my order over a week ago and it still says processing. can you check on it? thnak you",order_status,template,order_status:core0,train
"Hi, The return email said the refund takes 5 days but it's been 2 days!! I've emailed twice and nobody has replied. Please advise.",refund_request,template,refund_request:core9,test
i expect a reimbursement of 239 dollars,refund_request,bitext,bitext:i expect a reimbursement of refund amount dollars,train
"Hello team, My office chair was due on Wednesday and it never showed up. I expected better from your store.",delivery_delay,template,delivery_delay:core20,train
i want to cancel the sneakers from my order but keep the rest. thanks,cancellation,template,cancellation:core9,train
damaged mirror kind of annoyed at this point,damaged_item,template,damaged_item:short1,train
"Hello, I accidentally placed the same order twice. Please cancel one of them. I ordered it as a gift. Please advise.",cancellation,template,cancellation:core7,train
My order arrived with the box soaked and the laptop stand inside no longer works. Thank you!,damaged_item,template,damaged_item:core14,train
need assistance to see the ETA of the purchase 90698,order_status,bitext,bitext:need assistance to see the eta of the purchase order number,train
"hi there, i received a damaged item. my cmera tripod won't funtion properly because of visible damage. worst cutomer service i have ever dealt with. cheers, aiha",damaged_item,template,damaged_item:core13,test
Hope you're having a good day! I can't check the status of purchase 95344,order_status,bitext,bitext:i cant check the status of purchase order number,train
"My order confirmation says it shipped but the tracking link isn't working. What's the current status? Regards, Priya",order_status,template,order_status:core4,train
"Good morning, I was told it would arrive by Tuesday. It's now 6 days past that. Thanks.",delivery_delay,template,delivery_delay:core23,train
"hi, is the desk lamp you sell the latest model? it's time-sensitive",product_question,template,product_question:core17,train
"Cancel my order please, I found it cheaper elsewhere. Whenever you get a chance. Thanks in advance.",cancellation,template,cancellation:core4,train
"hey, it's been stuck in customs for 6 days and is now past the delivery estimate. cheers, priya",delivery_delay,template,delivery_delay:core25,train
"Hello, Can I get the sneakers engraved or personalized? Please advise.",product_question,template,product_question:core22,val
throw blanket arrived broken,damaged_item,template,damaged_item:short0,train
The bluetooth speaker I ordered has a broken part right out of the package. No hurry at all. Thanks.,damaged_item,template,damaged_item:core12,test
"Hi, My order confirmation says it shipped but the tracking link isn't working. What's the current status? My patience has run out. Thanks.",order_status,template,order_status:core4,train
"Can I cancel order #87383 if it has already shipped? It's not a big deal, just wanted to ask.",cancellation,template,cancellation:core13,test
"Good morning, Half of the air fryer was smashed when I opened the package. Kind of annoyed at this point. Thank you!",damaged_item,template,damaged_item:core18,train
check order ORD-93746 current status Kind of annoyed at this point.,order_status,bitext,bitext:check order order number current status,val
"Good morning, Is the garden hose compatible with Android phones? Cheers, Aisha",product_question,template,product_question:core3,train
"To whom it may concern, Does the bluetooth speaker work with 220V outlets abroad? This is really frustrating. Please advise.",product_question,template,product_question:core18,val
"Hello team, The carrier keeps saying 'delivery exception' and my mirror is now late.",delivery_delay,template,delivery_delay:core22,train
"Hey, The box was fine but the rice cooker inside was broken. Thanks.",damaged_item,template,damaged_item:core16,train
how to use bookshelf,product_question,template,product_question:short6,test
I have got to cancel purcahse 60488 This is really frustrating.,cancellation,bitext,bitext:i have got to cancel purcahse order number,val
orer 33490 late,delivery_delay,template,delivery_delay:short3,train
"I was told it would arrive by Thursday. It's now over a week past that. Honestly I'm at my wits' end. Regards, Tom",delivery_delay,template,delivery_delay:core23,train
"The delivery for my garden hose has been rescheduled multiple times without a clear reason. Just curious. Regards, Sam",delivery_delay,template,delivery_delay:core18,test
"Hello, The yoga mat I ordered has a broken part right out of the package. It's not a big deal, just wanted to ask. Thank you!",damaged_item,template,damaged_item:core12,test
"Good morning, Received order 14301 and the toolset is defective, it has a big crack down the side. Please treat this as a priority, I'm travelling soon. Please advise.",damaged_item,template,damaged_item:core22,train
"hey, i received a damaged item. my sneakers won't function properly because of visible damage. regards, jordan",damaged_item,template,damaged_item:core13,test
I received my order but the office chair is cracked right out of the box. I've been waiting a long time for this. Thanks in advance.,damaged_item,template,damaged_item:core4,test
mirror is dented,damaged_item,template,damaged_item:short8,val
i want help asking for a reimbursement of my monney,refund_request,bitext,bitext:i want help asking for a reimbursement of my monney,train
"Hello team, My phone case was due on Sunday and it never showed up.",delivery_delay,template,delivery_delay:core20,train
"need help asking for a reimbursement ofmy money Please treat this as a priority, I'm travelling soon.",refund_request,bitext,bitext:need help asking for a reimbursement ofmy money,train
"Hi, I opened the box and my desk lamp already has a large scratch and dent on it. The order is under my partner's name. Thanks.",damaged_item,template,damaged_item:core7,train
"Hi there, My package showed up today but the blender inside is dented and doesn't work anymore. I've been waiting a long time for this. Thanks in advance.",damaged_item,template,damaged_item:core2,train
"can uhelp me see the goddamn ETA of order ORD-12456 I'm pretty disappointed, honestly.",order_status,bitext,bitext:can uhelp me see the goddamn eta of order order number,train
This is completely unacceptable!! I need help demanding compensations of my money,refund_request,bitext,bitext:i need help demanding compensations of my money,train
I have to know if there is anything wrong with the rebate,refund_request,bitext,bitext:i have to know if there is anything wrong with the rebate,val
"Hi there, Can you tell me when order #40432 will ship? I shouldn't have to chase you for this. Regards, Priya",order_status,template,order_status:core14,train
"hi there, the bookshelf i ordered arrived cracked. clearly damaged in shipping. let me know what you need from me. cheers, alex",damaged_item,template,damaged_item:core1,train
I am waiting for a bloody compensation of 335 dollars,refund_request,bitext,bitext:i am waiting for a bloody compensation of refund amount dollars,train
order #49081 arrived damaged,damaged_item,template,damaged_item:short5,train
"Good morning, Cancel my order please, I found it cheaper elsewhere. Please advise.",cancellation,template,cancellation:core4,train
"Hi there, My wireless mouse came scratched all over and one part is snapped. It's not a big deal, just wanted to ask. Thank you!",damaged_item,template,damaged_item:core20,val
"Hi, Delivery was supposed to happen already but tracking still shows it in a different city. Thanks.",delivery_delay,template,delivery_delay:core15,test
What are the dimensions of the headphones? Whenever you get a chance.,product_question,template,product_question:core2,test
"Hi there, The suitcase I ordered arrived cracked. Clearly damaged in shipping. This is really frustrating. Cheers, Alex",damaged_item,template,damaged_item:core1,train
"Hello, How much weight can the sneakers hold? I've been waiting a long time for this. Please advise.",product_question,template,product_question:core12,val
smartwatch arrived broken,damaged_item,template,damaged_item:short0,train
"To whom it may concern, Is the hair dryer waterproof?",product_question,template,product_question:core21,train
The package is overdue by 2 days and the courier won't give me a new date.,delivery_delay,template,delivery_delay:core26,train
i do not know what to do to check the restitution status,refund_request,bitext,bitext:i do not know what to do to check the restitution status,val
"Good morning, The backpack I ordered has a broken part right out of the package. No rush on this. Cheers, Luca",damaged_item,template,damaged_item:core12,test
"Hi, Delivery was supposed to happen already but tracking still shows it in a different city. This is urgent, I need it for my son's birthday on Wednesday. Thanks in advance.",delivery_delay,template,delivery_delay:core15,test
wanna check how long refunds usuall take can ya help me,refund_request,bitext,bitext:wanna check how long refunds usuall take can ya help me,train
"Hi, The car seat cover I purchased came with a snapped part, unusable as is. Thanks in advance.",damaged_item,template,damaged_item:core15,train
"Hi there, Does the running shoes come with a warranty? My email is the one on the account.",product_question,template,product_question:core0,val
"my package was supposed to arrive two weeks ago and it's still not here, no courier updates. thanks in advance",delivery_delay,template,delivery_delay:core0,train
Whenever you get a chance. could I check if there are any updates on my goddamn rebate?,refund_request,bitext,bitext:could i check if there are any updates on my goddamn rebate,train
The box was fine but the blender inside was broken. Thank you!,damaged_item,template,damaged_item:core16,train
order #39772 arrived dmaaged,damaged_item,template,damaged_item:short5,train
"To whom it may concern, My monitor came scratched all over and one part is snapped. Please advise.",damaged_item,template,damaged_item:core20,val
"Hello team, I received a damaged item. My water bottle won't function properly because of visible damage. My email is the one on the account. Please advise.",damaged_item,template,damaged_item:core13,test
I am trying to check the status of the restitution,refund_request,bitext,bitext:i am trying to check the status of the restitution,test
"good morning, i requested a cancellation for order #67980 but it still shows as active. no rush on this. thanks",cancellation,template,cancellation:core17,val
"Hey, Does the rice cooker have a sleep or auto-off mode? Thanks.",product_question,template,product_question:core20,train
The mechanical keyboard I ordered has a broken part right out of the package.,damaged_item,template,damaged_item:core12,test
"I would like to check order ORD-53065 current status, help me",order_status,bitext,bitext:i would like to check order order number current status help me,train
"I shouldn't have to chase you for this. still not delivered, past due date",delivery_delay,template,delivery_delay:short5,train
I have to check in what cases can I request reimbursements The order is under my partner's name.,refund_request,bitext,bitext:i have to check in what cases can i request reimbursements,train
"I don't want this article, cancel order 28136 It's time-sensitive.",cancellation,bitext,bitext:i dont want this article cancel order order number,train
"To whom it may concern, My dashboard shows the order as 'pending'. Is that expected? I'm pretty disappointed, honestly.",order_status,template,order_status:core10,val
"Good morning, Is the night lamp waterproof? Please advise.",product_question,template,product_question:core21,train
want to cancel my prchase,cancellation,template,cancellation:short5,test
why is my delivrey so late,delivery_delay,template,delivery_delay:short7,train
late delivery #71921,delivery_delay,template,delivery_delay:short8,train
item damaged in shipping Hope you're having a good day!,damaged_item,template,damaged_item:short2,train
Can I cancel order #73762 if it has already shipped!! It's a gift for an event this weekend so I really need an answer now. Please advise.,cancellation,template,cancellation:core13,test
"Hi there, I got order 21328 today and the blender is completely shattered inside the packaging. I expected better from your store. Thanks.",damaged_item,template,damaged_item:core10,train
"The shipment has been stuck at the same tracking checkpoint for 4 days now, past the delivery date. The order is under my partner's name. Thank you!",delivery_delay,template,delivery_delay:core5,val
I need help to see the ETA of the purchase #18232,order_status,bitext,bitext:i need help to see the eta of the purchase order number,train
"to whom it may concern, my mirror arrived dented and i'd like a replacement. my patience has run out",damaged_item,template,damaged_item:core17,train
"is the robot vacuum waterproof This is urgent, I need it for my son's birthday on Wednesday.",product_question,template,product_question:short1,val
have a problem with cancelling purchase #34356,cancellation,bitext,bitext:have a problem with cancelling purchase order number,train
i purchased some fucking item cancel order #41285 I need this resolved immediately.,cancellation,bitext,bitext:i purchased some fucking item cancel order order number,train
board game in stock? I shouldn't have to chase you for this.,product_question,template,product_question:short4,train
"I'd like a refund for the car seat cover, I don't need it anymore. I ordered it as a gift. Thanks.",refund_request,template,refund_request:core18,train
I am waiting for a restitution of 257 dollars,refund_request,bitext,bitext:i am waiting for a restitution of refund amount dollars,test
"Hi there, Does the bookshelf need batteries or does it plug in? Thanks in advance.",product_question,template,product_question:core6,test
"Hi, Delivery keeps getting pushed back on the tracking page for my phone case order. It's not a big deal, just wanted to ask. Thanks in advance.",delivery_delay,template,delivery_delay:core7,val
"Hello team, There's no cancel button on my order page. How do I cancel order #85868? It's not a big deal, just wanted to ask. Cheers, Chen",cancellation,template,cancellation:core10,train
"Good morning, I'm still waiting on order 56394 that was due 5 days ago. No rush on this. Thanks in advance.",delivery_delay,template,delivery_delay:core19,train
"to whom it may concern, the camera tripod arrived with missing pieces and a cracked casing. i shouldn't have to chase you for this. thank you",damaged_item,template,damaged_item:core11,train
"Hi there, I want to cancel the wireless mouse from my order but keep the rest. Thanks.",cancellation,template,cancellation:core9,train
can ya help me cancel order ORD-30052,cancellation,bitext,bitext:can ya help me cancel order order number,train
"Hi there, Received order #22641 and the camera tripod is defective, it has a big crack down the side. No hurry at all. Cheers, Luca",damaged_item,template,damaged_item:core22,train
see in which cases can I ask for my goddamn money back,refund_request,bitext,bitext:see in which cases can i ask for my goddamn money back,train
where can i check the bloody eta of order #91381,order_status,bitext,bitext:where can i check the bloody eta of order order number,train
I want a full refund for order #46328. Just curious. Thanks.,refund_request,template,refund_request:core7,train
"hey, do you sell replacement parts for the stand mixer!! it's time-sensitive. thanks",product_question,template,product_question:core14,train
picture frame arrived broken,damaged_item,template,damaged_item:short0,train
"Hi there, My winter jacket arrived broken into pieces, the packaging was torn open too. I'm seriously considering never ordering from here again. Cheers, Sam",damaged_item,template,damaged_item:core5,test
"Hey, How long do refunds usually take to process? Whenever you get a chance.",refund_request,template,refund_request:core11,train
i have got to see order ORD-20828 status i need assistane,order_status,bitext,bitext:i have got to see order order number status i need assistane,train
would it be possible to cancel purchase ORD-67422,cancellation,bitext,bitext:would it be possible to cancel purchase order number,train
"the hair dryer i ordered has a broken part right out of the package. cheers, sam",damaged_item,template,damaged_item:core12,test
can you help me seeing in what cases can I request a refund?,refund_request,bitext,bitext:can you help me seeing in what cases can i request a refund,train
"To whom it may concern, Is the toolset available in other colors? No hurry at all. Cheers, Aisha",product_question,template,product_question:core1,train
"hi, the bookshelf leaked everywhere inside the box, it's ruined",damaged_item,template,damaged_item:core23,train
is the kitchen scale waterproof,product_question,template,product_question:short1,val
"To whom it may concern, Half of the toolset was smashed when I opened the package.",damaged_item,template,damaged_item:core18,train
I received my order but the kitchen scale is cracked right out of the box. Please advise.,damaged_item,template,damaged_item:core4,test
When will my refund of $113.31 show up on my card? Please advise.,refund_request,template,refund_request:core2,train
picture frame in stock?,product_question,template,product_question:short4,train
cance order 17331,cancellation,bitext,bitext:cance order order number,train
"Hello, What material is the monitor made of?",product_question,template,product_question:core5,train
I  can't check the current status of purchase ORD-22219,order_status,bitext,bitext:i cant check the current status of purchase order number,train
"The tracking number you sent me shows 'not found' on the carrier site. I expected better from your store. Cheers, Maria",order_status,template,order_status:core23,train
can you help me cancelong purchase 58393?,cancellation,bitext,bitext:can you help me cancelong purchase order number,train
assistance seeing your money back policy,refund_request,bitext,bitext:assistance seeing your money back policy,test
"good morning, my coffee maker order has been in transit for 6 days, way longer than the delivery estimate. i'm usually home in the afternoons. thanks in advance",delivery_delay,template,delivery_delay:core14,test
"Can you give me an update on my order status? I haven't received a shipping confirmation for my electric kettle yet. I'm pretty disappointed, honestly. Thanks in advance.",order_status,template,order_status:core2,train
desk lamp in stock?,product_question,template,product_question:short4,train
"To whom it may concern, Received order #33047 and the water bottle is defective, it has a big crack down the side.",damaged_item,template,damaged_item:core22,train
"hello team, my order is late. it was supposed to be here already",delivery_delay,template,delivery_delay:core24,train
need to check the etga of order #55793 help me,order_status,bitext,bitext:need to check the etga of order order number help me,val
"To whom it may concern, Can you tell me when order 26970 will ship!! I've emailed twice and nobody has replied.",order_status,template,order_status:core14,train
need assistance checking order ORD-59308 status,order_status,bitext,bitext:need assistance checking order order number status,test
"Hey, What are the dimensions of the headphones?",product_question,template,product_question:core2,test
"Hey, Has my coffee maker shipped yet? Thanks.",order_status,template,order_status:core15,train
want assistance seeing the ETA of purchase ORD-83242,order_status,bitext,bitext:want assistance seeing the eta of purchase order number,train
is it possible to see if there are any updates on my refund,refund_request,bitext,bitext:is it possible to see if there are any updates on my refund,train
broken board game received,damaged_item,template,damaged_item:short3,train
"Good morning, Does the headphones work with 220V outlets abroad? Honestly I'm at my wits' end.",product_question,template,product_question:core18,val
i cant see if there is anything wrong with my reimbursement,refund_request,bitext,bitext:i cant see if there is anything wrong with my reimbursement,train
"Hello team, Received order #20575 and the kitchen scale is defective, it has a big crack down the side.",damaged_item,template,damaged_item:core22,train
I've been waiting a long time for this. need assistance to check the ETA of order ORD-68115,order_status,bitext,bitext:need assistance to check the eta of order order number,train
I expect an reimbursement of $163,refund_request,bitext,bitext:i expect an reimbursement of currency symbolrefund amount,train
"Good morning, The courier attempted delivery once and never came back, now it's been 8 days with no update. Thanks in advance.",delivery_delay,template,delivery_delay:core13,test
"hello, what's the battery life on the stand mixer? please advise",product_question,template,product_question:core19,train
the monitor i ordered arrived cracked. clearly damaged in shipping. let me know what you need from me,damaged_item,template,damaged_item:core1,train
"My board game was due on Saturday and it never showed up. Regards, Aisha",delivery_delay,template,delivery_delay:core20,train
"Hi there, My order ORD-87027 is now 5 days late. Can you tell me what's causing the delay? Thanks in advance.",delivery_delay,template,delivery_delay:core4,val
"The bookshelf I purchased came with a snapped part, unusable as is.",damaged_item,template,damaged_item:core15,train
When will my refund of $170.53 show up on my card? Thanks in advance.,refund_request,template,refund_request:core2,train
I'd like to cancel my winter jacket order before it ships. I ordered it as a gift.,cancellation,template,cancellation:core1,train
my running shoes came cracked,damaged_item,template,damaged_item:short4,train
"Hello team, I'm still waiting on order ORD-60462 that was due 10 days ago. Cheers, Aisha",delivery_delay,template,delivery_delay:core19,train
Can you stop my order from shipping? I want to cancel it. Thanks in advance.,cancellation,template,cancellation:core8,train
how to demand a rebate?,refund_request,bitext,bitext:how to demand a rebate,train
"Hello team, The delivery for my night lamp has been rescheduled multiple times without a clear reason. Thank you!",delivery_delay,template,delivery_delay:core18,test
board game battery life,product_question,template,product_question:short7,train
"To whom it may concern, Please cancel my purchase of the smartwatch and confirm by email. Thanks in advance.",cancellation,template,cancellation:core11,train
"I ordered a water bottle and when it arrived, the box was completely crushed and the item is broken. Hope you're having a good day! Cheers, Chen",damaged_item,template,damaged_item:core0,train
received a defective winter jacket,damaged_item,template,damaged_item:short7,train
"The carrier keeps saying 'delivery exception' and my duvet cover is now late. Not happy about this at all. Cheers, Tom",delivery_delay,template,delivery_delay:core22,train
"hi, i want a full refund for order 93513. cheers, jordan",refund_request,template,refund_request:core7,train
"I paid for expedited shipping but my picture frame is now later than standard delivery would've been. Cheers, Tom",delivery_delay,template,delivery_delay:core12,train
"Hi there, IS IT TOO LATE TO CANCEL ORDER 45518? IT STILL SAYS PROCESSING. Absolutely ridiculous. Thanks in advance.",cancellation,template,cancellation:core6,train
"Hello team, The rice cooker I ordered has a broken part right out of the package.",damaged_item,template,damaged_item:core12,test
"What material is the phone case made of? Kind of annoyed at this point. Cheers, Alex",product_question,template,product_question:core5,train
"Hello team, The return was delivered back to you 3 days ago. Where is my refund of $322.48? Regards, Maria",refund_request,template,refund_request:core16,train
Can I get the suitcase engraved or personalized?,product_question,template,product_question:core22,val
"Hello, Half of the smartwatch was smashed when I opened the package. Let me know what you need from me. Thanks.",damaged_item,template,damaged_item:core18,train
assistance to receive reimbursements,refund_request,bitext,bitext:assistance to receive reimbursements,train
"I bought some items, help canceling order ORD-97410",cancellation,bitext,bitext:i bought some items help canceling order order number,test
help me seeing purchase 18992 status,order_status,bitext,bitext:help me seeing purchase order number status,val
I need help locatin purchase #57428,order_status,bitext,bitext:i need help locatin purchase order number,train
"What is your refund policy for items that have been opened? Regards, Chen",refund_request,template,refund_request:core6,train
"To whom it may concern, It's been 3 days past the delivery estimate and the courier still hasn't delivered my picture frame. My email is the one on the account. Regards, Priya",delivery_delay,template,delivery_delay:core9,train
"To whom it may concern, My package is significantly overdue. I'm pretty disappointed, honestly.",delivery_delay,template,delivery_delay:core17,train
I am trying to cancel purchaes 22240,cancellation,bitext,bitext:i am trying to cancel purchaes order number,test
need to see the ETA of purchase #96363 how to do it,order_status,bitext,bitext:need to see the eta of purchase order number how to do it,train
under which circumstances can I ask for my money back?,refund_request,bitext,bitext:under which circumstances can i ask for my money back,val
"Hey, MY MIRROR ARRIVED DENTED AND I'D LIKE A REPLACEMENT. I want someone to call me back TODAY. Thank you!",damaged_item,template,damaged_item:core17,train
i need assiostance cancelling order #47196,cancellation,bitext,bitext:i need assiostance cancelling order order number,train
want help to cancel purchase 19287,cancellation,bitext,bitext:want help to cancel purchase order number,train
car seat cover is dented,damaged_item,template,damaged_item:short8,val
I have problems with cancelling purchase ORD-50857 Honestly I'm at my wits' end.,cancellation,bitext,bitext:i have problems with cancelling purchase order number,train
"Good morning, Delivery keeps getting pushed back on the tracking page for my electric kettle order. Cheers, Tom",delivery_delay,template,delivery_delay:core7,val
"I can't afford order ORD-37110, how can I cancel it?",cancellation,bitext,bitext:i cant afford order order number how can i cancel it,train
"Hello team, I was promised delivery days ago and it's still not here. Worst customer service I have ever dealt with. Please advise.",delivery_delay,template,delivery_delay:core6,train
I need help with canxeling purchase 52245,cancellation,bitext,bitext:i need help with canxeling purchase order number,val
"Hello, It's been stuck in customs for 2 days and is now past the delivery estimate. I can send my receipt if needed.",delivery_delay,template,delivery_delay:core25,train
I shouldn't have to chase you for this. help me check in which cases can I request a refund,refund_request,bitext,bitext:help me check in which cases can i request a refund,train
"I'd like a refund for order ORD-99472, the kitchen scale isn't what I expected. Regards, Jordan",refund_request,template,refund_request:core1,test
can  uhelp me canceling order 24371,cancellation,bitext,bitext:can uhelp me canceling order order number,train
"I want to check order 35856 current status, help me",order_status,bitext,bitext:i want to check order order number current status help me,train
"hello team, my order #76979 is now over a week late. can you tell me what's causing the delay? i'm usally home in the afternoons. thank you",delivery_delay,template,delivery_delay:core4,val
my bluetooth speaker came cracked,damaged_item,template,damaged_item:short4,train
What are the dimensions of the camera tripod? I ordered it as a gift. Thanks in advance.,product_question,template,product_question:core2,test
i have a problem with cancelling order #90173,cancellation,bitext,bitext:i have a problem with cancelling order order number,train
"Hello, The tracking number you sent me shows 'not found' on the carrier site. Cheers, Sam",order_status,template,order_status:core23,train
I ordered it as a gift. track order,order_status,bitext,bitext:track order,val
orer still processing?,order_status,template,order_status:short9,train
i want assistance to track purchase 15741,order_status,bitext,bitext:i want assistance to track purchase order number,train
Delivery keeps getting pushed back on the tracking page for my blender order. Just curious. Thank you!,delivery_delay,template,delivery_delay:core7,val
can you help me see my reimbursement status?,refund_request,bitext,bitext:can you help me see my reimbursement status,train
"good morning, the bookshelf was damaged in transit, the corner is crushed and it won't turn on. appreciate any info. thank you",damaged_item,template,damaged_item:core21,train
how to use headphones no hurry at all,product_question,template,product_question:short6,test
suitcase material?,product_question,template,product_question:short9,train
"Hello, What's the difference between the two laptop stand models on your site? No hurry at all.",product_question,template,product_question:core10,train
"Good morning, My order is late. It was supposed to be here already. I ordered it as a gift.",delivery_delay,template,delivery_delay:core24,train
"hello, what's the difference between the two coffee maker models on your site? i can send my receipt if needed",product_question,template,product_question:core10,train
"Hey, The tent I ordered arrived cracked. Clearly damaged in shipping. Thanks in advance.",damaged_item,template,damaged_item:core1,train
"Hello team, My night lamp arrived broken into pieces, the packaging was torn open too. Just curious. Regards, Tom",damaged_item,template,damaged_item:core5,test
my duvet cver arrived dented and i'd like a replacement. no hurry at all,damaged_item,template,damaged_item:core17,train
"Hi there, What is your refund policy for items that have been opened? Honestly I'm at my wits' end. Please advise.",refund_request,template,refund_request:core6,train
garden hose is dented,damaged_item,template,damaged_item:short8,val
have problems with canceling order #84364,cancellation,bitext,bitext:have problems with canceling order order number,train
"Hey, The courier attempted delivery once and never came back, now it's been 10 days with no update. My patience has run out. Thanks.",delivery_delay,template,delivery_delay:core13,test
"to whom it may concern, my garden hose arrived broken into pieces, the packaging was torn open too. cheers, luca",damaged_item,template,damaged_item:core5,test
eta on order 28312,order_status,template,order_status:short7,train
"Hi, Is the yoga mat waterproof? Just curious.",product_question,template,product_question:core21,train
Delivery was supposed to happen already but tracking still shows it in a different city.,delivery_delay,template,delivery_delay:core15,test
"Hi, Is the bookshelf compatible with Windows 11? I expected better from your store. Thanks.",product_question,template,product_question:core3,train
"hi, the lapotp stand i bought is bent out of shape, definitely damaged during delivery. i need this resolved immediately. cheers, chen",damaged_item,template,damaged_item:core9,train
"hello team, is order #80814 still on schedule for delivery? just curious. thanks in advance",order_status,template,order_status:core21,train
stand mixer warranty? no rush on this,product_question,template,product_question:short0,val
"Hey, Can someone tell me if my board game has been packed yet? No updates on the site. No hurry at all. Please advise.",order_status,template,order_status:core9,val
Absolutely ridiculous. i do not want these article i try to cancel order 89840,cancellation,bitext,bitext:i do not want these article i try to cancel order order number,train
"hello, the laptop stand i purchased came with a snapepd part, unusable as is. i've been waiting a long time for this. thanks",damaged_item,template,damaged_item:core15,train
"To whom it may concern, Delivery keeps getting pushed back on the tracking page for my picture frame order. I ordered it as a gift. Regards, Priya",delivery_delay,template,delivery_delay:core7,val
need to see the damn eta of the purchase ORD-63955 help me,order_status,bitext,bitext:need to see the damn eta of the purchase order number help me,test
"Hi, The blender isn't as described on the website, I'd like to return it for a refund. Please advise.",refund_request,template,refund_request:core8,train
"my headphones order has been in transit for 2 days, way longer than the delivery estimate. regards, chen",delivery_delay,template,delivery_delay:core14,test
"To whom it may concern, Is the air fryer dishwasher safe? Thanks in advance.",product_question,template,product_question:core8,train
"hi there, i'd like an eta for my kitchen scale, please. kind of annoyed at this point. cheers, sam",order_status,template,order_status:core22,train
"Hello, Cancel my order please, I found it cheaper elsewhere. Not happy about this at all. Thank you!",cancellation,template,cancellation:core4,train
"Hi, What does 'label created' mean on my tracking? Has it actually been picked up? Regards, Jordan",order_status,template,order_status:core17,test
"hello team, the headphones arrived with missing pieces and a cracked casing. i'm pretty disappointed, honestly. thanks in avdance",damaged_item,template,damaged_item:core11,train
"Is the blender available in other colors? I expected better from your store. Regards, Luca",product_question,template,product_question:core1,train
"Good morning, Can the hair dryer be used outdoors? Kind of annoyed at this point. Thanks.",product_question,template,product_question:core7,train
"Hello team, Can I get the electric kettle engraved or personalized? Cheers, Sam",product_question,template,product_question:core22,val
"Good morning, Does the yoga mat ship with a charger? I need this resolved immediately. Thanks.",product_question,template,product_question:core11,train
"Hi, Is the laptop stand you sell the latest model? Whenever you get a chance. Cheers, Chen",product_question,template,product_question:core17,train
"Hi, I got the desk lamp today but it's broken. I can send photos. It's not a big deal, just wanted to ask. Thanks in advance.",damaged_item,template,damaged_item:core24,train
"hi there, can i get the tent engraved or personalized? cheers, tom",product_question,template,product_question:core22,val
it's been stuck in customs for 4 days and is now past the delviery estimate. i want someone to call me back today. please advise,delivery_delay,template,delivery_delay:core25,train
my suitcase is overdue,delivery_delay,template,delivery_delay:short1,test
"Hello, My package is significantly overdue. I ordered it as a gift.",delivery_delay,template,delivery_delay:core17,train
"Hi, My headphones order has been in transit for 3 days, way longer than the delivery estimate. I can send my receipt if needed. Please advise.",delivery_delay,template,delivery_delay:core14,test
is it possible to check the statsu of order 15130?,order_status,bitext,bitext:is it possible to check the statsu of order order number,train
"Hi, The throw blanket leaked everywhere inside the box, it's ruined. I've been waiting a long time for this. Please advise.",damaged_item,template,damaged_item:core23,train
"The air fryer leaked everywhere inside the box, it's ruined. I need this resolved immediately.",damaged_item,template,damaged_item:core23,train
"The package is overdue by 3 days and the courier won't give me a new date. It's not a big deal, just wanted to ask. Thank you!",delivery_delay,template,delivery_delay:core26,train
can you help me cancelling purchase ORD-34931?,cancellation,bitext,bitext:can you help me cancelling purchase order number,test
i wan help to cancel purchase ORD-96374,cancellation,bitext,bitext:i wan help to cancel purchase order number,train
"Hi there, Do you sell replacement parts for the running shoes? My patience has run out. Please advise.",product_question,template,product_question:core14,train
"Hello team, How do I set up my new running shoes? The manual isn't clear. Please advise.",product_question,template,product_question:core9,test
assistance seeing if there are any news on my reimbursement,refund_request,bitext,bitext:assistance seeing if there are any news on my reimbursement,train
half of the yoga mat was smashed when i oepned the package. thanks,damaged_item,template,damaged_item:core18,train
i bought some product help me canceling order 57301,cancellation,bitext,bitext:i bought some product help me canceling order order number,train
"hey, the box was fine but the night lamp iside was broken. let me know what you need from me. please advise",damaged_item,template,damaged_item:core16,train
"good morning, how long do refunds usually take to process? please advise",refund_request,template,refund_request:core11,train
I expect a reufnd of $389,refund_request,bitext,bitext:i expect a reufnd of currency symbolrefund amount,train
"Half of the throw blanket was smashed when I opened the package. The order is under my partner's name. Cheers, Tom",damaged_item,template,damaged_item:core18,train
I canno longer afford purchase #85243,cancellation,bitext,bitext:i canno longer afford purchase order number,train
"hello team, the glass on my yoga mat was shattered in the box. can i get a replacement or refund? thank you",damaged_item,template,damaged_item:core19,val
need assistance canceling order 37760,cancellation,bitext,bitext:need assistance canceling order order number,val
"Does the air fryer have a sleep or auto-off mode? It's not a big deal, just wanted to ask. Regards, Maria",product_question,template,product_question:core20,train
help me check in what cases can I ask to be refunded The order is under my partner's name.,refund_request,bitext,bitext:help me check in what cases can i ask to be refunded,train
My order is late. It was supposed to be here already!! I need this resolved immediately.,delivery_delay,template,delivery_delay:core24,train
"Hi there, My package missed its delivery window and there's been no update since.",delivery_delay,template,delivery_delay:core8,val
"Hi, Why is my delivery taking so long? It was supposed to arrive last week. It's not a big deal, just wanted to ask. Please advise.",delivery_delay,template,delivery_delay:core2,train
i dont want order 38683 could i cancel it My patience has run out.,cancellation,bitext,bitext:i dont want order order number could i cancel it,train
"Hello team, My new office chair has several parts physically broken off. It arrived like this. Appreciate any info. Thanks.",damaged_item,template,damaged_item:core6,val
"hey, my wireless mouse was due on saturday and it never showed up. appreciate any info. regards, priya",delivery_delay,template,delivery_delay:core20,train
i have to see the ETA of order 64890 can ya help me,order_status,bitext,bitext:i have to see the eta of order order number can ya help me,train
can i see tye eta of purchase 33028,order_status,bitext,bitext:can i see tye eta of purchase order number,train
I'd like to see ur money back guarantee how to do it,refund_request,bitext,bitext:id like to see ur money back guarantee how to do it,train
night lamp smashed in box whenever you get a chance,damaged_item,template,damaged_item:short6,train
"Good morning, How do I set up my new hair dryer? The manual isn't clear.",product_question,template,product_question:core9,test
"Does the hair dryer ship with a charger? Cheers, Luca",product_question,template,product_question:core11,train
"Hello team, Where can I track my order? I can't find the link in my account. I expected better from your store. Cheers, Maria",order_status,template,order_status:core19,test
sneakers is dented the order is under my partner's name,damaged_item,template,damaged_item:short8,val
can you help me cancel purchase 46421?,cancellation,bitext,bitext:can you help me cancel purchase order number,test
"Hi there, I haven't gotten any email updates since I placed my order. Can you check where it is? I ordered it as a gift. Regards, Priya",order_status,template,order_status:core7,val
i want assistance seeingorder #23566 current status,order_status,bitext,bitext:i want assistance seeingorder order number current status,train
"Hi there, I was charged $14.73 but you only refunded part of it. Thanks.",refund_request,template,refund_request:core5,train
"Hi there, This is the second delay notice I've received for order #75316. What's going on? Honestly I'm at my wits' end. Thanks.",delivery_delay,template,delivery_delay:core16,train
"Hello, I got the board game today but it's broken. I can send photos. Please treat this as a priority, I'm travelling soon. Cheers, Chen",damaged_item,template,damaged_item:core24,train
"Hi there, Half of the robot vacuum was smashed when I opened the package. Thanks.",damaged_item,template,damaged_item:core18,train
"Hello team, Is it too late to cancel order #89606? It still says processing. Cheers, Fatima",cancellation,template,cancellation:core6,train
"I cannot pay for the last purchase I have made, cancel it",cancellation,bitext,bitext:i cannot pay for the last purchase i have made cancel it,train
"Hi there, I never got an order confirmation email for my desk lamp. Did the order go through? Thank you!",order_status,template,order_status:core16,test
"Hi, Can I cancel order #63549 if it has already shipped?",cancellation,template,cancellation:core13,test
"to whom it may concern, the electric kettle i orered came with a large tear. it looks like it was damaged before packing. thank you",damaged_item,template,damaged_item:core3,val
"Hello, What material is the yoga mat made of?",product_question,template,product_question:core5,train
"The delivery date keeps changing every time I check, it's now well past the original estimate.",delivery_delay,template,delivery_delay:core10,train
icannot afford order ORD-78327 could i cancel it,cancellation,bitext,bitext:icannot afford order order number could i cancel it,train
"Hello, Do I get the shipping fee back if I return the mirror? Kind of annoyed at this point. Thanks in advance.",refund_request,template,refund_request:core17,test
"Hi there, I'd like a refund for order ORD-63108, the water bottle isn't what I expected. Please advise.",refund_request,template,refund_request:core1,test
order #32022 late,delivery_delay,template,delivery_delay:short3,train
"bookshelf arrived broken It's not a big deal, just wanted to ask.",damaged_item,template,damaged_item:short0,train
want assistance to cancel order  #59823,cancellation,bitext,bitext:want assistance to cancel order order number,train
i dont know how to cancel purchase ORD-16572,cancellation,bitext,bitext:i dont know how to cancel purchase order number,val
i have to see the status of order #47938 help me,order_status,bitext,bitext:i have to see the status of order order number help me,test
see order 57619 stats,order_status,bitext,bitext:see order order number stats,train
i need help with canceling orer #66822,cancellation,bitext,bitext:i need help with canceling orer order number,val
"The winter jacket was damaged in transit, the corner is crushed and it won't turn on. I expected better from your store. Thanks.",damaged_item,template,damaged_item:core21,train
"good morning, i returned the picture frame a week ago and still haven't received my refund. cheers, prya",refund_request,template,refund_request:core0,val
"Hello, Cancel my order please, I found it cheaper elsewhere. Kind of annoyed at this point. Thanks.",cancellation,template,cancellation:core4,train
"Hello, Is the wireless mouse waterproof? Thanks.",product_question,template,product_question:core21,train
"hello, what's the battery life on the car seat cover? this is really frustrating",product_question,template,product_question:core19,train
i have to see the status of purchase ORD-50642 how do i do it I shouldn't have to chase you for this.,order_status,bitext,bitext:i have to see the status of purchase order number how do i do it,train
The smartwatch I ordered arrived cracked. Clearly damaged in shipping.,damaged_item,template,damaged_item:core1,train
late delivery #89828,delivery_delay,template,delivery_delay:short8,train
does the electric kettle come in black,product_question,template,product_question:short3,train
"good morning, the robot vacuum leaked everywhere inside the box, it's ruined. honestly i'm at my wits' end. thanks in advance",damaged_item,template,damaged_item:core23,train
There's no cancel button on my order page. How do I cancel order #74876? Thank you!,cancellation,template,cancellation:core10,train
"What does 'label created' mean on my tracking? Has it actually been picked up? Regards, Luca",order_status,template,order_status:core17,test
"To whom it may concern, The carrier keeps saying 'delivery exception' and my mirror is now late. It's time-sensitive. Thank you!",delivery_delay,template,delivery_delay:core22,train
i want help to see purchase #12979 status,order_status,bitext,bitext:i want help to see purchase order number status,train
"Hey, I got the headphones today but it's broken. I can send photos. Appreciate any info. Thanks in advance.",damaged_item,template,damaged_item:core24,train
"Hi, The mirror I bought is bent out of shape, definitely damaged during delivery.",damaged_item,template,damaged_item:core9,train
need assistance seeing order #78676 current status,order_status,bitext,bitext:need assistance seeing order order number current status,val
"Good morning, Is the hair dryer you sell the latest model? Thanks.",product_question,template,product_question:core17,train
"Hi, I changed my mind, please cancel my order before it's sent. Just curious. Thank you!",cancellation,template,cancellation:core12,test
"Good morning, How long do refunds usually take to process!! I need this sorted out today. Thanks.",refund_request,template,refund_request:core11,train
my runnnig sohes is overdue,delivery_delay,template,delivery_delay:short1,test
i try to check in which cases can i ask for an reimbursement,refund_request,bitext,bitext:i try to check in which cases can i ask for an reimbursement,test
I have an question about cancelling order #29313,cancellation,bitext,bitext:i have an question about cancelling order order number,test
"Hello, The laptop stand I ordered came with a large tear. It looks like it was damaged before packing!! I will be leaving a one-star review. Please advise.",damaged_item,template,damaged_item:core3,val
camera tripod material?,product_question,template,product_question:short9,train
phone case material? My email is the one on the account.,product_question,template,product_question:short9,train
"Hey, My package missed its delivery window and there's been no update since.",delivery_delay,template,delivery_delay:core8,val
"Hey, Could you check the current status of order 37782? I haven't heard anything since checkout. I ordered it as a gift. Thanks in advance.",order_status,template,order_status:core13,train
"Hi, My stand mixer order has been in transit for 4 days, way longer than the delivery estimate!! Worst customer service I have ever dealt with.",delivery_delay,template,delivery_delay:core14,test
"Hey, I'd like to cancel my mirror order before it ships.",cancellation,template,cancellation:core1,train
"To whom it may concern, Please cancel my purchase of the backpack and confirm by email. Not happy about this at all.",cancellation,template,cancellation:core11,train
I want help to request rebates of money,refund_request,bitext,bitext:i want help to request rebates of money,train
"Hi there, Does the bookshelf work with 220V outlets abroad!! I need this resolved immediately. Thanks.",product_question,template,product_question:core18,val
Has my electric kettle shipped yet? Thanks.,order_status,template,order_status:core15,train
"Hey, The carrier keeps saying 'delivery exception' and my mechanical keyboard is now late. I've been waiting a long time for this. Thanks in advance.",delivery_delay,template,delivery_delay:core22,train
help me to check order ORD-46877 goddamn current status,order_status,bitext,bitext:help me to check order order number goddamn current status,test
late delivery 50930,delivery_delay,template,delivery_delay:short8,train
"Hi there, The delivery for my phone case has been rescheduled multiple times without a clear reason.",delivery_delay,template,delivery_delay:core18,test
"I was charged twice for order 37324, please refund the duplicate charge. I need this resolved immediately.",refund_request,template,refund_request:core10,train
"To whom it may concern, I'd like an ETA for my bluetooth speaker, please. Regards, Aisha",order_status,template,order_status:core22,train
"The delivery for my robot vacuum has been rescheduled multiple times without a clear reason. I shouldn't have to chase you for this. Cheers, Jordan",delivery_delay,template,delivery_delay:core18,test
Delivery keeps getting pushed back on the tracking page for my hair dryer order. Kind of annoyed at this point.,delivery_delay,template,delivery_delay:core7,val
"Is the bluetooth speaker suitable for a beginner? I shouldn't have to chase you for this. Cheers, Priya",product_question,template,product_question:core13,train
money back for coffee maker,refund_request,template,refund_request:short8,train
"Hi there, I was told it would arrive by Wednesday. It's now over a week past that. Cheers, Maria",delivery_delay,template,delivery_delay:core23,train
could you help me to cancel purchase ORD-24168?,cancellation,bitext,bitext:could you help me to cancel purchase order number,train
"Hello, The carrier keeps saying 'delivery exception' and my wireless mouse is now late. Thank you!",delivery_delay,template,delivery_delay:core22,train
need help to ask for restitutions of my money,refund_request,bitext,bitext:need help to ask for restitutions of my money,test
"Hi there, The estimated delivery date has already passed and I still haven't received my mechanical keyboard. Thank you!",delivery_delay,template,delivery_delay:core1,train
I want to check in what cases can I request to be reimbursed,refund_request,bitext,bitext:i want to check in what cases can i request to be reimbursed,train
"Hello team, I accidentally placed the same order twice. Please cancel one of them. The order is under my partner's name. Regards, Tom",cancellation,template,cancellation:core7,train
"What's the battery life on the mirror? Regards, Aisha",product_question,template,product_question:core19,train
"Hi there, My package has said 'delayed in transit' for over a week. No hurry at all.",delivery_delay,template,delivery_delay:core21,train
late delivery ORD-84261 Absolutely ridiculous.,delivery_delay,template,delivery_delay:short8,train
"Does the tent work with 220V outlets abroad? Kind of annoyed at this point. Cheers, Maria",product_question,template,product_question:core18,val
"Hello team, The box was fine but the yoga mat inside was broken. Thanks.",damaged_item,template,damaged_item:core16,train
"Hello team, Please cancel the phone case order, my address is wrong and I'll reorder. Cheers, Fatima",cancellation,template,cancellation:core16,train
"can you stop my order from shipping? i want to cancel it. not hapy about this at all. regards, sam",cancellation,template,cancellation:core8,train
My package showed up today but the backpack inside is dented and doesn't work anymore. No rush on this. Thank you!,damaged_item,template,damaged_item:core2,train
can I check purchase #98984 current status?,order_status,bitext,bitext:can i check purchase order number current status,train
assistance to check in what situations acn I request refunds,refund_request,bitext,bitext:assistance to check in what situations acn i request refunds,train
Can someone tell me if my backpack has been packed yet? No updates on the site. Hope you're having a good day! Please advise.,order_status,template,order_status:core9,val
how to cancel purchase #97500?,cancellation,bitext,bitext:how to cancel purchase order number,train
"Hi, I CHANGED MY MIND ABOUT THE RUNNING SHOES. CAN I RETURN IT AND GET A REFUND!! This is completely unacceptable!! Thank you!",refund_request,template,refund_request:core12,val
I am trying to receive a restitution of money,refund_request,bitext,bitext:i am trying to receive a restitution of money,train
"Good morning, Can you give me an update on my order status? I haven't received a shipping confirmation for my coffee maker yet. Hope you're having a good day! Thank you!",order_status,template,order_status:core2,train
"Hello, What are the dimensions of the electric kettle? My email is the one on the account. Cheers, Jordan",product_question,template,product_question:core2,test
tent arrived broken,damaged_item,template,damaged_item:short0,train
my air fryer is overdue i shouldn't have to chase you for this,delivery_delay,template,delivery_delay:short1,test
order #27862 arrived damaged,damaged_item,template,damaged_item:short5,train
"To whom it may concern, I was charged $53.32 but you only refunded part of it. Kind of annoyed at this point. Regards, Priya",refund_request,template,refund_request:core5,train
"To whom it may concern, Just wondering if my phone case order has left the warehouse yet. Thank you!",order_status,template,order_status:core6,test
"Hello, When is my electric kettle expected to arrive? No hurry at all.",order_status,template,order_status:core25,train
"hi there, is it too late to cancel order ord-86254? it still says processing",cancellation,template,cancellation:core6,train
"Hello team, Is the car seat cover available in other colors? Thank you!",product_question,template,product_question:core1,train
"Good morning, I ordered the wrong headphones by mistake, can you cancel it? Please advise.",cancellation,template,cancellation:core2,train
"I cannot afford order ORD-37549, I need help canceling it",cancellation,bitext,bitext:i cannot afford order order number i need help canceling it,test
"To whom it may concern, Do you sell replacement parts for the duvet cover? Thanks.",product_question,template,product_question:core14,train
"Hey, My order is late. It was supposed to be here already. Thanks.",delivery_delay,template,delivery_delay:core24,train
"Good morning, Does the car seat cover need batteries or does it plug in? My email is the one on the account.",product_question,template,product_question:core6,test
"Good morning, Does the picture frame work with 220V outlets abroad? It's not a big deal, just wanted to ask. Thanks in advance.",product_question,template,product_question:core18,val
"Good morning, I haven't gotten any email updates since I placed my order. Can you check where it is?",order_status,template,order_status:core7,val
"good morning, will the winter jacket be back in stock soon? i expected betetr from your store. please advise",product_question,template,product_question:core4,train
my garden hose arrived scratched,damaged_item,template,damaged_item:short9,test
"To whom it may concern, My order 62474 is now 10 days late. Can you tell me what's causing the delay? I expected better from your store. Thank you!",delivery_delay,template,delivery_delay:core4,val
"hey, i received a damaged item. my toolset won't function properly bcause of visible damage. honstly i'm at my wits' end. thank you",damaged_item,template,damaged_item:core13,test
"Hi, The delivery date keeps changing every time I check, it's now well past the original estimate. Whenever you get a chance. Regards, Chen",delivery_delay,template,delivery_delay:core10,train
"To whom it may concern, The delivery date keeps changing every time I check, it's now well past the original estimate. I shouldn't have to chase you for this. Thank you!",delivery_delay,template,delivery_delay:core10,train
"To whom it may concern, The car seat cover was damaged in transit, the corner is crushed and it won't turn on. Appreciate any info. Regards, Maria",damaged_item,template,damaged_item:core21,train
help me get a refund of my moneyu I'm usually home in the afternoons.,refund_request,bitext,bitext:help me get a refund of my moneyu,val
I don't know how I can receive compensations,refund_request,bitext,bitext:i dont know how i can receive compensations,train
what's the difference between the two car seat cover models on your site? thank you,product_question,template,product_question:core10,train
"Hello, My order confirmation says it shipped but the tracking link isn't working. What's the current status? Not happy about this at all. Thanks in advance.",order_status,template,order_status:core4,train
"Hello team, I was charged twice for order #42020, please refund the duplicate charge. Cheers, Chen",refund_request,template,refund_request:core10,train
I never got an order confirmation email for my bookshelf. Did the order go through? This is really frustrating. Please advise.,order_status,template,order_status:core16,test
help cancelling my bloody purchase,cancellation,bitext,bitext:help cancelling my bloody purchase,test
my night lamp came cracked,damaged_item,template,damaged_item:short4,train
"To whom it may concern, I returned the wireless mouse 3 days ago and still haven't received my refund. My email is the one on the account. Please advise.",refund_request,template,refund_request:core0,val
"Hello, Is the mirror available in other colors? The order is under my partner's name. Thanks in advance.",product_question,template,product_question:core1,train
"Hi, The hair dryer I purchased came with a snapped part, unusable as is. Thanks in advance.",damaged_item,template,damaged_item:core15,train
"Good morning, Delivery was supposed to happen already but tracking still shows it in a different city. Please advise.",delivery_delay,template,delivery_delay:core15,test
"good morning, can the refund go to my original paymnet method? just curious. cheers, priya",refund_request,template,refund_request:core15,train
howcan i receive a reimbursement,refund_request,bitext,bitext:howcan i receive a reimbursement,train
"good morning, i opened the box and my picture frame already has a lrage scratch and dent on it. my email is the one on the account",damaged_item,template,damaged_item:core7,train
"It's been 5 days past the delivery estimate and the courier still hasn't delivered my phone case. Regards, Sam",delivery_delay,template,delivery_delay:core9,train
when will i obtain a reimbursement of money,refund_request,bitext,bitext:when will i obtain a reimbursement of money,train
"Hello team, I'm not satisfied with the picture frame and would like my money back. I expected better from your store. Thanks in advance.",refund_request,template,refund_request:core14,train
"Good morning, This is the second delay notice I've received for order #53472. What's going on? I'm pretty disappointed, honestly.",delivery_delay,template,delivery_delay:core16,train
"Hello team, The shipment has been stuck at the same tracking checkpoint for 4 days now, past the delivery date. Let me know what you need from me. Thanks.",delivery_delay,template,delivery_delay:core5,val
order #59779 arrived damaged,damaged_item,template,damaged_item:short5,train
"I need to check in what cases can I request refunds, help me",refund_request,bitext,bitext:i need to check in what cases can i request refunds help me,train
I want help canceling order #31174,cancellation,bitext,bitext:i want help canceling order order number,train
How much weight can the bookshelf hold? Please advise.,product_question,template,product_question:core12,val
"To whom it may concern, Can you tell me when order #60882 will ship? If this isn't fixed I'm filing a chargeback with my bank. Thanks in advance.",order_status,template,order_status:core14,train
where to see if there are any updates on the refund?,refund_request,bitext,bitext:where to see if there are any updates on the refund,train
"Hello, I requested a cancellation for order #16743 but it still shows as active. Thanks in advance.",cancellation,template,cancellation:core17,val
"good morning, it's been stuck in customs for 4 days and is now past the delivery estimate. i'm usually home in the afternoons",delivery_delay,template,delivery_delay:core25,train
"To whom it may concern, I paid for expedited shipping but my wireless mouse is now later than standard delivery would've been. I've emailed twice and nobody has replied.",delivery_delay,template,delivery_delay:core12,train
"Hey, The running shoes I purchased came with a snapped part, unusable as is. Regards, Luca",damaged_item,template,damaged_item:core15,train
where do i request a reimbursement of money,refund_request,bitext,bitext:where do i request a reimbursement of money,val
"To whom it may concern, The box was fine but the throw blanket inside was broken. I shouldn't have to chase you for this. Cheers, Tom",damaged_item,template,damaged_item:core16,train
I can send my receipt if needed. receiving rebate,refund_request,bitext,bitext:receiving rebate,test
"To whom it may concern, MY PACKAGE IS SIGNIFICANTLY OVERDUE. I've emailed twice and nobody has replied.",delivery_delay,template,delivery_delay:core17,train
"Hi there, Is the running shoes dishwasher safe!! I need an answer before Wednesday. Thanks in advance.",product_question,template,product_question:core8,train
"Hey, The estimated delivery date has already passed and I still haven't received my stand mixer. Please respond ASAP.",delivery_delay,template,delivery_delay:core1,train
"Hello, Can the robot vacuum be used outdoors? Thanks in advance.",product_question,template,product_question:core7,train
"To whom it may concern, My bookshelf was due on Sunday and it never showed up. Regards, Tom",delivery_delay,template,delivery_delay:core20,train
i want help seeing purchase #69988 current status,order_status,bitext,bitext:i want help seeing purchase order number current status,train
"Hi, Why is my delivery taking so long? It was supposed to arrive last week. Cheers, Maria",delivery_delay,template,delivery_delay:core2,train
I WAS TOLD IT WOULD ARRIVE BY WEDNESDAY. IT'S NOW A WEEK PAST THAT. I've emailed twice and nobody has replied. Please advise.,delivery_delay,template,delivery_delay:core23,train
"Hi, Is order 84667 still on schedule for delivery? Absolutely ridiculous. Cheers, Aisha",order_status,template,order_status:core21,train
The box was fine but the suitcase inside was broken. Hope you're having a good day!,damaged_item,template,damaged_item:core16,train
received a defective water bottle,damaged_item,template,damaged_item:short7,train
What are the dimensions of the winter jacket? Thanks.,product_question,template,product_question:core2,test
"Hi, Is the office chair suitable for a beginner? This is really frustrating.",product_question,template,product_question:core13,train
i want assistance to see the eta of order ORD-91609,order_status,bitext,bitext:i want assistance to see the eta of order order number,train
Can I cancel order ORD-21152 if it has already shipped? I shouldn't have to chase you for this.,cancellation,template,cancellation:core13,test
Is the robot vacuum available in other colors? Thank you!,product_question,template,product_question:core1,train
"Hey, When will my refund of $351.53 show up on my card? Thank you!",refund_request,template,refund_request:core2,train
"good morning, i placed an order an hour ago and need to cancel it. thank you",cancellation,template,cancellation:core14,test
"Could you check the current status of order #95234? I haven't heard anything since checkout. Cheers, Aisha",order_status,template,order_status:core13,train
"Hello, What's the difference between the two bluetooth speaker models on your site? Thanks in advance.",product_question,template,product_question:core10,train
"Hey, I'm still waiting on order #64616 that was due 3 days ago. Kind of annoyed at this point.",delivery_delay,template,delivery_delay:core19,train
the bakcpack i ordered arrived cracked. clearly damaged in shipping. thanks,damaged_item,template,damaged_item:core1,train
"hello, what are the dimensions of the thorw blanket?",product_question,template,product_question:core2,test
"Hello team, Why is my delivery taking so long? It was supposed to arrive last week. Just curious. Thank you!",delivery_delay,template,delivery_delay:core2,train
"is the desk lamp waterproof please treat this as a priority, i'm travlling soon",product_question,template,product_question:short1,val
"Hey, What's the difference between the two backpack models on your site?",product_question,template,product_question:core10,train
"good morning, canel my order please, i found it cheaper elsewhere. no rush on this. thanks",cancellation,template,cancellation:core4,train
received a defecitve coffee maker,damaged_item,template,damaged_item:short7,train
"Hi there, I'm not satisfied with the blender and would like my money back. Thanks in advance.",refund_request,template,refund_request:core14,train
Will the office chair be back in stock soon? Appreciate any info.,product_question,template,product_question:core4,train
i want assistance asking for a restitution of my money,refund_request,bitext,bitext:i want assistance asking for a restitution of my money,val
this is the second delay notice i've received for order #92320. what's going on? my email is the one on the account. please advise,delivery_delay,template,delivery_delay:core16,train
"hello team, my order is late. it was spuposed to be here already",delivery_delay,template,delivery_delay:core24,train
"Good morning, The glass on my electric kettle was shattered in the box. Can I get a replacement or refund? Please advise.",damaged_item,template,damaged_item:core19,val
"Good morning, The courier attempted delivery once and never came back, now it's been over a week with no update. I need this resolved immediately.",delivery_delay,template,delivery_delay:core13,test
tracking number for ORD-48797? I've been waiting a long time for this.,order_status,template,order_status:short2,train
"Hey, The carrier keeps saying 'delivery exception' and my backpack is now late. No hurry at all. Thanks.",delivery_delay,template,delivery_delay:core22,train
"Hello team, I paid for expedited shipping but my mirror is now later than standard delivery would've been. Cheers, Alex",delivery_delay,template,delivery_delay:core12,train
"To whom it may concern, Is my package still on track to arrive this week? I can't find any status update. Please advise.",order_status,template,order_status:core8,train
need help to see the ETA of the purchase #68515,order_status,bitext,bitext:need help to see the eta of the purchase order number,train
My order is late. It was supposed to be here already. Please advise.,delivery_delay,template,delivery_delay:core24,train
refund for order ord-37499 not happy about this at all,refund_request,template,refund_request:short0,train
My order page says 'in transit'. Which carrier is delivering it?,order_status,template,order_status:core20,train
My package is significantly overdue. Let me know what you need from me. Thanks.,delivery_delay,template,delivery_delay:core17,train
"Is the toolset you sell the latest model? My email is the one on the account. Regards, Sam",product_question,template,product_question:core17,train
"I never got an order confirmation email for my suitcase. Did the order go through? Regards, Tom",order_status,template,order_status:core16,test
how to check the current status of purchase 77984?,order_status,bitext,bitext:how to check the current status of purchase order number,val
want help to see tthe damn ETA of order 26274,order_status,bitext,bitext:want help to see tthe damn eta of order order number,test
"Hey, This is the second delay notice I've received for order 32853. What's going on? Worst customer service I have ever dealt with. Cheers, Priya",delivery_delay,template,delivery_delay:core16,train
"Hello team, Do I get the shipping fee back if I return the toolset? Kind of annoyed at this point. Thanks in advance.",refund_request,template,refund_request:core17,test
"good morning, please cancel my purchase of the office chair and confirm by email. tanks",cancellation,template,cancellation:core11,train
"Hello team, How do I set up my new wireless mouse? The manual isn't clear. I expected better from your store. Please advise.",product_question,template,product_question:core9,test
"Hello team, My order #90798 is now 6 days late. Can you tell me what's causing the delay? Thanks.",delivery_delay,template,delivery_delay:core4,val
cancel order 65000,cancellation,template,cancellation:short0,train
"Good morning, The box was fine but the desk lamp inside was broken. I need this sorted out today.",damaged_item,template,damaged_item:core16,train
"Good morning, I'd like to know the status of order 16528, please. I ordered it as a gift. Please advise.",order_status,template,order_status:core5,val
"Half of the throw blanket was smashed when I opened the package. This is urgent, I need it for my son's birthday on Wednesday. Thank you!",damaged_item,template,damaged_item:core18,train
"Hello, How do I set up my new robot vacuum? The manual isn't clear. Let me know what you need from me.",product_question,template,product_question:core9,test
"Hi, Delivery keeps getting pushed back on the tracking page for my laptop stand order. Thank you!",delivery_delay,template,delivery_delay:core7,val
electric kettle dimensions,product_question,template,product_question:short2,train
broken coffee mker received hope you're having a good day,damaged_item,template,damaged_item:short3,train
"Good morning, Does the sneakers ship with a charger? I ordered it as a gift. Thanks in advance.",product_question,template,product_question:core11,train
need help requesting a reimbursement,refund_request,bitext,bitext:need help requesting a reimbursement,train
phone case material?,product_question,template,product_question:short9,train
"Hello, My package is significantly overdue. No rush on this. Thanks in advance.",delivery_delay,template,delivery_delay:core17,train
"hi, my order is late. it was supposed to be here already. please adise",delivery_delay,template,delivery_delay:core24,train
"Hi there, How do I clean the blender?",product_question,template,product_question:core16,train
"To whom it may concern, I sent the running shoes back last week. Has the refund been processed? Whenever you get a chance.",refund_request,template,refund_request:core3,val
"Hi there, My garden hose came scratched all over and one part is snapped. Cheers, Jordan",damaged_item,template,damaged_item:core20,val
"hey, does the phone case need batteries or does it plug in? it's a gift for an event this weeend so i really need an answer now. thanks",product_question,template,product_question:core6,test
"hi, i accidentally placed the same order twice. please canel one of them. just curious. regards, aisha",cancellation,template,cancellation:core7,train
"Hello, I returned the yoga mat 3 days ago and still haven't received my refund. No hurry at all. Thank you!",refund_request,template,refund_request:core0,val
order #73685 status,order_status,template,order_status:short1,train
"hello team, my package was supposed to arrive 6 days ago and it's still not here, no couier updates",delivery_delay,template,delivery_delay:core0,train
"Hi there, My order confirmation says it shipped but the tracking link isn't working. What's the current status? I've been waiting a long time for this.",order_status,template,order_status:core4,train
I've been waiting a long time for this. i purchased something how to cancel order #63424,cancellation,bitext,bitext:i purchased something how to cancel order order number,test
I cannot see the current status of purchase ORD-94040,order_status,bitext,bitext:i cannot see the current status of purchase order number,train
Delivery was supposed to happen already but tracking still shows it in a different city. Thanks.,delivery_delay,template,delivery_delay:core15,test
"Tracking says 'out for delivery' since yesterday but nothing has shown up. Regards, Fatima",delivery_delay,template,delivery_delay:core3,train
I am trying to cancel purchase 22280,cancellation,bitext,bitext:i am trying to cancel purchase order number,val
I need to check in which cases can I request my money back,refund_request,bitext,bitext:i need to check in which cases can i request my money back,train
can I see under which circumstances can I ask for refunds?,refund_request,bitext,bitext:can i see under which circumstances can i ask for refunds,train
My package has said 'delayed in transit' for two weeks. I expected better from your store. Please advise.,delivery_delay,template,delivery_delay:core21,train
"hello, my refund for order ord-74536 says 'approved' but the money isn't in my account. thanks in advance",refund_request,template,refund_request:core13,train
"Hi there, The box was fine but the toolset inside was broken. I need an answer before Monday.",damaged_item,template,damaged_item:core16,train
Is the stand mixer compatible with an iPhone 15? I'm usually home in the afternoons. Thank you!,product_question,template,product_question:core3,train
"Good morning, Delivery was supposed to happen already but tracking still shows it in a different city. I've been waiting a long time for this. Thank you!",delivery_delay,template,delivery_delay:core15,test
"Hello, I changed my mind, please cancel my order before it's sent. I'm usually home in the afternoons. Thank you!",cancellation,template,cancellation:core12,test
"hi there, the bluetooth spaeker i odrered arrived cracked. clearly daamged in shipping. please advise",damaged_item,template,damaged_item:core1,train
"What's the difference between the two electric kettle models on your site? Cheers, Luca",product_question,template,product_question:core10,train
"hey, i'd like to cancel my bookshelf order before it ships. kind of annoyed at this point. cheers, fatima",cancellation,template,cancellation:core1,train
return and refund sneakers,refund_request,template,refund_request:short7,train
"I have ordered some item, cancel purchase #19508 I will be leaving a one-star review.",cancellation,bitext,bitext:i have ordered some item cancel purchase order number,train
"hello team, my running shoes arrived soaking wet and the box was falling apart, the item itself is stained. this is the thrid time i've contacted you about this. regards, chen",damaged_item,template,damaged_item:core8,train
"Hi, My winter jacket arrived soaking wet and the box was falling apart, the item itself is stained.",damaged_item,template,damaged_item:core8,train
Delivery was supposed to happen already but tracking still shows it in a different city!! My patience has run out. Thank you!,delivery_delay,template,delivery_delay:core15,test
"Hi, I ordered the wrong desk lamp by mistake, can you cancel it? Appreciate any info. Cheers, Priya",cancellation,template,cancellation:core2,train
"Hi there, IT'S BEEN STUCK IN CUSTOMS FOR A WEEK AND IS NOW PAST THE DELIVERY ESTIMATE. This is completely unacceptable!!",delivery_delay,template,delivery_delay:core25,train
"Hi, The board game I ordered came with a large tear. It looks like it was damaged before packing. Whenever you get a chance. Thanks in advance.",damaged_item,template,damaged_item:core3,val
my order is 6 days late It's a gift for an event this weekend so I really need an answer now.,delivery_delay,template,delivery_delay:short9,train
cancel oder 78817,cancellation,template,cancellation:short0,train
running shoes battery life,product_question,template,product_question:short7,train
"Hey, Tracking says 'out for delivery' since yesterday but nothing has shown up. Thanks.",delivery_delay,template,delivery_delay:core3,train
"hlelo team, delivery was supposed to happen already but tracking still shows it in a different city. regards, chen",delivery_delay,template,delivery_delay:core15,test
"Hi there, The shipment has been stuck at the same tracking checkpoint for 3 days now, past the delivery date. It's not a big deal, just wanted to ask.",delivery_delay,template,delivery_delay:core5,val
"Hi there, I sent the running shoes back last week. Has the refund been processed?",refund_request,template,refund_request:core3,val
"is car seat cover compatible with my old model I'm pretty disappointed, honestly.",product_question,template,product_question:short8,train
"Hello, Delivery was supposed to happen already but tracking still shows it in a different city. Let me know what you need from me.",delivery_delay,template,delivery_delay:core15,test
kitchen scale is dented,damaged_item,template,damaged_item:short8,val
"Hey, I haven't gotten any email updates since I placed my order. Can you check where it is?",order_status,template,order_status:core7,val
"hello team, can the refund go to my original payment method? this is really frustrating. thanks in advance",refund_request,template,refund_request:core15,train
i do not know how i can cancel purchase #69429,cancellation,bitext,bitext:i do not know how i can cancel purchase order number,train
blender dimensions,product_question,template,product_question:short2,train
"To whom it may concern, The courier attempted delivery once and never came back, now it's been 3 days with no update. It's not a big deal, just wanted to ask.",delivery_delay,template,delivery_delay:core13,test
Please cancel my purchase of the toolset and confirm by email. I can send my receipt if needed.,cancellation,template,cancellation:core11,train
i dont wat order #45509 cancel it,cancellation,bitext,bitext:i dont wat order order number cancel it,train
"hi there, does the hair dryer need batteries or does it plug in? this is really frustrating. please advise",product_question,template,product_question:core6,test
"My dashboard shows the order as 'pending'. Is that expected? Cheers, Tom",order_status,template,order_status:core10,val
"to whom it may concern, it's been stuck in customs for a week and is now past the delivery estimate. no rush on this",delivery_delay,template,delivery_delay:core25,train
"Hello, I placed my order 5 days ago and it still says processing. Can you check on it? It's a gift for an event this weekend so I really need an answer now. Thank you!",order_status,template,order_status:core0,train
I cannot afford order 30289,cancellation,bitext,bitext:i cannot afford order order number,train
i expect a rebate of $310 No hurry at all.,refund_request,bitext,bitext:i expect a rebate of currency symbolrefund amount,train
money back for toolset It's a gift for an event this weekend so I really need an answer now.,refund_request,template,refund_request:short8,train
help me see the current status of my compensation,refund_request,bitext,bitext:help me see the current status of my compensation,train
"Hello, I received a damaged item. My garden hose won't function properly because of visible damage!! I need this resolved immediately.",damaged_item,template,damaged_item:core13,test
need to check in which cases can i request an reimbursement,refund_request,bitext,bitext:need to check in which cases can i request an reimbursement,train
"Good morning, My order 66383 was marked 'delayed' with no explanation and no new delivery date given. Thanks.",delivery_delay,template,delivery_delay:core11,test
I need assistance to locate order 34881,order_status,bitext,bitext:i need assistance to locate order order number,train
order ord-97894 status,order_status,template,order_status:short1,train
want to cancel my purchase No hurry at all.,cancellation,template,cancellation:short5,test
Does the mechanical keyboard work with 220V outlets abroad? Just curious.,product_question,template,product_question:core18,val
Can someone tell me if my headphones has been packed yet? No updates on the site. Whenever you get a chance. Thanks in advance.,order_status,template,order_status:core9,val
locate order #56984,order_status,bitext,bitext:locate order order number,train
have a problem with canceling order #47930,cancellation,bitext,bitext:have a problem with canceling order order number,train
"Good morning, I changed my mind, please cancel my order before it's sent. If this isn't fixed I'm filing a chargeback with my bank. Thanks in advance.",cancellation,template,cancellation:core12,test
"Hello team, Please cancel the duvet cover order, my address is wrong and I'll reorder. Kind of annoyed at this point. Thanks.",cancellation,template,cancellation:core16,train
What stage is order 56683 at right now? Whenever you get a chance. Thanks in advance.,order_status,template,order_status:core26,train
Does the monitor ship with a charger?,product_question,template,product_question:core11,train
How much weight can the electric kettle hold? Thanks.,product_question,template,product_question:core12,val
is the wireless mouse waterproof,product_question,template,product_question:short1,val
can I see the status of my restitution?,refund_request,bitext,bitext:can i see the status of my restitution,train
"To whom it may concern, I want to confirm my yoga mat order actually went through and is being processed!! Please respond ASAP.",order_status,template,order_status:core12,train
I have a proble with canceling purchase 77715,cancellation,bitext,bitext:i have a proble with canceling purchase order number,train
"I have to locate order 79547, could I get some help?",order_status,bitext,bitext:i have to locate order order number could i get some help,val
"To whom it may concern, The package is overdue by over a week and the courier won't give me a new date. Regards, Luca",delivery_delay,template,delivery_delay:core26,train
I paid for expedited shipping but my yoga mat is now later than standard delivery would've been. Thank you!,delivery_delay,template,delivery_delay:core12,train
"Hello, I got the sneakers today but it's broken. I can send photos. Please advise.",damaged_item,template,damaged_item:core24,train
monitor smashed in box,damaged_item,template,damaged_item:short6,train
night lamp battery life i ordered it as a gift,product_question,template,product_question:short7,train
PLEASE CANCEL MY PURCHASE OF THE WINTER JACKET AND CONFIRM BY EMAIL. I've emailed twice and nobody has replied.,cancellation,template,cancellation:core11,train
I need help cancelnig purchase #61645,cancellation,bitext,bitext:i need help cancelnig purchase order number,train
Do I get the shipping fee back if I return the mechanical keyboard? I'm usually home in the afternoons. Thanks in advance.,refund_request,template,refund_request:core17,test
can I see if there are any updates on my rebate?,refund_request,bitext,bitext:can i see if there are any updates on my rebate,train
"hi, tracking says 'out for delivery' since yesterday but nothing has shown up. regards, jordan",delivery_delay,template,delivery_delay:core3,train
"hi there, can someone tell me if my water bottle has been packed yet? no updaets on the site. just curious",order_status,template,order_status:core9,val
Does the water bottle work with 220V outlets abroad?,product_question,template,product_question:core18,val
office chair material?,product_question,template,product_question:short9,train
kitchen scale in stock?,product_question,template,product_question:short4,train
"Hi, My dashboard shows the order as 'pending'. Is that expected?",order_status,template,order_status:core10,val
"To whom it may concern, The yoga mat I bought is bent out of shape, definitely damaged during delivery. Regards, Jordan",damaged_item,template,damaged_item:core9,train
my order is 8 days late I shouldn't have to chase you for this.,delivery_delay,template,delivery_delay:short9,train
"Good morning, I accidentally placed the same order twice. Please cancel one of them. No rush on this. Thanks.",cancellation,template,cancellation:core7,train
show me in which situations can i request refunds,refund_request,bitext,bitext:show me in which situations can i request refunds,val
I have to see in what situations can I ask to be reimbursed,refund_request,bitext,bitext:i have to see in what situations can i ask to be reimbursed,test
late delivery #13315,delivery_delay,template,delivery_delay:short8,train
"What material is the mechanical keyboard made of? Cheers, Sam",product_question,template,product_question:core5,train
"Hello team, Can I get the winter jacket engraved or personalized? Absolutely ridiculous. Thanks in advance.",product_question,template,product_question:core22,val
"Hello team, The winter jacket leaked everywhere inside the box, it's ruined. I'm usually home in the afternoons. Cheers, Tom",damaged_item,template,damaged_item:core23,train
"Hey, Will the sneakers be back in stock soon? I expected better from your store. Please advise.",product_question,template,product_question:core4,train
could ya help me cancel order 93886 No hurry at all.,cancellation,bitext,bitext:could ya help me cancel order order number,train
"To whom it may concern, Does the night lamp need batteries or does it plug in? Please advise.",product_question,template,product_question:core6,test
"Hello team, It's been stuck in customs for a week and is now past the delivery estimate. Hope you're having a good day! Please advise.",delivery_delay,template,delivery_delay:core25,train
no tracking info yet,order_status,template,order_status:short5,train
"To whom it may concern, My order arrived with the box soaked and the bookshelf inside no longer works. Thanks in advance.",damaged_item,template,damaged_item:core14,train
"Good morning, Is it too late to cancel order #78122? It still says processing. Worst customer service I have ever dealt with. Regards, Alex",cancellation,template,cancellation:core6,train
"Hi, I received a damaged item. My water bottle won't function properly because of visible damage. I expected better from your store. Thank you!",damaged_item,template,damaged_item:core13,test
"hello team, just checking in on order #22580. when will it ship? i need this sorted out today",order_status,template,order_status:core1,val
"Good morning, The estimated delivery date has already passed and I still haven't received my phone case. Thanks.",delivery_delay,template,delivery_delay:core1,train
"To whom it may concern, What's the difference between the two air fryer models on your site? Please respond ASAP. Thank you!",product_question,template,product_question:core10,train
"Hello, My package has said 'delayed in transit' for 4 days. I've been waiting a long time for this. Thanks in advance.",delivery_delay,template,delivery_delay:core21,train
I never got an order confirmation email for my monitor. Did the order go through? It's time-sensitive. Please advise.,order_status,template,order_status:core16,test
How much weight can the garden hose hold? No rush on this. Thanks in advance.,product_question,template,product_question:core12,val
"Hi there, I'm not satisfied with the desk lamp and would like my money back.",refund_request,template,refund_request:core14,train
"To whom it may concern, I got the mirror today but it's broken. I can send photos. Thanks.",damaged_item,template,damaged_item:core24,train
i do not know how to see the eta of the order #54185,order_status,bitext,bitext:i do not know how to see the eta of the order order number,train
"hello, delivery keeps getting puhed back on the tracking page for my night lamp order. thank you",delivery_delay,template,delivery_delay:core7,val
return and refund suitcase,refund_request,template,refund_request:short7,train
"Hi there, I was told it would arrive by Saturday. It's now 6 days past that!! I've emailed twice and nobody has replied. Thanks in advance.",delivery_delay,template,delivery_delay:core23,train
"hello, i'd like to cancel my pre-order for the monitor. kind of annoyed at this point. thanks",cancellation,template,cancellation:core15,val
I cannot pay for purchase ORD-56112 I expected better from your store.,cancellation,bitext,bitext:i cannot pay for purchase order number,train
"Hello team, How do I set up my new picture frame? The manual isn't clear. Please advise.",product_question,template,product_question:core9,test
"Hi, I paid for expedited shipping but my phone case is now later than standard delivery would've been.",delivery_delay,template,delivery_delay:core12,train
"Hello team, The glass on my tent was shattered in the box. Can I get a replacement or refund? Regards, Alex",damaged_item,template,damaged_item:core19,val
eta on order ord-35994,order_status,template,order_status:short7,train
I got the wireless mouse today but it's broken. I can send photos.,damaged_item,template,damaged_item:core24,train
"To whom it may concern, I GOT ORDER #40998 TODAY AND THE WATER BOTTLE IS COMPLETELY SHATTERED INSIDE THE PACKAGING!! I will be leaving a one-star review. Thanks in advance.",damaged_item,template,damaged_item:core10,train
I need help tracking purchase #54444,order_status,bitext,bitext:i need help tracking purchase order number,train
why is my deliery taking so long? it was supposed to arrive last week. i've been waiting a long time for this,delivery_delay,template,delivery_delay:core2,train
"Hello team, My order #52401 was marked 'delayed' with no explanation and no new delivery date given. Please advise.",delivery_delay,template,delivery_delay:core11,test
"Hello team, I'd like to cancel my air fryer order before it ships. Cheers, Luca",cancellation,template,cancellation:core1,train
my yoga mat is overdue,delivery_delay,template,delivery_delay:short1,test
I want to see in what cases can I ask for reimbursements,refund_request,bitext,bitext:i want to see in what cases can i ask for reimbursements,val
"hey, the backpack arrived with missing pieecs and a cracked casing. this is urgent, i need it for my son's birthday on friday. thanks",damaged_item,template,damaged_item:core11,train
check current status of order ORD-30934 It's a gift for an event this weekend so I really need an answer now.,order_status,bitext,bitext:check current status of order order number,train
can ushow me in which cases can i ask for reimbursements I ordered it as a gift.,refund_request,bitext,bitext:can ushow me in which cases can i ask for reimbursements,train
"Hi, Please cancel my purchase of the tent and confirm by email. Appreciate any info. Thanks in advance.",cancellation,template,cancellation:core11,train
"Good morning, Is my package still on track to arrive this week? I can't find any status update. I've been waiting a long time for this. Thanks.",order_status,template,order_status:core8,train
"Hey, I changed my mind, please cancel my order before it's sent. It's not a big deal, just wanted to ask. Thanks.",cancellation,template,cancellation:core12,test
"Hi, Is order ORD-69080 still on schedule for delivery? The order is under my partner's name.",order_status,template,order_status:core21,train
"Hi there, Does the camera tripod have a sleep or auto-off mode? I've emailed twice and nobody has replied. Thank you!",product_question,template,product_question:core20,train
where can i see the ETA of purchase #93611,order_status,bitext,bitext:where can i see the eta of purchase order number,train
"Hello team, Why is my delivery taking so long? It was supposed to arrive last week. Regards, Jordan",delivery_delay,template,delivery_delay:core2,train
"Good morning, I requested a cancellation for order #18752 but it still shows as active. Not happy about this at all. Thanks.",cancellation,template,cancellation:core17,val
I have got to obtain a compensation of money,refund_request,bitext,bitext:i have got to obtain a compensation of money,train
broken coffee maer received,damaged_item,template,damaged_item:short3,train
"hello team, i changed my mind, please cancel my order before it's sent. let me know what you need from me. regards, maria",cancellation,template,cancellation:core12,test
can i cxheck in which cases can i ask for refunds,refund_request,bitext,bitext:can i cxheck in which cases can i ask for refunds,test
"Good morning, The air fryer I ordered has a broken part right out of the package!! It's a gift for an event this weekend so I really need an answer now. Please advise.",damaged_item,template,damaged_item:core12,test
"Hey, My new car seat cover has several parts physically broken off. It arrived like this. Thanks in advance.",damaged_item,template,damaged_item:core6,val
help seeing in which situations can I request refunds,refund_request,bitext,bitext:help seeing in which situations can i request refunds,train
checking ETA of order #76698,order_status,bitext,bitext:checking eta of order order number,test
pacrel stuck in transit 4 days,delivery_delay,template,delivery_delay:short6,train
help to cancel order #43065,cancellation,bitext,bitext:help to cancel order order number,train
help me cancel ordere #99687,cancellation,bitext,bitext:help me cancel ordere order number,test
"Hey, My dashboard shows the order as 'pending'. Is that expected?",order_status,template,order_status:core10,val
"Hey, This is the second delay notice I've received for order 27082. What's going on? My email is the one on the account.",delivery_delay,template,delivery_delay:core16,train
"hlelo team, there's no cancel button on my order page. how do i cancel order #38750? cheers, luca",cancellation,template,cancellation:core10,train
I want help seeing in what cases can I ask for refunds,refund_request,bitext,bitext:i want help seeing in what cases can i ask for refunds,train
"I purchased some item, help canceling one of the orders Just curious.",cancellation,bitext,bitext:i purchased some item help canceling one of the orders,val
help to check purchase #77621 current status,order_status,bitext,bitext:help to check purchase order number current status,test
"It's been 10 days past the delivery estimate and the courier still hasn't delivered my blender. I'm pretty disappointed, honestly.",delivery_delay,template,delivery_delay:core9,train
garden hose is dented My email is the one on the account.,damaged_item,template,damaged_item:short8,val
"Good morning, I ordered a mirror 10 days ago and still don't have a tracking number. Is that normal? This is really frustrating. Thanks.",order_status,template,order_status:core3,train
"To whom it may concern, It's been 5 days past the delivery estimate and the courier still hasn't delivered my backpack. This is really frustrating. Regards, Fatima",delivery_delay,template,delivery_delay:core9,train
"To whom it may concern, The return email said the refund takes 5 days but it's been 6 days. Thank you!",refund_request,template,refund_request:core9,test
I want help seeing your reimbursement policy,refund_request,bitext,bitext:i want help seeing your reimbursement policy,train
"My garden hose order has been in transit for 6 days, way longer than the delivery estimate. My email is the one on the account. Thanks.",delivery_delay,template,delivery_delay:core14,test
I want to cancle purchase ORD-28131,cancellation,bitext,bitext:i want to cancle purchase order number,train
I need help to see how long refunds take,refund_request,bitext,bitext:i need help to see how long refunds take,train
"Hello, I'd like to cancel my hair dryer order before it ships. No hurry at all. Thank you!",cancellation,template,cancellation:core1,train
"To whom it may concern, Why is my delivery taking so long? It was supposed to arrive last week. Regards, Chen",delivery_delay,template,delivery_delay:core2,train
cancel phone case order,cancellation,template,cancellation:short4,train
i do not know how i can cancel order #91678,cancellation,bitext,bitext:i do not know how i can cancel order order number,val
"Hello team, I placed an order an hour ago and need to cancel it. No hurry at all. Thanks in advance.",cancellation,template,cancellation:core14,test
in which situations can I ask for reimbursements?,refund_request,bitext,bitext:in which situations can i ask for reimbursements,train
"Hello, Can the refund go to my original payment method? Regards, Luca",refund_request,template,refund_request:core15,train
"To whom it may concern, Can the tent be used outdoors?",product_question,template,product_question:core7,train
"Hey, I accidentally placed the same order twice. Please cancel one of them. Honestly I'm at my wits' end. Cheers, Aisha",cancellation,template,cancellation:core7,train
I need to see in what situations can I request refunds,refund_request,bitext,bitext:i need to see in what situations can i request refunds,train
"Hello team, I'd like to cancel my hair dryer order before it ships. It's not a big deal, just wanted to ask. Thank you!",cancellation,template,cancellation:core1,train
show me estimated time of arrival of order 45003,order_status,bitext,bitext:show me estimated time of arrival of order order number,test
Is the suitcase suitable for a beginner? I can send my receipt if needed. Thanks in advance.,product_question,template,product_question:core13,train
what do I have to do to request a restitution of money? Absolutely ridiculous.,refund_request,bitext,bitext:what do i have to do to request a restitution of money,train
"hllo team, how do i set up my new rice cooker? the mnual isn't clear. cheers, maria",product_question,template,product_question:core9,test
"To whom it may concern, It's been 5 days past the delivery estimate and the courier still hasn't delivered my air fryer. Kind of annoyed at this point. Thanks.",delivery_delay,template,delivery_delay:core9,train
"To whom it may concern, This is the second delay notice I've received for order #81512. What's going on? Thank you!",delivery_delay,template,delivery_delay:core16,train
is the smartwatch waterproof,product_question,template,product_question:short1,val
"Good morning, Does the sneakers need batteries or does it plug in? Appreciate any info. Please advise.",product_question,template,product_question:core6,test
want to cancel my purchase,cancellation,template,cancellation:short5,test
"still not delivered, past due date No hurry at all.",delivery_delay,template,delivery_delay:short5,train
blender smashed in box,damaged_item,template,damaged_item:short6,train
I don't know how I could see purchase 98835 status,order_status,bitext,bitext:i dont know how i could see purchase order number status,train
my baord game arrived scrtched,damaged_item,template,damaged_item:short9,test
"The courier attempted delivery once and never came back, now it's been two weeks with no update. Hope you're having a good day! Please advise.",delivery_delay,template,delivery_delay:core13,test
assistance seeing the bloody ETA of the purchase 47512,order_status,bitext,bitext:assistance seeing the bloody eta of the purchase order number,train
"Good morning, Is the hair dryer suitable for a beginner?",product_question,template,product_question:core13,train
mechanical keyboard battery life Honestly I'm at my wits' end.,product_question,template,product_question:short7,train
"hi there, i'm not satisied with the desk lamp and would like my moey back. kind of anoyed at this point",refund_request,template,refund_request:core14,train
"Hi, I'd like a refund for the car seat cover, I don't need it anymore. Honestly I'm at my wits' end. Please advise.",refund_request,template,refund_request:core18,train
need help with canceling purchase #59615,cancellation,bitext,bitext:need help with canceling purchase order number,train
i dont want this order cancel purchase #17146,cancellation,bitext,bitext:i dont want this order cancel purchase order number,train
"To whom it may concern, Is the tent compatible with my old model? Regards, Luca",product_question,template,product_question:core3,train
"Hello, Can I get my money back for the coffee maker? It doesn't fit. It's not a big deal, just wanted to ask. Thank you!",refund_request,template,refund_request:core4,train
order #14888 late,delivery_delay,template,delivery_delay:short3,train
hair dryer warranty?,product_question,template,product_question:short0,val
can I see under what circumstances can I request a refund? I ordered it as a gift.,refund_request,bitext,bitext:can i see under what circumstances can i request a refund,train
broken duvet cover received,damaged_item,template,damaged_item:short3,train
"Hey, I'm not satisfied with the headphones and would like my money back. Thanks in advance.",refund_request,template,refund_request:core14,train
"Hello team, Delivery keeps getting pushed back on the tracking page for my wireless mouse order. My email is the one on the account. Thanks in advance.",delivery_delay,template,delivery_delay:core7,val
broekn headphones received,damaged_item,template,damaged_item:short3,train
"Hi, Does the smartwatch come with a warranty? I've been waiting a long time for this. Please advise.",product_question,template,product_question:core0,val
"Hey, My order #23069 is now 8 days late. Can you tell me what's causing the delay? Please treat this as a priority, I'm travelling soon. Cheers, Tom",delivery_delay,template,delivery_delay:core4,val
could you help me cancelling order #99733 ?,cancellation,bitext,bitext:could you help me cancelling order order number,train
"Hi there, What's the difference between the two hair dryer models on your site? Regards, Fatima",product_question,template,product_question:core10,train
sneakers arrived broken,damaged_item,template,damaged_item:short0,train
"Hello, I changed my mind, please cancel my order before it's sent. This is urgent, I need it for my son's birthday on Tuesday. Thanks in advance.",cancellation,template,cancellation:core12,test
"Is the bluetooth speaker compatible with Android phones? My email is the one on the account. Regards, Chen",product_question,template,product_question:core3,train
"Good morning, I placed an order an hour ago and need to cancel it. I can send my receipt if needed.",cancellation,template,cancellation:core14,test
eta on order #95674,order_status,template,order_status:short7,train
can you show me the ETA of purchase #27486? If this isn't fixed I'm filing a chargeback with my bank.,order_status,bitext,bitext:can you show me the eta of purchase order number,train
"Hey, My order 63465 is now 6 days late. Can you tell me what's causing the delay? It's time-sensitive. Thank you!",delivery_delay,template,delivery_delay:core4,val
"To whom it may concern, How much weight can the yoga mat hold? Regards, Priya",product_question,template,product_question:core12,val
running shoes arrived broken,damaged_item,template,damaged_item:short0,train
i dont want order 44970,cancellation,bitext,bitext:i dont want order order number,val
"To whom it may concern, Can I cancel order #89295 if it has already shipped? Cheers, Sam",cancellation,template,cancellation:core13,test
"Hi, Half of the picture frame was smashed when I opened the package. I'm usually home in the afternoons. Please advise.",damaged_item,template,damaged_item:core18,train
"I opened the box and my duvet cover already has a large scratch and dent on it. Cheers, Fatima",damaged_item,template,damaged_item:core7,train
"Hi, My package has said 'delayed in transit' for 3 days. Absolutely ridiculous. Thanks.",delivery_delay,template,delivery_delay:core21,train
I never got an order confirmation email for my office chair. Did the order go through? I expected better from your store.,order_status,template,order_status:core16,test
"Hello, The glass on my night lamp was shattered in the box. Can I get a replacement or refund? I expected better from your store. Please advise.",damaged_item,template,damaged_item:core19,val
"Hey, How long do refunds usually take to process? I expected better from your store.",refund_request,template,refund_request:core11,train
"Hello team, The shipment has been stuck at the same tracking checkpoint for over a week now, past the delivery date.",delivery_delay,template,delivery_delay:core5,val
"My package was supposed to arrive 4 days ago and it's still not here, no courier updates!! Please treat this as a priority, I'm travelling soon. Thanks in advance.",delivery_delay,template,delivery_delay:core0,train
i need assistance to check the eta of the order 91226 I need an answer before Saturday.,order_status,bitext,bitext:i need assistance to check the eta of the order order number,test
"Good morning, I ordered a running shoes and when it arrived, the box was completely crushed and the item is broken. It's not a big deal, just wanted to ask.",damaged_item,template,damaged_item:core0,train
"Hi there, The return email said the refund takes 5 days but it's been 10 days. Please respond ASAP. Thank you!",refund_request,template,refund_request:core9,test
"To whom it may concern, My order #93485 is now two weeks late. Can you tell me what's causing the delay?",delivery_delay,template,delivery_delay:core4,val
order #17264 status,order_status,template,order_status:short1,train
"Hello, My refund for order ORD-60529 says 'approved' but the money isn't in my account. I expected better from your store. Thanks in advance.",refund_request,template,refund_request:core13,train
"Hello team, My rice cooker arrived broken into pieces, the packaging was torn open too. Hope you're having a good day! Cheers, Tom",damaged_item,template,damaged_item:core5,test
"Hello, I paid for expedited shipping but my office chair is now later than standard delivery would've been. Please advise.",delivery_delay,template,delivery_delay:core12,train
"Hey, How much weight can the water bottle hold? Thanks in advance.",product_question,template,product_question:core12,val
can ya help me seeing the refnd status,refund_request,bitext,bitext:can ya help me seeing the refnd status,train
"Delivery keeps getting pushed back on the tracking page for my board game order. My email is the one on the account. Regards, Luca",delivery_delay,template,delivery_delay:core7,val
status of my garden hose order Just curious.,order_status,template,order_status:short4,train
"Hello team, My package has said 'delayed in transit' for 4 days. Thank you!",delivery_delay,template,delivery_delay:core21,train
"my camera tripod came scratched all over and one part is snapped. no rush on this. cheers, aisha",damaged_item,template,damaged_item:core20,val
need assistance seeing the ETA of order 44803 I will be leaving a one-star review.,order_status,bitext,bitext:need assistance seeing the eta of order order number,test
"it's been stuck in customs for 5 days and is now past the delivery estimate. i'm pretty disappointed, honestly. regards, maria",delivery_delay,template,delivery_delay:core25,train
"Hi there, The water bottle I purchased came with a snapped part, unusable as is.",damaged_item,template,damaged_item:core15,train
"Hi there, Will the car seat cover be back in stock soon? I shouldn't have to chase you for this.",product_question,template,product_question:core4,train
status of my bookshelf order,order_status,template,order_status:short4,train
"hello, can the mirror be used outdoors? this is urgent, i need it for my son's birthday on monday. cheers, jordan",product_question,template,product_question:core7,train
"To whom it may concern, Is the monitor dishwasher safe? Thank you!",product_question,template,product_question:core8,train
"Hi, My package is significantly overdue. Cheers, Jordan",delivery_delay,template,delivery_delay:core17,train
help me to check the current status of order #80329,order_status,bitext,bitext:help me to check the current status of order order number,train
"hi, i'm stll waiting on oder #77309 that was due 5 days ago. cheers, jordan",delivery_delay,template,delivery_delay:core19,train
cancel odrer #76140,cancellation,template,cancellation:short0,train
"Hello team, The return email said the refund takes 5 days but it's been 3 days. Please advise.",refund_request,template,refund_request:core9,test
"Good morning, Delivery was supposed to happen already but tracking still shows it in a different city. I'm pretty disappointed, honestly. Thanks.",delivery_delay,template,delivery_delay:core15,test
"Hello, The bluetooth speaker isn't as described on the website, I'd like to return it for a refund. Appreciate any info. Thank you!",refund_request,template,refund_request:core8,train
"Hello, I'd like to cancel my pre-order for the electric kettle. I've emailed twice and nobody has replied.",cancellation,template,cancellation:core15,val
"Hey, Delivery was supposed to happen already but tracking still shows it in a different city. Thank you!",delivery_delay,template,delivery_delay:core15,test
"hi, i placed my order 5 days ago and it sill says processing. can you check on it? thanks in advance",order_status,template,order_status:core0,train
i need help with canceling order #17100 I ordered it as a gift.,cancellation,bitext,bitext:i need help with canceling order order number,train
"Hey, Do you sell replacement parts for the wireless mouse? Please advise.",product_question,template,product_question:core14,train
"Hello team, The laptop stand leaked everywhere inside the box, it's ruined. I'm usually home in the afternoons.",damaged_item,template,damaged_item:core23,train
"Hi there, Can someone tell me if my mechanical keyboard has been packed yet? No updates on the site. Whenever you get a chance.",order_status,template,order_status:core9,val
"Hi, I placed an order an hour ago and need to cancel it. Just curious. Thanks in advance.",cancellation,template,cancellation:core14,test
"Hello team, My package has said 'delayed in transit' for 6 days. Please advise.",delivery_delay,template,delivery_delay:core21,train
"To whom it may concern, Will the garden hose be back in stock soon? Regards, Priya",product_question,template,product_question:core4,train
"Good morning, Do I get the shipping fee back if I return the robot vacuum!! Absolutely ridiculous. Thank you!",refund_request,template,refund_request:core17,test
"Hi, It's been 10 days past the delivery estimate and the courier still hasn't delivered my car seat cover. Thank you!",delivery_delay,template,delivery_delay:core9,train
late delivery ord-77370,delivery_delay,template,delivery_delay:short8,train
"I have to see the status of the rebate, will you help me?",refund_request,bitext,bitext:i have to see the status of the rebate will you help me,val
have problems with canceling purchase #40007,cancellation,bitext,bitext:have problems with canceling purchase order number,train
"Good morning, The stand mixer arrived with missing pieces and a cracked casing!! This is completely unacceptable!!",damaged_item,template,damaged_item:core11,train
"Hello team, DO YOU SELL REPLACEMENT PARTS FOR THE LAPTOP STAND? Absolutely ridiculous. Regards, Jordan",product_question,template,product_question:core14,train
"hello team, i paid for expedited shipping but my stand mixer is now later than standard delivery would've been",delivery_delay,template,delivery_delay:core12,train
"good morning, there's no cancel button on my order page. how do i canel order 52250!! i've emailed twice and nobody has replied. thanks in advance",cancellation,template,cancellation:core10,train
is picture frame compatible with a PS5,product_question,template,product_question:short8,train
"To whom it may concern, My package was supposed to arrive a week ago and it's still not here, no courier updates. No rush on this.",delivery_delay,template,delivery_delay:core0,train
"Good morning, The rice cooker I ordered has a broken part right out of the package!! It's a gift for an event this weekend so I really need an answer now. Cheers, Chen",damaged_item,template,damaged_item:core12,test
"Hello team, Has my night lamp shipped yet? This is really frustrating. Please advise.",order_status,template,order_status:core15,train
"I don't want this product, cancel purchase ORD-76244",cancellation,bitext,bitext:i dont want this product cancel purchase order number,train
How much weight can the running shoes hold? Thanks.,product_question,template,product_question:core12,val
is air fryer compatible with my old model,product_question,template,product_question:short8,train
"I can't afford this item, I try to cancel order #36130",cancellation,bitext,bitext:i cant afford this item i try to cancel order order number,val
"Hello, Just wondering if my mechanical keyboard order has left the warehouse yet. This is really frustrating. Cheers, Luca",order_status,template,order_status:core6,test
need help ot check in what cases can I ask for refunds,refund_request,bitext,bitext:need help ot check in what cases can i ask for refunds,train
cancel oredr ord-44756,cancellation,template,cancellation:short0,train
"Hello, My coffee maker arrived broken into pieces, the packaging was torn open too. Regards, Tom",damaged_item,template,damaged_item:core5,test
"helo team, how much weight can the picture fame hold? i ordered it as a gift. thank you",product_question,template,product_question:core12,val
I want to obtain a reimbursement of money,refund_request,bitext,bitext:i want to obtain a reimbursement of money,train
"Good morning, My board game arrived broken into pieces, the packaging was torn open too. Thanks.",damaged_item,template,damaged_item:core5,test
"hello, i'm still waiting on order ord-71326 that was due a week ago. i'm usually home in the afternoons. regards, luca",delivery_delay,template,delivery_delay:core19,train
"Hello team, I received my order but the stand mixer is cracked right out of the box. Cheers, Luca",damaged_item,template,damaged_item:core4,test
"Hello, I'd like a refund for order #39387, the kitchen scale isn't what I expected. Regards, Sam",refund_request,template,refund_request:core1,test
how do refunds work I ordered it as a gift.,refund_request,template,refund_request:short6,train
"hey, i'd like to cancel my toolset order before it ships. let me know what you need from me. thank you",cancellation,template,cancellation:core1,train
"hi there, please cancel my purchase of the duet cover and confirm by email. this is urgent, i need it for my son's birthday on friday",cancellation,template,cancellation:core11,train
night lamp in stock?,product_question,template,product_question:short4,train
"Hello, I placed an order an hour ago and need to cancel it. Thanks in advance.",cancellation,template,cancellation:core14,test
canmcel order #91183,cancellation,bitext,bitext:canmcel order order number,train
"hlelo team, the air fryer i ordered arrived cracked. clearly damaged in shipping. my patience has run out. thanks in advance",damaged_item,template,damaged_item:core1,train
order 51831 late,delivery_delay,template,delivery_delay:short3,train
"good morning, my refund for order #13947 says 'approved' but the money isn't in my account. regards, luca",refund_request,template,refund_request:core13,train
"Good morning, The courier attempted delivery once and never came back, now it's been 2 days with no update. Regards, Fatima",delivery_delay,template,delivery_delay:core13,test
damaged throw blanket,damaged_item,template,damaged_item:short1,train
"Hey, I was told it would arrive by Saturday. It's now over a week past that. I've emailed twice and nobody has replied.",delivery_delay,template,delivery_delay:core23,train
"Hello team, THE DELIVERY DATE KEEPS CHANGING EVERY TIME I CHECK, IT'S NOW WELL PAST THE ORIGINAL ESTIMATE. I will be leaving a one-star review. Please advise.",delivery_delay,template,delivery_delay:core10,train
refund for order #33791,refund_request,template,refund_request:short0,train
help requesting a compensation,refund_request,bitext,bitext:help requesting a compensation,val
how could I cancel purchase ORD-22097?,cancellation,bitext,bitext:how could i cancel purchase order number,test
order #67389 late,delivery_delay,template,delivery_delay:short3,train
"to whom it may concern, i'd like a refund for the robot vacuum, i don't need it anymore. my email is the one on the account. cheers, jordan",refund_request,template,refund_request:core18,train
"Hi there, The return email said the refund takes 5 days but it's been 2 days. No hurry at all. Please advise.",refund_request,template,refund_request:core9,test
"Hello, Does the stand mixer need batteries or does it plug in? Thanks in advance.",product_question,template,product_question:core6,test
"Good morning, I requested a cancellation for order 92837 but it still shows as active.",cancellation,template,cancellation:core17,val
"Hey, What does 'label created' mean on my tracking? Has it actually been picked up? Regards, Jordan",order_status,template,order_status:core17,test
"hey, the delivery date keps changing every time i check, it's now well past the original estimate. kind of annoyed at this point. thank you",delivery_delay,template,delivery_delay:core10,train
"Hello, Can you give me an update on my order status? I haven't received a shipping confirmation for my blender yet!! This is urgent, I need it for my son's birthday on Friday. Thanks in advance.",order_status,template,order_status:core2,train
"I returned the mechanical keyboard 4 days ago and still haven't received my refund. The order is under my partner's name. Regards, Fatima",refund_request,template,refund_request:core0,val
"Good morning, I changed my mind, please cancel my order before it's sent. Regards, Luca",cancellation,template,cancellation:core12,test
help checkinjg the eta of order #77499,order_status,bitext,bitext:help checkinjg the eta of order order number,train
"What are the dimensions of the board game? I'm pretty disappointed, honestly. Cheers, Priya",product_question,template,product_question:core2,test
"Hi, Could you check the current status of order #80974? I haven't heard anything since checkout. No rush on this. Thanks.",order_status,template,order_status:core13,train
"Hello, Is the bluetooth speaker available in other colors? I can send my receipt if needed. Please advise.",product_question,template,product_question:core1,train
"Hi, THE TRACKING NUMBER YOU SENT ME SHOWS 'NOT FOUND' ON THE CARRIER SITE. This is the third time I've contacted you about this. Regards, Priya",order_status,template,order_status:core23,train
where to receive goddamn reimbursements of mooney,refund_request,bitext,bitext:where to receive goddamn reimbursements of mooney,train
"Hey, Is the car seat cover compatible with a PS5? Thank you!",product_question,template,product_question:core3,train
broken toolset received Honestly I'm at my wits' end.,damaged_item,template,damaged_item:short3,train
"Good morning, I want to cancel the headphones from my order but keep the rest. Honestly I'm at my wits' end. Thanks in advance.",cancellation,template,cancellation:core9,train
"i returned the running shoes 4 days ago and sill haven't received my refund. i ordered it as a gift. cheers, mraia",refund_request,template,refund_request:core0,val
"Hi there, Why is my delivery taking so long? It was supposed to arrive last week. Whenever you get a chance.",delivery_delay,template,delivery_delay:core2,train
"hello team, delivery was supposed to happen already but tracking still shows it in a different city. kind of annoyed at this point. thanks in advance",delivery_delay,template,delivery_delay:core15,test
"hey, has my payment for order 89194 gone through? the status hasn't changed. appreciate any info",order_status,template,order_status:core24,train
stand mixer battery life Appreciate any info.,product_question,template,product_question:short7,train
The running shoes I ordered came with a large tear. It looks like it was damaged before packing. I ordered it as a gift. Thanks in advance.,damaged_item,template,damaged_item:core3,val
where do i cancel purchase #82132,cancellation,bitext,bitext:where do i cancel purchase order number,train
"hi, i paid for expeidted shipping but my camrea tripod is now later than standard delivery would've been. honestly i'm at my wits' end. thanks",delivery_delay,template,delivery_delay:core12,train
canceling purechase #96951 Please respond ASAP.,cancellation,bitext,bitext:canceling purechase order number,train
"I want to see the ETA of order #39430, I need help",order_status,bitext,bitext:i want to see the eta of order order number i need help,train
"Hi there, I was told it would arrive by Sunday. It's now 8 days past that. I'm pretty disappointed, honestly. Thanks in advance.",delivery_delay,template,delivery_delay:core23,train
"To whom it may concern, The mirror I ordered arrived cracked. Clearly damaged in shipping. I ordered it as a gift. Thanks.",damaged_item,template,damaged_item:core1,train
"to whom it may concern, why is my delivery taking so long? it was supposed to arrive last week. just curious. thanks in advacne",delivery_delay,template,delivery_delay:core2,train
"hi, is the robot vcauum compatible with a standard us outlet?",product_question,template,product_question:core3,train
cancelling order #69929,cancellation,bitext,bitext:cancelling order order number,train
where to see the ETA of the order ORD-64505,order_status,bitext,bitext:where to see the eta of the order order number,train
"Hello, I changed my mind, please cancel my order before it's sent. Whenever you get a chance. Regards, Aisha",cancellation,template,cancellation:core12,test
"Hi, I was charged twice for order ORD-72080, please refund the duplicate charge.",refund_request,template,refund_request:core10,train
"Good morning, The kitchen scale leaked everywhere inside the box, it's ruined. Appreciate any info.",damaged_item,template,damaged_item:core23,train
my order arrived with the box soaked and the backpack inside no longer works. please advise,damaged_item,template,damaged_item:core14,train
"Hi, Please cancel the picture frame order, my address is wrong and I'll reorder. The order is under my partner's name.",cancellation,template,cancellation:core16,train
"Hey, The stand mixer leaked everywhere inside the box, it's ruined. Thanks in advance.",damaged_item,template,damaged_item:core23,train
"I need to track purchase ORD-96761, can I get some help ?",order_status,bitext,bitext:i need to track purchase order number can i get some help,train
is the desk lamp waterproof,product_question,template,product_question:short1,val
"my package showed up tday but the electric kettle inside is dented and doesn't work anymore. this is urgent, i need it for my son's birtday on thursday. cheers, alex",damaged_item,template,damaged_item:core2,train
I'd like to cancel my picture frame order before it ships. The order is under my partner's name. Please advise.,cancellation,template,cancellation:core1,train
"Hello, Just checking in on order ORD-63205. When will it ship? Cheers, Maria",order_status,template,order_status:core1,val
"I have to check purchase 50483 status, I need assistance",order_status,bitext,bitext:i have to check purchase order number status i need assistance,train
need assistance with canceling order ORD-30861,cancellation,bitext,bitext:need assistance with canceling order order number,val
"Hello team, Is the wireless mouse dishwasher safe? Thanks.",product_question,template,product_question:core8,train
i dont knwo how i can cancel purchase #72518,cancellation,bitext,bitext:i dont knwo how i can cancel purchase order number,train
help me seeing in which situations can I ask for a refund,refund_request,bitext,bitext:help me seeing in which situations can i ask for a refund,train
tracking number for #49588?,order_status,template,order_status:short2,train
I need help seeing purchase #17456 current status,order_status,bitext,bitext:i need help seeing purchase order number current status,train
I need to check your reimbursement policy Appreciate any info.,refund_request,bitext,bitext:i need to check your reimbursement policy,train
I can't check if there is anything wrong with my rebate I ordered it as a gift.,refund_request,bitext,bitext:i cant check if there is anything wrong with my rebate,train
"To whom it may concern, Does the suitcase work with 220V outlets abroad?",product_question,template,product_question:core18,val
problems with cancelling order ORD-31417,cancellation,bitext,bitext:problems with cancelling order order number,train
"hey, it's been over a week past the delivery estimate and the courier still hasn't delivered my graden hose. thanks in advance",delivery_delay,template,delivery_delay:core9,train
"Hi, Please cancel the running shoes order, my address is wrong and I'll reorder. No rush on this.",cancellation,template,cancellation:core16,train
I want to see in what cases can I request my money back,refund_request,bitext,bitext:i want to see in what cases can i request my money back,val
"Hi, The mirror arrived with missing pieces and a cracked casing. This is really frustrating. Thank you!",damaged_item,template,damaged_item:core11,train
"Hi, Can I get the monitor engraved or personalized? Thank you!",product_question,template,product_question:core22,val
wanna locate uprchase #75373 can i get some help,order_status,bitext,bitext:wanna locate uprchase order number can i get some help,val
how to cancel order #84341,cancellation,bitext,bitext:how to cancel order order number,val
"hello team, the return email said the refund takes 5 days but it's been 6 days. regards, sam",refund_request,template,refund_request:core9,test
does the mechanical keyboard come in black,product_question,template,product_question:short3,train
"Good morning, Can I cancel order ORD-56255 if it has already shipped? Please advise.",cancellation,template,cancellation:core13,test
"Hey, The coffee maker I bought is bent out of shape, definitely damaged during delivery. I shouldn't have to chase you for this. Please advise.",damaged_item,template,damaged_item:core9,train
"Hello, The shipment has been stuck at the same tracking checkpoint for 2 days now, past the delivery date. I shouldn't have to chase you for this. Please advise.",delivery_delay,template,delivery_delay:core5,val
assistance to check youe money back guarantee,refund_request,bitext,bitext:assistance to check youe money back guarantee,test
"To whom it may concern, My package has said 'delayed in transit' for 3 days. It's time-sensitive. Please advise.",delivery_delay,template,delivery_delay:core21,train
"Hey, Does the throw blanket ship with a charger? Thank you!",product_question,template,product_question:core11,train
"Hello team, Can the refund go to my original payment method? Cheers, Priya",refund_request,template,refund_request:core15,train
I'm usually home in the afternoons. my yoga mat arrived scratched,damaged_item,template,damaged_item:short9,test
package late it's time-sensitive,delivery_delay,template,delivery_delay:short0,train
help to see thje ETA of purchase 68841,order_status,bitext,bitext:help to see thje eta of purchase order number,train
Is the mechanical keyboard waterproof? Appreciate any info. Thanks.,product_question,template,product_question:core21,train
"good morning, i placed my order over a week ago and it still says processing. can you check on it?",order_status,template,order_status:core0,train
"Good morning, The toolset I ordered has a broken part right out of the package. Kind of annoyed at this point.",damaged_item,template,damaged_item:core12,test
"I was charged twice for order ORD-99704, please refund the duplicate charge. I need this sorted out today.",refund_request,template,refund_request:core10,train
"Hi, I was charged $432.15 but you only refunded part of it.",refund_request,template,refund_request:core5,train
"The night lamp I purchased came with a snapped part, unusable as is. Thanks.",damaged_item,template,damaged_item:core15,train
order #46173 late,delivery_delay,template,delivery_delay:short3,train
"good morning, i received a damaged item. my throw blanket won't funtion properly because of visible damage. thank you",damaged_item,template,damaged_item:core13,test
I try to see purchase #53914 status,order_status,bitext,bitext:i try to see purchase order number status,train
"hello team, the gass on my yoga mat was shatered in the box. can i get a replacement or refund? thanks",damaged_item,template,damaged_item:core19,val
"The phone case I bought is bent out of shape, definitely damaged during delivery. Kind of annoyed at this point. Thank you!",damaged_item,template,damaged_item:core9,train
"Hey, What does 'label created' mean on my tracking? Has it actually been picked up? Regards, Tom",order_status,template,order_status:core17,test
"Hello, My order arrived with the box soaked and the electric kettle inside no longer works. I shouldn't have to chase you for this.",damaged_item,template,damaged_item:core14,train
"hello, it's been 4 days past the delivery estimate and the courier still hasn't delivered my kitchen scale. cheers, aisha",delivery_delay,template,delivery_delay:core9,train
"hello, is order ord-99482 still on schedule for delivery!! it's time-sensitive",order_status,template,order_status:core21,train
"Hi there, Do you sell replacement parts for the mechanical keyboard? The order is under my partner's name. Regards, Fatima",product_question,template,product_question:core14,train
honestly i'm at my wits' end. late delivery #32182,delivery_delay,template,delivery_delay:short8,train
"Hi there, My order ORD-96461 is now over a week late. Can you tell me what's causing the delay? I expected better from your store. Regards, Jordan",delivery_delay,template,delivery_delay:core4,val
money back for throw blanket,refund_request,template,refund_request:short8,train
i need assistance to check ur refund policy,refund_request,bitext,bitext:i need assistance to check ur refund policy,train
"Hello, My stand mixer arrived broken into pieces, the packaging was torn open too. It's not a big deal, just wanted to ask. Cheers, Aisha",damaged_item,template,damaged_item:core5,test
"I cannot afford my last item, how can I cancel the order?",cancellation,bitext,bitext:i cannot afford my last item how can i cancel the order,train
"Hi there, The courier attempted delivery once and never came back, now it's been 8 days with no update. Thanks in advance.",delivery_delay,template,delivery_delay:core13,test
"Hello, My order 29786 is now 5 days late. Can you tell me what's causing the delay?",delivery_delay,template,delivery_delay:core4,val
want assistance checking the ETA of orfer 71263,order_status,bitext,bitext:want assistance checking the eta of orfer order number,train
item damaged in shipping,damaged_item,template,damaged_item:short2,train
I want assistance to see the fucking status of the rebate,refund_request,bitext,bitext:i want assistance to see the fucking status of the rebate,val
i'm still waiting on order 29665 that was due 4 days ago!! i will be leaving a one-star review. thank you,delivery_delay,template,delivery_delay:core19,train
"To whom it may concern, The camera tripod leaked everywhere inside the box, it's ruined.",damaged_item,template,damaged_item:core23,train
"Hey, I received my order but the rice cooker is cracked right out of the box. I can send my receipt if needed.",damaged_item,template,damaged_item:core4,test
i have got to obtain a reimbursement of my money,refund_request,bitext,bitext:i have got to obtain a reimbursement of my money,train
Has my desk lamp shipped yet?,order_status,template,order_status:core15,train
my laptop stand is overdue,delivery_delay,template,delivery_delay:short1,test
"I can't afford order ORD-86622, help me cancelling it",cancellation,bitext,bitext:i cant afford order order number help me cancelling it,train
How do I set up my new water bottle? The manual isn't clear. No rush on this. Please advise.,product_question,template,product_question:core9,test
"Good morning, The delivery date keeps changing every time I check, it's now well past the original estimate. Thank you!",delivery_delay,template,delivery_delay:core10,train
want assistance to cancel pyrchase 61876,cancellation,bitext,bitext:want assistance to cancel pyrchase order number,train
I don't know what to do to ask for compensationsof my money,refund_request,bitext,bitext:i dont know what to do to ask for compensationsof my money,train
I'd like to cancel my stand mixer order before it ships.,cancellation,template,cancellation:core1,train
want to cancel my purchase If this isn't fixed I'm filing a chargeback with my bank.,cancellation,template,cancellation:short5,test
"Good morning, I received a damaged item. My stand mixer won't function properly because of visible damage. Thank you!",damaged_item,template,damaged_item:core13,test
my toolset arrived scratched,damaged_item,template,damaged_item:short9,test
"hello, is my package still on track to arirve this week? i can't find any status update. regards, jordan",order_status,template,order_status:core8,train
"Hi there, I was charged twice for order 61037, please refund the duplicate charge. Hope you're having a good day! Thanks in advance.",refund_request,template,refund_request:core10,train
where do i track order ORD-30280,order_status,bitext,bitext:where do i track order order number,train
"Hi, I paid for expedited shipping but my kitchen scale is now later than standard delivery would've been.",delivery_delay,template,delivery_delay:core12,train
The package is overdue by two weeks and the courier won't give me a new date. Thanks in advance.,delivery_delay,template,delivery_delay:core26,train
"To whom it may concern, Why is my delivery taking so long? It was supposed to arrive last week. It's not a big deal, just wanted to ask. Thanks.",delivery_delay,template,delivery_delay:core2,train
"Good morning, Is the winter jacket dishwasher safe? Whenever you get a chance. Thank you!",product_question,template,product_question:core8,train
"To whom it may concern, Please cancel order 68529. No hurry at all. Thank you!",cancellation,template,cancellation:core0,val
what does 'label created' mean on my tracking? has it actually been picked up? thanks in advance,order_status,template,order_status:core17,test
"Hi, The package is overdue by 5 days and the courier won't give me a new date.",delivery_delay,template,delivery_delay:core26,train
"good morning, is the laptop stand waterproof? thanks in advance",product_question,template,product_question:core21,train
"I need to cancel order 30548, I no longer need the rice cooker. I'm usually home in the afternoons.",cancellation,template,cancellation:core5,train
cancel suitcase order,cancellation,template,cancellation:short4,train
"Good morning, I requested a cancellation for order #60741 but it still shows as active. Thanks in advance.",cancellation,template,cancellation:core17,val
What stage is order #60934 at right now? I ordered it as a gift.,order_status,template,order_status:core26,train
